0 verbose cli C:\Program Files\nodejs\node.exe C:\Program Files\nodejs\node_modules\npm\bin\npm-cli.js
1 info using npm@11.11.0
2 info using node@v24.14.1
3 silly config load:file:C:\Program Files\nodejs\node_modules\npm\npmrc
4 silly config load:file:C:\Users\Joaquin\OneDrive\Desktop\Portfolio\3 InsightBoard\insightboard\.npmrc
5 silly config load:file:C:\Users\Joaquin\.npmrc
6 silly config load:file:C:\Users\Joaquin\AppData\Roaming\npm\etc\npmrc
7 verbose title npm install chart.js ng2-charts
8 verbose argv "install" "--cache" ".npm-cache" "chart.js" "ng2-charts"
9 verbose logfile logs-max:10 dir:C:\Users\Joaquin\OneDrive\Desktop\Portfolio\3 InsightBoard\insightboard\.npm-cache\_logs\2026-05-20T16_47_43_518Z-
10 verbose logfile C:\Users\Joaquin\OneDrive\Desktop\Portfolio\3 InsightBoard\insightboard\.npm-cache\_logs\2026-05-20T16_47_43_518Z-debug-0.log
11 silly logfile done cleaning log files
12 silly packumentCache heap:2348810240 maxSize:587202560 maxEntrySize:293601280
13 silly idealTree buildDeps
14 silly fetch manifest @angular/common@^21.2.0
15 silly packumentCache full:https://registry.npmjs.org/@angular%2fcommon cache-miss
16 http fetch GET 200 https://registry.npmjs.org/npm 1271ms
17 http fetch GET 200 https://registry.npmjs.org/@angular%2fcommon 1420ms (cache miss)
18 silly packumentCache full:https://registry.npmjs.org/@angular%2fcommon set size:undefined disposed:false
19 silly fetch manifest @angular/core@^21.2.0
20 silly packumentCache full:https://registry.npmjs.org/@angular%2fcore cache-miss
21 http fetch GET 200 https://registry.npmjs.org/@angular%2fcore 858ms (cache miss)
22 silly packumentCache full:https://registry.npmjs.org/@angular%2fcore set size:undefined disposed:false
23 silly fetch manifest @angular/compiler@^21.2.0
24 silly packumentCache full:https://registry.npmjs.org/@angular%2fcompiler cache-miss
25 http fetch GET 200 https://registry.npmjs.org/@angular%2fcompiler 633ms (cache miss)
26 silly packumentCache full:https://registry.npmjs.org/@angular%2fcompiler set size:undefined disposed:false
27 silly fetch manifest rxjs@~7.8.0
28 silly packumentCache full:https://registry.npmjs.org/rxjs cache-miss
29 http fetch GET 200 https://registry.npmjs.org/rxjs 266ms (cache miss)
30 silly packumentCache full:https://registry.npmjs.org/rxjs set size:undefined disposed:false
31 silly fetch manifest zone.js@~0.15.0 || ~0.16.0
32 silly packumentCache full:https://registry.npmjs.org/zone.js cache-miss
33 http fetch GET 200 https://registry.npmjs.org/zone.js 384ms (cache miss)
34 silly packumentCache full:https://registry.npmjs.org/zone.js set size:undefined disposed:false
35 silly fetch manifest @angular/forms@^21.2.0
36 silly packumentCache full:https://registry.npmjs.org/@angular%2fforms cache-miss
37 http fetch GET 200 https://registry.npmjs.org/@angular%2fforms 728ms (cache miss)
38 silly packumentCache full:https://registry.npmjs.org/@angular%2fforms set size:undefined disposed:false
39 silly fetch manifest @angular/platform-browser@^21.2.0
40 silly packumentCache full:https://registry.npmjs.org/@angular%2fplatform-browser cache-miss
41 http fetch GET 200 https://registry.npmjs.org/@angular%2fplatform-browser 634ms (cache miss)
42 silly packumentCache full:https://registry.npmjs.org/@angular%2fplatform-browser set size:undefined disposed:false
43 silly fetch manifest @angular/animations@21.2.13
44 silly packumentCache full:https://registry.npmjs.org/@angular%2fanimations cache-miss
45 http fetch GET 200 https://registry.npmjs.org/@angular%2fanimations 663ms (cache miss)
46 silly packumentCache full:https://registry.npmjs.org/@angular%2fanimations set size:undefined disposed:false
47 silly fetch manifest @angular/router@^21.2.0
48 silly packumentCache full:https://registry.npmjs.org/@angular%2frouter cache-miss
49 http fetch GET 200 https://registry.npmjs.org/@angular%2frouter 1156ms (cache miss)
50 silly packumentCache full:https://registry.npmjs.org/@angular%2frouter set size:undefined disposed:false
51 silly fetch manifest tslib@^2.3.0
52 silly packumentCache full:https://registry.npmjs.org/tslib cache-miss
53 http fetch GET 200 https://registry.npmjs.org/tslib 97ms (cache miss)
54 silly packumentCache full:https://registry.npmjs.org/tslib set size:undefined disposed:false
55 silly fetch manifest chart.js@*
56 silly packumentCache full:https://registry.npmjs.org/chart.js cache-miss
57 http fetch GET 200 https://registry.npmjs.org/chart.js 153ms (cache miss)
58 silly packumentCache full:https://registry.npmjs.org/chart.js set size:undefined disposed:false
59 silly fetch manifest ng2-charts@*
60 silly packumentCache full:https://registry.npmjs.org/ng2-charts cache-miss
61 http fetch GET 200 https://registry.npmjs.org/ng2-charts 325ms (cache miss)
62 silly packumentCache full:https://registry.npmjs.org/ng2-charts set size:undefined disposed:false
63 silly fetch manifest @angular/cdk@>=21.0.0
64 silly packumentCache full:https://registry.npmjs.org/@angular%2fcdk cache-miss
65 http fetch GET 200 https://registry.npmjs.org/@angular%2fcdk 413ms (cache miss)
66 silly packumentCache full:https://registry.npmjs.org/@angular%2fcdk set size:undefined disposed:false
67 silly fetch manifest @angular/build@^21.2.11
68 silly packumentCache full:https://registry.npmjs.org/@angular%2fbuild cache-miss
69 http fetch GET 200 https://registry.npmjs.org/@angular%2fbuild 354ms (cache miss)
70 silly packumentCache full:https://registry.npmjs.org/@angular%2fbuild set size:undefined disposed:false
71 silly fetch manifest @angular/compiler-cli@^21.2.0
72 silly packumentCache full:https://registry.npmjs.org/@angular%2fcompiler-cli cache-miss
73 http fetch GET 200 https://registry.npmjs.org/@angular%2fcompiler-cli 622ms (cache miss)
74 silly packumentCache full:https://registry.npmjs.org/@angular%2fcompiler-cli set size:undefined disposed:false
75 silly fetch manifest typescript@~5.9.2
76 silly packumentCache full:https://registry.npmjs.org/typescript cache-miss
77 http fetch GET 200 https://registry.npmjs.org/typescript 1885ms (cache miss)
78 silly packumentCache full:https://registry.npmjs.org/typescript set size:undefined disposed:false
79 silly fetch manifest @angular/localize@^21.0.0
80 silly packumentCache full:https://registry.npmjs.org/@angular%2flocalize cache-miss
81 http fetch GET 200 https://registry.npmjs.org/@angular%2flocalize 551ms (cache miss)
82 silly packumentCache full:https://registry.npmjs.org/@angular%2flocalize set size:undefined disposed:false
83 silly fetch manifest @angular/platform-server@^21.0.0
84 silly packumentCache full:https://registry.npmjs.org/@angular%2fplatform-server cache-miss
85 http fetch GET 200 https://registry.npmjs.org/@angular%2fplatform-server 837ms (cache miss)
86 silly packumentCache full:https://registry.npmjs.org/@angular%2fplatform-server set size:undefined disposed:false
87 silly fetch manifest @angular/service-worker@^21.0.0
88 silly packumentCache full:https://registry.npmjs.org/@angular%2fservice-worker cache-miss
89 http fetch GET 200 https://registry.npmjs.org/@angular%2fservice-worker 651ms (cache miss)
90 silly packumentCache full:https://registry.npmjs.org/@angular%2fservice-worker set size:undefined disposed:false
91 silly fetch manifest @angular/ssr@^21.2.11
92 silly packumentCache full:https://registry.npmjs.org/@angular%2fssr cache-miss
93 http fetch GET 200 https://registry.npmjs.org/@angular%2fssr 200ms (cache miss)
94 silly packumentCache full:https://registry.npmjs.org/@angular%2fssr set size:undefined disposed:false
95 silly fetch manifest karma@^6.4.0
96 silly packumentCache full:https://registry.npmjs.org/karma cache-miss
97 http fetch GET 200 https://registry.npmjs.org/karma 362ms (cache miss)
98 silly packumentCache full:https://registry.npmjs.org/karma set size:undefined disposed:false
99 silly fetch manifest less@^4.2.0
100 silly packumentCache full:https://registry.npmjs.org/less cache-miss
101 http fetch GET 200 https://registry.npmjs.org/less 150ms (cache miss)
102 silly packumentCache full:https://registry.npmjs.org/less set size:undefined disposed:false
103 silly fetch manifest ng-packagr@^21.0.0
104 silly packumentCache full:https://registry.npmjs.org/ng-packagr cache-miss
105 http fetch GET 200 https://registry.npmjs.org/ng-packagr 217ms (cache miss)
106 silly packumentCache full:https://registry.npmjs.org/ng-packagr set size:undefined disposed:false
107 silly fetch manifest tailwindcss@^2.0.0 || ^3.0.0 || ^4.0.0
108 silly packumentCache full:https://registry.npmjs.org/tailwindcss cache-miss
109 http fetch GET 200 https://registry.npmjs.org/tailwindcss 1581ms (cache miss)
110 silly packumentCache full:https://registry.npmjs.org/tailwindcss set size:undefined disposed:false
111 silly fetch manifest postcss@^8.4.0
112 silly packumentCache full:https://registry.npmjs.org/postcss cache-miss
113 http fetch GET 200 https://registry.npmjs.org/postcss 236ms (cache miss)
114 silly packumentCache full:https://registry.npmjs.org/postcss set size:undefined disposed:false
115 silly fetch manifest vitest@^4.0.8
116 silly packumentCache full:https://registry.npmjs.org/vitest cache-miss
117 http fetch GET 200 https://registry.npmjs.org/vitest 405ms (cache miss)
118 silly packumentCache full:https://registry.npmjs.org/vitest set size:undefined disposed:false
119 silly fetch manifest @edge-runtime/vm@*
120 silly packumentCache full:https://registry.npmjs.org/@edge-runtime%2fvm cache-miss
121 http fetch GET 200 https://registry.npmjs.org/@edge-runtime%2fvm 151ms (cache miss)
122 silly packumentCache full:https://registry.npmjs.org/@edge-runtime%2fvm set size:undefined disposed:false
123 silly fetch manifest @opentelemetry/api@^1.9.0
124 silly packumentCache full:https://registry.npmjs.org/@opentelemetry%2fapi cache-miss
125 http fetch GET 200 https://registry.npmjs.org/@opentelemetry%2fapi 160ms (cache miss)
126 silly packumentCache full:https://registry.npmjs.org/@opentelemetry%2fapi set size:undefined disposed:false
127 silly fetch manifest @types/node@^20.0.0 || ^22.0.0 || >=24.0.0
128 silly packumentCache full:https://registry.npmjs.org/@types%2fnode cache-miss
129 http fetch GET 200 https://registry.npmjs.org/@types%2fnode 1371ms (cache miss)
130 silly packumentCache full:https://registry.npmjs.org/@types%2fnode set size:undefined disposed:false
131 silly fetch manifest @vitest/browser-playwright@4.1.7
132 silly packumentCache full:https://registry.npmjs.org/@vitest%2fbrowser-playwright cache-miss
133 http fetch GET 200 https://registry.npmjs.org/@vitest%2fbrowser-playwright 129ms (cache miss)
134 silly packumentCache full:https://registry.npmjs.org/@vitest%2fbrowser-playwright set size:undefined disposed:false
135 silly fetch manifest playwright@*
136 silly packumentCache full:https://registry.npmjs.org/playwright cache-miss
137 http fetch GET 200 https://registry.npmjs.org/playwright 2551ms (cache miss)
138 silly packumentCache full:https://registry.npmjs.org/playwright set size:undefined disposed:false
139 silly fetch manifest @vitest/browser-preview@4.1.7
140 silly packumentCache full:https://registry.npmjs.org/@vitest%2fbrowser-preview cache-miss
141 http fetch GET 200 https://registry.npmjs.org/@vitest%2fbrowser-preview 167ms (cache miss)
142 silly packumentCache full:https://registry.npmjs.org/@vitest%2fbrowser-preview set size:undefined disposed:false
143 silly fetch manifest @vitest/browser-webdriverio@4.1.7
144 silly packumentCache full:https://registry.npmjs.org/@vitest%2fbrowser-webdriverio cache-miss
145 http fetch GET 200 https://registry.npmjs.org/@vitest%2fbrowser-webdriverio 113ms (cache miss)
146 silly packumentCache full:https://registry.npmjs.org/@vitest%2fbrowser-webdriverio set size:undefined disposed:false
147 silly fetch manifest webdriverio@*
148 silly packumentCache full:https://registry.npmjs.org/webdriverio cache-miss
149 http fetch GET 200 https://registry.npmjs.org/webdriverio 489ms (cache miss)
150 silly packumentCache full:https://registry.npmjs.org/webdriverio set size:undefined disposed:false
151 silly fetch manifest puppeteer-core@>=22.x || <=24.x
152 silly packumentCache full:https://registry.npmjs.org/puppeteer-core cache-miss
153 http fetch GET 200 https://registry.npmjs.org/puppeteer-core 230ms (cache miss)
154 silly packumentCache full:https://registry.npmjs.org/puppeteer-core set size:undefined disposed:false
155 silly fetch manifest @vitest/coverage-istanbul@4.1.7
156 silly packumentCache full:https://registry.npmjs.org/@vitest%2fcoverage-istanbul cache-miss
157 http fetch GET 200 https://registry.npmjs.org/@vitest%2fcoverage-istanbul 181ms (cache miss)
158 silly packumentCache full:https://registry.npmjs.org/@vitest%2fcoverage-istanbul set size:undefined disposed:false
159 silly fetch manifest @vitest/coverage-v8@4.1.7
160 silly packumentCache full:https://registry.npmjs.org/@vitest%2fcoverage-v8 cache-miss
161 http fetch GET 200 https://registry.npmjs.org/@vitest%2fcoverage-v8 183ms (cache miss)
162 silly packumentCache full:https://registry.npmjs.org/@vitest%2fcoverage-v8 set size:undefined disposed:false
163 silly fetch manifest @vitest/browser@4.1.7
164 silly packumentCache full:https://registry.npmjs.org/@vitest%2fbrowser cache-miss
165 http fetch GET 200 https://registry.npmjs.org/@vitest%2fbrowser 175ms (cache miss)
166 silly packumentCache full:https://registry.npmjs.org/@vitest%2fbrowser set size:undefined disposed:false
167 silly fetch manifest @vitest/ui@4.1.7
168 silly packumentCache full:https://registry.npmjs.org/@vitest%2fui cache-miss
169 http fetch GET 200 https://registry.npmjs.org/@vitest%2fui 253ms (cache miss)
170 silly packumentCache full:https://registry.npmjs.org/@vitest%2fui set size:undefined disposed:false
171 silly fetch manifest happy-dom@*
172 silly packumentCache full:https://registry.npmjs.org/happy-dom cache-miss
173 http fetch GET 200 https://registry.npmjs.org/happy-dom 533ms (cache miss)
174 silly packumentCache full:https://registry.npmjs.org/happy-dom set size:undefined disposed:false
175 silly fetch manifest jsdom@^28.0.0
176 silly packumentCache full:https://registry.npmjs.org/jsdom cache-miss
177 http fetch GET 200 https://registry.npmjs.org/jsdom 570ms (cache miss)
178 silly packumentCache full:https://registry.npmjs.org/jsdom set size:undefined disposed:false
179 silly fetch manifest canvas@^3.0.0
180 silly packumentCache full:https://registry.npmjs.org/canvas cache-miss
181 http fetch GET 200 https://registry.npmjs.org/canvas 152ms (cache miss)
182 silly packumentCache full:https://registry.npmjs.org/canvas set size:undefined disposed:false
183 silly fetch manifest @angular/cli@^21.2.11
184 silly packumentCache full:https://registry.npmjs.org/@angular%2fcli cache-miss
185 http fetch GET 200 https://registry.npmjs.org/@angular%2fcli 893ms (cache miss)
186 silly packumentCache full:https://registry.npmjs.org/@angular%2fcli set size:undefined disposed:false
187 silly fetch manifest prettier@^3.8.1
188 silly packumentCache full:https://registry.npmjs.org/prettier cache-miss
189 http fetch GET 200 https://registry.npmjs.org/prettier 276ms (cache miss)
190 silly packumentCache full:https://registry.npmjs.org/prettier set size:undefined disposed:false
191 silly placeDep ROOT @angular/build@21.2.11 OK for: insightboard@0.0.0 want: ^21.2.11
192 silly placeDep ROOT tslib@2.8.1 OK for: @angular/build@21.2.11 want: ^2.3.0
193 silly placeDep ROOT typescript@5.9.3 OK for: @angular/build@21.2.11 want: >=5.9 <6.0
194 silly placeDep ROOT @angular/compiler@21.2.13 OK for: @angular/build@21.2.11 want: ^21.0.0
195 silly placeDep ROOT @angular/compiler-cli@21.2.13 OK for: @angular/build@21.2.11 want: ^21.0.0
196 silly placeDep ROOT @angular/cli@21.2.11 OK for: insightboard@0.0.0 want: ^21.2.11
197 silly placeDep ROOT @angular/common@21.2.13 OK for: insightboard@0.0.0 want: ^21.2.0
198 silly placeDep ROOT rxjs@7.8.2 OK for: @angular/common@21.2.13 want: ^6.5.3 || ^7.4.0
199 silly placeDep ROOT @angular/core@21.2.13 OK for: @angular/common@21.2.13 want: 21.2.13
200 silly placeDep ROOT @angular/forms@21.2.13 OK for: insightboard@0.0.0 want: ^21.2.0
201 silly placeDep ROOT @angular/platform-browser@21.2.13 OK for: @angular/forms@21.2.13 want: 21.2.13
202 silly placeDep ROOT @angular/router@21.2.13 OK for: insightboard@0.0.0 want: ^21.2.0
203 silly placeDep ROOT chart.js@4.5.1 OK for: insightboard@0.0.0 want: *
204 silly placeDep ROOT jsdom@28.1.0 OK for: insightboard@0.0.0 want: ^28.0.0
205 silly placeDep ROOT ng2-charts@10.0.0 OK for: insightboard@0.0.0 want: *
206 silly placeDep ROOT @angular/cdk@21.2.11 OK for: ng2-charts@10.0.0 want: >=21.0.0
207 silly placeDep ROOT prettier@3.8.3 OK for: insightboard@0.0.0 want: ^3.8.1
208 silly placeDep ROOT vitest@4.1.7 OK for: insightboard@0.0.0 want: ^4.0.8
209 silly fetch manifest sass@1.97.3
210 silly packumentCache full:https://registry.npmjs.org/sass cache-miss
211 silly fetch manifest vite@7.3.2
212 silly packumentCache full:https://registry.npmjs.org/vite cache-miss
213 silly fetch manifest listr2@9.0.5
214 silly packumentCache full:https://registry.npmjs.org/listr2 cache-miss
215 silly fetch manifest mrmime@2.0.1
216 silly packumentCache full:https://registry.npmjs.org/mrmime cache-miss
217 silly fetch manifest semver@7.7.4
218 silly packumentCache full:https://registry.npmjs.org/semver cache-miss
219 silly fetch manifest undici@7.24.4
220 silly packumentCache full:https://registry.npmjs.org/undici cache-miss
221 silly fetch manifest esbuild@0.27.3
222 silly packumentCache full:https://registry.npmjs.org/esbuild cache-miss
223 http fetch GET 200 https://registry.npmjs.org/sass 502ms (cache miss)
224 silly packumentCache full:https://registry.npmjs.org/sass set size:undefined disposed:false
225 silly fetch manifest piscina@5.1.4
226 silly packumentCache full:https://registry.npmjs.org/piscina cache-miss
227 http fetch GET 200 https://registry.npmjs.org/piscina 270ms (cache miss)
228 silly packumentCache full:https://registry.npmjs.org/piscina set size:undefined disposed:false
229 silly fetch manifest beasties@0.4.1
230 silly packumentCache full:https://registry.npmjs.org/beasties cache-miss
231 http fetch GET 200 https://registry.npmjs.org/mrmime 899ms (cache miss)
232 silly packumentCache full:https://registry.npmjs.org/mrmime set size:undefined disposed:false
233 silly fetch manifest rolldown@1.0.0-rc.4
234 silly packumentCache full:https://registry.npmjs.org/rolldown cache-miss
235 http fetch GET 200 https://registry.npmjs.org/semver 1153ms (cache miss)
236 silly packumentCache full:https://registry.npmjs.org/semver set size:undefined disposed:false
237 silly fetch manifest picomatch@4.0.4
238 silly packumentCache full:https://registry.npmjs.org/picomatch cache-miss
239 http fetch GET 200 https://registry.npmjs.org/beasties 487ms (cache miss)
240 silly packumentCache full:https://registry.npmjs.org/beasties set size:undefined disposed:false
241 silly fetch manifest watchpack@2.5.1
242 silly packumentCache full:https://registry.npmjs.org/watchpack cache-miss
243 http fetch GET 200 https://registry.npmjs.org/picomatch 539ms (cache miss)
244 silly packumentCache full:https://registry.npmjs.org/picomatch set size:undefined disposed:false
245 silly fetch manifest tinyglobby@0.2.15
246 silly packumentCache full:https://registry.npmjs.org/tinyglobby cache-miss
247 http fetch GET 200 https://registry.npmjs.org/watchpack 596ms (cache miss)
248 silly packumentCache full:https://registry.npmjs.org/watchpack set size:undefined disposed:false
249 silly fetch manifest @babel/core@7.29.0
250 silly packumentCache full:https://registry.npmjs.org/@babel%2fcore cache-miss
251 http fetch GET 200 https://registry.npmjs.org/undici 1948ms (cache miss)
252 silly packumentCache full:https://registry.npmjs.org/undici set size:undefined disposed:false
253 silly fetch manifest browserslist@^4.26.0
254 silly packumentCache full:https://registry.npmjs.org/browserslist cache-miss
255 http fetch GET 200 https://registry.npmjs.org/tinyglobby 390ms (cache miss)
256 silly packumentCache full:https://registry.npmjs.org/tinyglobby set size:undefined disposed:false
257 silly fetch manifest jsonc-parser@3.3.1
258 silly packumentCache full:https://registry.npmjs.org/jsonc-parser cache-miss
259 http fetch GET 200 https://registry.npmjs.org/listr2 2196ms (cache miss)
260 silly packumentCache full:https://registry.npmjs.org/listr2 set size:undefined disposed:false
261 silly fetch manifest magic-string@0.30.21
262 silly packumentCache full:https://registry.npmjs.org/magic-string cache-miss
263 http fetch GET 200 https://registry.npmjs.org/@babel%2fcore 479ms (cache miss)
264 silly packumentCache full:https://registry.npmjs.org/@babel%2fcore set size:undefined disposed:false
265 silly fetch manifest @inquirer/confirm@5.1.21
266 silly packumentCache full:https://registry.npmjs.org/@inquirer%2fconfirm cache-miss
267 http fetch GET 200 https://registry.npmjs.org/jsonc-parser 403ms (cache miss)
268 silly packumentCache full:https://registry.npmjs.org/jsonc-parser set size:undefined disposed:false
269 silly fetch manifest https-proxy-agent@7.0.6
270 silly packumentCache full:https://registry.npmjs.org/https-proxy-agent cache-miss
271 http fetch GET 200 https://registry.npmjs.org/rolldown 1671ms (cache miss)
272 silly packumentCache full:https://registry.npmjs.org/rolldown set size:undefined disposed:false
273 silly fetch manifest source-map-support@0.5.21
274 silly packumentCache full:https://registry.npmjs.org/source-map-support cache-miss
275 http fetch GET 200 https://registry.npmjs.org/magic-string 503ms (cache miss)
276 silly packumentCache full:https://registry.npmjs.org/magic-string set size:undefined disposed:false
277 silly fetch manifest @ampproject/remapping@2.3.0
278 silly packumentCache full:https://registry.npmjs.org/@ampproject%2fremapping cache-miss
279 http fetch GET 200 https://registry.npmjs.org/browserslist 771ms (cache miss)
280 silly packumentCache full:https://registry.npmjs.org/browserslist set size:undefined disposed:false
281 silly fetch manifest istanbul-lib-instrument@6.0.3
282 silly packumentCache full:https://registry.npmjs.org/istanbul-lib-instrument cache-miss
283 http fetch GET 200 https://registry.npmjs.org/@inquirer%2fconfirm 627ms (cache miss)
284 silly packumentCache full:https://registry.npmjs.org/@inquirer%2fconfirm set size:undefined disposed:false
285 silly fetch manifest @vitejs/plugin-basic-ssl@2.1.4
286 silly packumentCache full:https://registry.npmjs.org/@vitejs%2fplugin-basic-ssl cache-miss
287 http fetch GET 200 https://registry.npmjs.org/esbuild 3056ms (cache miss)
288 silly packumentCache full:https://registry.npmjs.org/esbuild set size:undefined disposed:false
289 silly fetch manifest @angular-devkit/architect@0.2102.11
290 silly packumentCache full:https://registry.npmjs.org/@angular-devkit%2farchitect cache-miss
291 http fetch GET 200 https://registry.npmjs.org/https-proxy-agent 595ms (cache miss)
292 silly packumentCache full:https://registry.npmjs.org/https-proxy-agent set size:undefined disposed:false
293 silly fetch manifest parse5-html-rewriting-stream@8.0.0
294 silly packumentCache full:https://registry.npmjs.org/parse5-html-rewriting-stream cache-miss
295 http fetch GET 200 https://registry.npmjs.org/source-map-support 549ms (cache miss)
296 silly packumentCache full:https://registry.npmjs.org/source-map-support set size:undefined disposed:false
297 silly fetch manifest @babel/helper-annotate-as-pure@7.27.3
298 silly packumentCache full:https://registry.npmjs.org/@babel%2fhelper-annotate-as-pure cache-miss
299 http fetch GET 200 https://registry.npmjs.org/istanbul-lib-instrument 426ms (cache miss)
300 silly packumentCache full:https://registry.npmjs.org/istanbul-lib-instrument set size:undefined disposed:false
301 silly fetch manifest @babel/helper-split-export-declaration@7.24.7
302 silly packumentCache full:https://registry.npmjs.org/@babel%2fhelper-split-export-declaration cache-miss
303 http fetch GET 200 https://registry.npmjs.org/@ampproject%2fremapping 483ms (cache miss)
304 silly packumentCache full:https://registry.npmjs.org/@ampproject%2fremapping set size:undefined disposed:false
305 silly fetch manifest lmdb@3.5.1
306 silly packumentCache full:https://registry.npmjs.org/lmdb cache-miss
307 http fetch GET 200 https://registry.npmjs.org/parse5-html-rewriting-stream 270ms (cache miss)
308 silly packumentCache full:https://registry.npmjs.org/parse5-html-rewriting-stream set size:undefined disposed:false
309 silly fetch manifest yargs@^18.0.0
310 silly packumentCache full:https://registry.npmjs.org/yargs cache-miss
311 http fetch GET 200 https://registry.npmjs.org/@vitejs%2fplugin-basic-ssl 463ms (cache miss)
312 silly packumentCache full:https://registry.npmjs.org/@vitejs%2fplugin-basic-ssl set size:undefined disposed:false
313 silly fetch manifest semver@^7.0.0
314 silly packumentCache full:https://registry.npmjs.org/semver cache-miss
315 http cache https://registry.npmjs.org/semver 19ms (cache hit)
316 silly packumentCache full:https://registry.npmjs.org/semver set size:233058 disposed:false
317 silly fetch manifest chokidar@^5.0.0
318 silly packumentCache full:https://registry.npmjs.org/chokidar cache-miss
319 http fetch GET 200 https://registry.npmjs.org/@babel%2fhelper-annotate-as-pure 365ms (cache miss)
320 silly packumentCache full:https://registry.npmjs.org/@babel%2fhelper-annotate-as-pure set size:undefined disposed:false
321 silly fetch manifest reflect-metadata@^0.2.0
322 silly packumentCache full:https://registry.npmjs.org/reflect-metadata cache-miss
323 http fetch GET 200 https://registry.npmjs.org/@babel%2fhelper-split-export-declaration 529ms (cache miss)
324 silly packumentCache full:https://registry.npmjs.org/@babel%2fhelper-split-export-declaration set size:undefined disposed:false
325 silly fetch manifest convert-source-map@^1.5.1
326 silly packumentCache full:https://registry.npmjs.org/convert-source-map cache-miss
327 http fetch GET 200 https://registry.npmjs.org/reflect-metadata 344ms (cache miss)
328 silly packumentCache full:https://registry.npmjs.org/reflect-metadata set size:undefined disposed:false
329 silly fetch manifest @jridgewell/sourcemap-codec@^1.4.14
330 silly packumentCache full:https://registry.npmjs.org/@jridgewell%2fsourcemap-codec cache-miss
331 http fetch GET 200 https://registry.npmjs.org/lmdb 693ms (cache miss)
332 silly packumentCache full:https://registry.npmjs.org/lmdb set size:undefined disposed:false
333 silly fetch manifest ini@6.0.0
334 silly packumentCache full:https://registry.npmjs.org/ini cache-miss
335 http fetch GET 200 https://registry.npmjs.org/chokidar 428ms (cache miss)
336 silly packumentCache full:https://registry.npmjs.org/chokidar set size:undefined disposed:false
337 silly fetch manifest zod@4.3.6
338 silly packumentCache full:https://registry.npmjs.org/zod cache-miss
339 http fetch GET 200 https://registry.npmjs.org/convert-source-map 302ms (cache miss)
340 silly packumentCache full:https://registry.npmjs.org/convert-source-map set size:undefined disposed:false
341 silly fetch manifest yargs@18.0.0
342 silly packumentCache full:https://registry.npmjs.org/yargs cache-miss
343 http fetch GET 200 https://registry.npmjs.org/yargs 690ms (cache miss)
344 silly packumentCache full:https://registry.npmjs.org/yargs set size:undefined disposed:false
345 silly fetch manifest pacote@21.3.1
346 silly packumentCache full:https://registry.npmjs.org/pacote cache-miss
347 http fetch GET 200 https://registry.npmjs.org/@jridgewell%2fsourcemap-codec 323ms (cache miss)
348 silly packumentCache full:https://registry.npmjs.org/@jridgewell%2fsourcemap-codec set size:undefined disposed:false
349 silly fetch manifest algoliasearch@5.48.1
350 silly packumentCache full:https://registry.npmjs.org/algoliasearch cache-miss
351 http fetch GET 200 https://registry.npmjs.org/ini 316ms (cache miss)
352 silly packumentCache full:https://registry.npmjs.org/ini set size:undefined disposed:false
353 silly fetch manifest npm-package-arg@13.0.2
354 silly packumentCache full:https://registry.npmjs.org/npm-package-arg cache-miss
355 http fetch GET 200 https://registry.npmjs.org/npm-package-arg 284ms (cache miss)
356 silly packumentCache full:https://registry.npmjs.org/npm-package-arg set size:undefined disposed:false
357 silly fetch manifest @inquirer/prompts@7.10.1
358 silly packumentCache full:https://registry.npmjs.org/@inquirer%2fprompts cache-miss
359 http fetch GET 200 https://registry.npmjs.org/yargs 632ms (cache miss)
360 silly packumentCache full:https://registry.npmjs.org/yargs set size:undefined disposed:false
361 silly fetch manifest @yarnpkg/lockfile@1.1.0
362 silly packumentCache full:https://registry.npmjs.org/@yarnpkg%2flockfile cache-miss
363 http fetch GET 200 https://registry.npmjs.org/pacote 616ms (cache miss)
364 silly packumentCache full:https://registry.npmjs.org/pacote set size:undefined disposed:false
365 silly fetch manifest @schematics/angular@21.2.11
366 silly packumentCache full:https://registry.npmjs.org/@schematics%2fangular cache-miss
367 http fetch GET 200 https://registry.npmjs.org/@inquirer%2fprompts 387ms (cache miss)
368 silly packumentCache full:https://registry.npmjs.org/@inquirer%2fprompts set size:undefined disposed:false
369 silly fetch manifest @angular-devkit/core@21.2.11
370 silly packumentCache full:https://registry.npmjs.org/@angular-devkit%2fcore cache-miss
371 http fetch GET 200 https://registry.npmjs.org/@yarnpkg%2flockfile 284ms (cache miss)
372 silly packumentCache full:https://registry.npmjs.org/@yarnpkg%2flockfile set size:undefined disposed:false
373 silly fetch manifest @angular-devkit/architect@0.2102.11
374 silly packumentCache full:https://registry.npmjs.org/@angular-devkit%2farchitect cache-miss
375 http fetch GET 200 https://registry.npmjs.org/algoliasearch 956ms (cache miss)
376 silly packumentCache full:https://registry.npmjs.org/algoliasearch set size:undefined disposed:false
377 silly fetch manifest @modelcontextprotocol/sdk@1.26.0
378 silly packumentCache full:https://registry.npmjs.org/@modelcontextprotocol%2fsdk cache-miss
379 http fetch GET 200 https://registry.npmjs.org/@modelcontextprotocol%2fsdk 1144ms (cache miss)
380 silly packumentCache full:https://registry.npmjs.org/@modelcontextprotocol%2fsdk set size:undefined disposed:false
381 silly fetch manifest @angular-devkit/schematics@21.2.11
382 silly packumentCache full:https://registry.npmjs.org/@angular-devkit%2fschematics cache-miss
383 http fetch GET 200 https://registry.npmjs.org/@angular-devkit%2farchitect 3393ms (cache miss)
384 silly packumentCache full:https://registry.npmjs.org/@angular-devkit%2farchitect set size:undefined disposed:false
385 silly fetch manifest @listr2/prompt-adapter-inquirer@3.0.5
386 silly packumentCache full:https://registry.npmjs.org/@listr2%2fprompt-adapter-inquirer cache-miss
387 http fetch GET 200 https://registry.npmjs.org/@angular-devkit%2fcore 1592ms (cache miss)
388 silly packumentCache full:https://registry.npmjs.org/@angular-devkit%2fcore set size:undefined disposed:false
389 silly fetch manifest @standard-schema/spec@^1.0.0
390 silly packumentCache full:https://registry.npmjs.org/@standard-schema%2fspec cache-miss
391 http fetch GET 200 https://registry.npmjs.org/@standard-schema%2fspec 242ms (cache miss)
392 silly packumentCache full:https://registry.npmjs.org/@standard-schema%2fspec set size:undefined disposed:false
393 silly fetch manifest @kurkle/color@^0.3.0
394 silly packumentCache full:https://registry.npmjs.org/@kurkle%2fcolor cache-miss
395 http fetch GET 200 https://registry.npmjs.org/@listr2%2fprompt-adapter-inquirer 295ms (cache miss)
396 silly packumentCache full:https://registry.npmjs.org/@listr2%2fprompt-adapter-inquirer set size:undefined disposed:false
397 silly fetch manifest saxes@^6.0.0
398 silly packumentCache full:https://registry.npmjs.org/saxes cache-miss
399 http fetch GET 200 https://registry.npmjs.org/@kurkle%2fcolor 362ms (cache miss)
400 silly packumentCache full:https://registry.npmjs.org/@kurkle%2fcolor set size:undefined disposed:false
401 silly fetch manifest parse5@^8.0.0
402 silly packumentCache full:https://registry.npmjs.org/parse5 cache-miss
403 http fetch GET 200 https://registry.npmjs.org/zod 3270ms (cache miss)
404 silly packumentCache full:https://registry.npmjs.org/zod set size:undefined disposed:false
405 silly fetch manifest undici@^7.21.0
406 silly packumentCache full:https://registry.npmjs.org/undici cache-miss
407 http cache https://registry.npmjs.org/undici 16ms (cache hit)
408 silly packumentCache full:https://registry.npmjs.org/undici set size:1412963 disposed:false
409 silly fetch manifest cssstyle@^6.0.1
410 silly packumentCache full:https://registry.npmjs.org/cssstyle cache-miss
411 http fetch GET 200 https://registry.npmjs.org/saxes 670ms (cache miss)
412 silly packumentCache full:https://registry.npmjs.org/saxes set size:undefined disposed:false
413 silly fetch manifest data-urls@^7.0.0
414 silly packumentCache full:https://registry.npmjs.org/data-urls cache-miss
415 http fetch GET 200 https://registry.npmjs.org/@angular-devkit%2farchitect 2532ms (cache miss)
416 silly packumentCache full:https://registry.npmjs.org/@angular-devkit%2farchitect set size:undefined disposed:false
417 silly fetch manifest decimal.js@^10.6.0
418 silly packumentCache full:https://registry.npmjs.org/decimal.js cache-miss
419 http fetch GET 200 https://registry.npmjs.org/parse5 374ms (cache miss)
420 silly packumentCache full:https://registry.npmjs.org/parse5 set size:undefined disposed:false
421 silly fetch manifest whatwg-url@^16.0.0
422 silly packumentCache full:https://registry.npmjs.org/whatwg-url cache-miss
423 http fetch GET 200 https://registry.npmjs.org/vite 7545ms (cache miss)
424 silly packumentCache full:https://registry.npmjs.org/vite set size:undefined disposed:false
425 silly fetch manifest symbol-tree@^3.2.4
426 silly packumentCache full:https://registry.npmjs.org/symbol-tree cache-miss
427 http fetch GET 200 https://registry.npmjs.org/data-urls 413ms (cache miss)
428 silly packumentCache full:https://registry.npmjs.org/data-urls set size:undefined disposed:false
429 silly fetch manifest tough-cookie@^6.0.0
430 silly packumentCache full:https://registry.npmjs.org/tough-cookie cache-miss
431 http fetch GET 200 https://registry.npmjs.org/cssstyle 616ms (cache miss)
432 silly packumentCache full:https://registry.npmjs.org/cssstyle set size:undefined disposed:false
433 silly fetch manifest @acemir/cssom@^0.9.31
434 silly packumentCache full:https://registry.npmjs.org/@acemir%2fcssom cache-miss
435 http fetch GET 200 https://registry.npmjs.org/decimal.js 387ms (cache miss)
436 silly packumentCache full:https://registry.npmjs.org/decimal.js set size:undefined disposed:false
437 silly fetch manifest @exodus/bytes@^1.11.0
438 silly packumentCache full:https://registry.npmjs.org/@exodus%2fbytes cache-miss
439 http fetch GET 200 https://registry.npmjs.org/whatwg-url 365ms (cache miss)
440 silly packumentCache full:https://registry.npmjs.org/whatwg-url set size:undefined disposed:false
441 silly fetch manifest whatwg-mimetype@^5.0.0
442 silly packumentCache full:https://registry.npmjs.org/whatwg-mimetype cache-miss
443 http fetch GET 200 https://registry.npmjs.org/@schematics%2fangular 3193ms (cache miss)
444 silly packumentCache full:https://registry.npmjs.org/@schematics%2fangular set size:undefined disposed:false
445 silly fetch manifest http-proxy-agent@^7.0.2
446 silly packumentCache full:https://registry.npmjs.org/http-proxy-agent cache-miss
447 http fetch GET 200 https://registry.npmjs.org/symbol-tree 178ms (cache miss)
448 silly packumentCache full:https://registry.npmjs.org/symbol-tree set size:undefined disposed:false
449 silly fetch manifest https-proxy-agent@^7.0.6
450 silly packumentCache full:https://registry.npmjs.org/https-proxy-agent cache-miss
451 http cache https://registry.npmjs.org/https-proxy-agent 15ms (cache hit)
452 silly packumentCache full:https://registry.npmjs.org/https-proxy-agent set size:81258 disposed:false
453 silly fetch manifest w3c-xmlserializer@^5.0.0
454 silly packumentCache full:https://registry.npmjs.org/w3c-xmlserializer cache-miss
455 http fetch GET 200 https://registry.npmjs.org/whatwg-mimetype 160ms (cache miss)
456 silly packumentCache full:https://registry.npmjs.org/whatwg-mimetype set size:undefined disposed:false
457 silly fetch manifest webidl-conversions@^8.0.1
458 silly packumentCache full:https://registry.npmjs.org/webidl-conversions cache-miss
459 http fetch GET 200 https://registry.npmjs.org/@acemir%2fcssom 184ms (cache miss)
460 silly packumentCache full:https://registry.npmjs.org/@acemir%2fcssom set size:undefined disposed:false
461 silly fetch manifest xml-name-validator@^5.0.0
462 silly packumentCache full:https://registry.npmjs.org/xml-name-validator cache-miss
463 http fetch GET 200 https://registry.npmjs.org/http-proxy-agent 146ms (cache miss)
464 silly packumentCache full:https://registry.npmjs.org/http-proxy-agent set size:undefined disposed:false
465 silly fetch manifest @bramus/specificity@^2.4.2
466 silly packumentCache full:https://registry.npmjs.org/@bramus%2fspecificity cache-miss
467 http fetch GET 200 https://registry.npmjs.org/tough-cookie 206ms (cache miss)
468 silly packumentCache full:https://registry.npmjs.org/tough-cookie set size:undefined disposed:false
469 silly fetch manifest html-encoding-sniffer@^6.0.0
470 silly packumentCache full:https://registry.npmjs.org/html-encoding-sniffer cache-miss
471 http fetch GET 200 https://registry.npmjs.org/@angular-devkit%2fschematics 1758ms (cache miss)
472 silly packumentCache full:https://registry.npmjs.org/@angular-devkit%2fschematics set size:undefined disposed:false
473 silly fetch manifest @asamuzakjp/dom-selector@^6.8.1
474 silly packumentCache full:https://registry.npmjs.org/@asamuzakjp%2fdom-selector cache-miss
475 http fetch GET 200 https://registry.npmjs.org/@exodus%2fbytes 236ms (cache miss)
476 silly packumentCache full:https://registry.npmjs.org/@exodus%2fbytes set size:undefined disposed:false
477 silly fetch manifest is-potential-custom-element-name@^1.0.1
478 silly packumentCache full:https://registry.npmjs.org/is-potential-custom-element-name cache-miss
479 http fetch GET 200 https://registry.npmjs.org/w3c-xmlserializer 102ms (cache miss)
480 silly packumentCache full:https://registry.npmjs.org/w3c-xmlserializer set size:undefined disposed:false
481 silly fetch manifest es-toolkit@^1.39.7
482 silly packumentCache full:https://registry.npmjs.org/es-toolkit cache-miss
483 http fetch GET 200 https://registry.npmjs.org/xml-name-validator 93ms (cache miss)
484 silly packumentCache full:https://registry.npmjs.org/xml-name-validator set size:undefined disposed:false
485 silly fetch manifest es-module-lexer@^2.0.0
486 silly packumentCache full:https://registry.npmjs.org/es-module-lexer cache-miss
487 http fetch GET 200 https://registry.npmjs.org/html-encoding-sniffer 102ms (cache miss)
488 silly packumentCache full:https://registry.npmjs.org/html-encoding-sniffer set size:undefined disposed:false
489 silly fetch manifest expect-type@^1.3.0
490 silly packumentCache full:https://registry.npmjs.org/expect-type cache-miss
491 http fetch GET 200 https://registry.npmjs.org/webidl-conversions 147ms (cache miss)
492 silly packumentCache full:https://registry.npmjs.org/webidl-conversions set size:undefined disposed:false
493 silly fetch manifest magic-string@^0.30.21
494 silly packumentCache full:https://registry.npmjs.org/magic-string cache-miss
495 http fetch GET 200 https://registry.npmjs.org/is-potential-custom-element-name 88ms (cache miss)
496 silly packumentCache full:https://registry.npmjs.org/is-potential-custom-element-name set size:undefined disposed:false
497 silly fetch manifest obug@^2.1.1
498 silly packumentCache full:https://registry.npmjs.org/obug cache-miss
499 http cache https://registry.npmjs.org/magic-string 11ms (cache hit)
500 silly packumentCache full:https://registry.npmjs.org/magic-string set size:331817 disposed:false
501 silly fetch manifest pathe@^2.0.3
502 silly packumentCache full:https://registry.npmjs.org/pathe cache-miss
503 http fetch GET 200 https://registry.npmjs.org/@bramus%2fspecificity 156ms (cache miss)
504 silly packumentCache full:https://registry.npmjs.org/@bramus%2fspecificity set size:undefined disposed:false
505 silly fetch manifest picomatch@^4.0.3
506 silly packumentCache full:https://registry.npmjs.org/picomatch cache-miss
507 http cache https://registry.npmjs.org/picomatch 24ms (cache hit)
508 silly packumentCache full:https://registry.npmjs.org/picomatch set size:126376 disposed:false
509 silly fetch manifest std-env@^4.0.0-rc.1
510 silly packumentCache full:https://registry.npmjs.org/std-env cache-miss
511 http fetch GET 200 https://registry.npmjs.org/obug 110ms (cache miss)
512 silly packumentCache full:https://registry.npmjs.org/obug set size:undefined disposed:false
513 silly fetch manifest tinybench@^2.9.0
514 silly packumentCache full:https://registry.npmjs.org/tinybench cache-miss
515 http fetch GET 200 https://registry.npmjs.org/expect-type 226ms (cache miss)
516 silly packumentCache full:https://registry.npmjs.org/expect-type set size:undefined disposed:false
517 silly fetch manifest tinyexec@^1.0.2
518 silly packumentCache full:https://registry.npmjs.org/tinyexec cache-miss
519 http fetch GET 200 https://registry.npmjs.org/es-module-lexer 264ms (cache miss)
520 silly packumentCache full:https://registry.npmjs.org/es-module-lexer set size:undefined disposed:false
521 silly fetch manifest tinyglobby@^0.2.15
522 silly packumentCache full:https://registry.npmjs.org/tinyglobby cache-miss
523 http cache https://registry.npmjs.org/tinyglobby 12ms (cache hit)
524 silly packumentCache full:https://registry.npmjs.org/tinyglobby set size:52660 disposed:false
525 silly fetch manifest tinyrainbow@^3.1.0
526 silly packumentCache full:https://registry.npmjs.org/tinyrainbow cache-miss
527 http fetch GET 200 https://registry.npmjs.org/std-env 186ms (cache miss)
528 silly packumentCache full:https://registry.npmjs.org/std-env set size:undefined disposed:false
529 silly fetch manifest vite@^6.0.0 || ^7.0.0 || ^8.0.0
530 silly packumentCache full:https://registry.npmjs.org/vite cache-miss
531 http fetch GET 200 https://registry.npmjs.org/pathe 244ms (cache miss)
532 silly packumentCache full:https://registry.npmjs.org/pathe set size:undefined disposed:false
533 silly fetch manifest why-is-node-running@^2.3.0
534 silly packumentCache full:https://registry.npmjs.org/why-is-node-running cache-miss
535 http cache https://registry.npmjs.org/vite 194ms (cache hit)
536 silly packumentCache full:https://registry.npmjs.org/vite set size:38838042 disposed:false
537 silly fetch manifest @vitest/pretty-format@4.1.7
538 silly packumentCache full:https://registry.npmjs.org/@vitest%2fpretty-format cache-miss
539 http fetch GET 200 https://registry.npmjs.org/tinyexec 606ms (cache miss)
540 silly packumentCache full:https://registry.npmjs.org/tinyexec set size:undefined disposed:false
541 silly fetch manifest @vitest/expect@4.1.7
542 silly packumentCache full:https://registry.npmjs.org/@vitest%2fexpect cache-miss
543 http fetch GET 200 https://registry.npmjs.org/tinyrainbow 589ms (cache miss)
544 silly packumentCache full:https://registry.npmjs.org/tinyrainbow set size:undefined disposed:false
545 silly fetch manifest @vitest/runner@4.1.7
546 silly packumentCache full:https://registry.npmjs.org/@vitest%2frunner cache-miss
547 http fetch GET 200 https://registry.npmjs.org/why-is-node-running 567ms (cache miss)
548 silly packumentCache full:https://registry.npmjs.org/why-is-node-running set size:undefined disposed:false
549 silly fetch manifest @vitest/spy@4.1.7
550 silly packumentCache full:https://registry.npmjs.org/@vitest%2fspy cache-miss
551 http fetch GET 200 https://registry.npmjs.org/@asamuzakjp%2fdom-selector 931ms (cache miss)
552 silly packumentCache full:https://registry.npmjs.org/@asamuzakjp%2fdom-selector set size:undefined disposed:false
553 silly fetch manifest @vitest/mocker@4.1.7
554 silly packumentCache full:https://registry.npmjs.org/@vitest%2fmocker cache-miss
555 http fetch GET 200 https://registry.npmjs.org/tinybench 741ms (cache miss)
556 silly packumentCache full:https://registry.npmjs.org/tinybench set size:undefined disposed:false
557 silly fetch manifest @vitest/snapshot@4.1.7
558 silly packumentCache full:https://registry.npmjs.org/@vitest%2fsnapshot cache-miss
559 http fetch GET 200 https://registry.npmjs.org/es-toolkit 1021ms (cache miss)
560 silly packumentCache full:https://registry.npmjs.org/es-toolkit set size:undefined disposed:false
561 silly fetch manifest @vitest/utils@4.1.7
562 silly packumentCache full:https://registry.npmjs.org/@vitest%2futils cache-miss
563 http fetch GET 200 https://registry.npmjs.org/@vitest%2fmocker 297ms (cache miss)
564 silly packumentCache full:https://registry.npmjs.org/@vitest%2fmocker set size:undefined disposed:false
565 http fetch GET 200 https://registry.npmjs.org/@vitest%2fsnapshot 296ms (cache miss)
566 silly packumentCache full:https://registry.npmjs.org/@vitest%2fsnapshot set size:undefined disposed:false
567 http fetch GET 200 https://registry.npmjs.org/@vitest%2fspy 334ms (cache miss)
568 silly packumentCache full:https://registry.npmjs.org/@vitest%2fspy set size:undefined disposed:false
569 http fetch GET 200 https://registry.npmjs.org/@vitest%2fpretty-format 408ms (cache miss)
570 silly packumentCache full:https://registry.npmjs.org/@vitest%2fpretty-format set size:undefined disposed:false
571 http fetch GET 200 https://registry.npmjs.org/@vitest%2frunner 363ms (cache miss)
572 silly packumentCache full:https://registry.npmjs.org/@vitest%2frunner set size:undefined disposed:false
573 http fetch GET 200 https://registry.npmjs.org/@vitest%2fexpect 386ms (cache miss)
574 silly packumentCache full:https://registry.npmjs.org/@vitest%2fexpect set size:undefined disposed:false
575 http fetch GET 200 https://registry.npmjs.org/@vitest%2futils 210ms (cache miss)
576 silly packumentCache full:https://registry.npmjs.org/@vitest%2futils set size:undefined disposed:false
577 silly fetch manifest @types/node@^20.19.0 || >=22.12.0
578 silly packumentCache full:https://registry.npmjs.org/@types%2fnode cache-miss
579 http cache https://registry.npmjs.org/@types%2fnode 61ms (cache hit)
580 silly packumentCache full:https://registry.npmjs.org/@types%2fnode set size:11015753 disposed:false
581 silly fetch manifest jiti@>=1.21.0
582 silly packumentCache full:https://registry.npmjs.org/jiti cache-miss
583 http fetch GET 200 https://registry.npmjs.org/jiti 479ms (cache miss)
584 silly packumentCache full:https://registry.npmjs.org/jiti set size:undefined disposed:false
585 silly fetch manifest lightningcss@^1.21.0
586 silly packumentCache full:https://registry.npmjs.org/lightningcss cache-miss
587 http fetch GET 200 https://registry.npmjs.org/lightningcss 105ms (cache miss)
588 silly packumentCache full:https://registry.npmjs.org/lightningcss set size:undefined disposed:false
589 silly fetch manifest sass-embedded@^1.70.0
590 silly packumentCache full:https://registry.npmjs.org/sass-embedded cache-miss
591 http fetch GET 200 https://registry.npmjs.org/sass-embedded 155ms (cache miss)
592 silly packumentCache full:https://registry.npmjs.org/sass-embedded set size:undefined disposed:false
593 silly fetch manifest stylus@>=0.54.8
594 silly packumentCache full:https://registry.npmjs.org/stylus cache-miss
595 http fetch GET 200 https://registry.npmjs.org/stylus 237ms (cache miss)
596 silly packumentCache full:https://registry.npmjs.org/stylus set size:undefined disposed:false
597 silly fetch manifest sugarss@^5.0.0
598 silly packumentCache full:https://registry.npmjs.org/sugarss cache-miss
599 http fetch GET 200 https://registry.npmjs.org/sugarss 120ms (cache miss)
600 silly packumentCache full:https://registry.npmjs.org/sugarss set size:undefined disposed:false
601 silly fetch manifest terser@^5.16.0
602 silly packumentCache full:https://registry.npmjs.org/terser cache-miss
603 http fetch GET 200 https://registry.npmjs.org/terser 586ms (cache miss)
604 silly packumentCache full:https://registry.npmjs.org/terser set size:undefined disposed:false
605 silly fetch manifest tsx@^4.8.1
606 silly packumentCache full:https://registry.npmjs.org/tsx cache-miss
607 http fetch GET 200 https://registry.npmjs.org/tsx 189ms (cache miss)
608 silly packumentCache full:https://registry.npmjs.org/tsx set size:undefined disposed:false
609 silly fetch manifest yaml@^2.4.2
610 silly packumentCache full:https://registry.npmjs.org/yaml cache-miss
611 http fetch GET 200 https://registry.npmjs.org/yaml 368ms (cache miss)
612 silly packumentCache full:https://registry.npmjs.org/yaml set size:undefined disposed:false
613 silly fetch manifest @types/node@>=18
614 silly packumentCache full:https://registry.npmjs.org/@types%2fnode cache-miss
615 http cache https://registry.npmjs.org/@types%2fnode 84ms (cache hit)
616 silly packumentCache full:https://registry.npmjs.org/@types%2fnode set size:11015753 disposed:false
617 silly placeDep ROOT @ampproject/remapping@2.3.0 OK for: @angular/build@21.2.11 want: 2.3.0
618 silly placeDep ROOT @angular-devkit/architect@0.2102.11 OK for: @angular/build@21.2.11 want: 0.2102.11
619 silly placeDep ROOT @babel/core@7.29.0 OK for: @angular/build@21.2.11 want: 7.29.0
620 silly placeDep ROOT @babel/helper-annotate-as-pure@7.27.3 OK for: @angular/build@21.2.11 want: 7.27.3
621 silly placeDep ROOT @babel/helper-split-export-declaration@7.24.7 OK for: @angular/build@21.2.11 want: 7.24.7
622 silly placeDep ROOT @inquirer/confirm@5.1.21 OK for: @angular/build@21.2.11 want: 5.1.21
623 silly placeDep ROOT @vitejs/plugin-basic-ssl@2.1.4 OK for: @angular/build@21.2.11 want: 2.1.4
624 silly placeDep ROOT vite@7.3.2 OK for: @vitejs/plugin-basic-ssl@2.1.4 want: ^6.0.0 || ^7.0.0
625 silly placeDep ROOT beasties@0.4.1 OK for: @angular/build@21.2.11 want: 0.4.1
626 silly placeDep ROOT browserslist@4.28.2 OK for: @angular/build@21.2.11 want: ^4.26.0
627 silly placeDep ROOT esbuild@0.27.3 OK for: @angular/build@21.2.11 want: 0.27.3
628 silly placeDep ROOT https-proxy-agent@7.0.6 OK for: @angular/build@21.2.11 want: 7.0.6
629 silly placeDep ROOT istanbul-lib-instrument@6.0.3 OK for: @angular/build@21.2.11 want: 6.0.3
630 silly placeDep ROOT jsonc-parser@3.3.1 OK for: @angular/build@21.2.11 want: 3.3.1
631 silly placeDep ROOT listr2@9.0.5 OK for: @angular/build@21.2.11 want: 9.0.5
632 silly placeDep ROOT lmdb@3.5.1 OK for: @angular/build@21.2.11 want: 3.5.1
633 silly placeDep ROOT magic-string@0.30.21 OK for: @angular/build@21.2.11 want: 0.30.21
634 silly placeDep ROOT mrmime@2.0.1 OK for: @angular/build@21.2.11 want: 2.0.1
635 silly placeDep ROOT parse5-html-rewriting-stream@8.0.0 OK for: @angular/build@21.2.11 want: 8.0.0
636 silly placeDep ROOT picomatch@4.0.4 OK for: @angular/build@21.2.11 want: 4.0.4
637 silly placeDep ROOT piscina@5.1.4 OK for: @angular/build@21.2.11 want: 5.1.4
638 silly placeDep ROOT rolldown@1.0.0-rc.4 OK for: @angular/build@21.2.11 want: 1.0.0-rc.4
639 silly placeDep ROOT sass@1.97.3 OK for: @angular/build@21.2.11 want: 1.97.3
640 silly placeDep ROOT semver@7.7.4 OK for: @angular/build@21.2.11 want: 7.7.4
641 silly placeDep ROOT source-map-support@0.5.21 OK for: @angular/build@21.2.11 want: 0.5.21
642 silly placeDep ROOT tinyglobby@0.2.15 OK for: @angular/build@21.2.11 want: 0.2.15
643 silly placeDep ROOT undici@7.24.4 OK for: @angular/build@21.2.11 want: 7.24.4
644 silly placeDep ROOT watchpack@2.5.1 OK for: @angular/build@21.2.11 want: 2.5.1
645 silly fetch manifest @jridgewell/gen-mapping@^0.3.5
646 silly packumentCache full:https://registry.npmjs.org/@jridgewell%2fgen-mapping cache-miss
647 silly fetch manifest @jridgewell/trace-mapping@^0.3.24
648 silly packumentCache full:https://registry.npmjs.org/@jridgewell%2ftrace-mapping cache-miss
649 silly fetch manifest debug@^4.1.0
650 silly packumentCache full:https://registry.npmjs.org/debug cache-miss
651 silly fetch manifest json5@^2.2.3
652 silly packumentCache full:https://registry.npmjs.org/json5 cache-miss
653 silly fetch manifest semver@^6.3.1
654 silly packumentCache full:https://registry.npmjs.org/semver cache-hit
655 silly fetch manifest gensync@^1.0.0-beta.2
656 silly packumentCache full:https://registry.npmjs.org/gensync cache-miss
657 silly fetch manifest @babel/types@^7.29.0
658 silly packumentCache full:https://registry.npmjs.org/@babel%2ftypes cache-miss
659 silly fetch manifest @babel/parser@^7.29.0
660 silly packumentCache full:https://registry.npmjs.org/@babel%2fparser cache-miss
661 http fetch GET 200 https://registry.npmjs.org/@jridgewell%2fgen-mapping 157ms (cache miss)
662 silly packumentCache full:https://registry.npmjs.org/@jridgewell%2fgen-mapping set size:undefined disposed:false
663 silly fetch manifest @babel/helpers@^7.28.6
664 silly packumentCache full:https://registry.npmjs.org/@babel%2fhelpers cache-miss
665 http fetch GET 200 https://registry.npmjs.org/@jridgewell%2ftrace-mapping 180ms (cache miss)
666 silly packumentCache full:https://registry.npmjs.org/@jridgewell%2ftrace-mapping set size:undefined disposed:false
667 silly fetch manifest @babel/template@^7.28.6
668 silly packumentCache full:https://registry.npmjs.org/@babel%2ftemplate cache-miss
669 http fetch GET 200 https://registry.npmjs.org/gensync 187ms (cache miss)
670 silly packumentCache full:https://registry.npmjs.org/gensync set size:undefined disposed:false
671 silly fetch manifest @babel/traverse@^7.29.0
672 silly packumentCache full:https://registry.npmjs.org/@babel%2ftraverse cache-miss
673 http fetch GET 200 https://registry.npmjs.org/debug 234ms (cache miss)
674 silly packumentCache full:https://registry.npmjs.org/debug set size:undefined disposed:false
675 silly fetch manifest @babel/generator@^7.29.0
676 silly packumentCache full:https://registry.npmjs.org/@babel%2fgenerator cache-miss
677 http fetch GET 200 https://registry.npmjs.org/@babel%2ftypes 318ms (cache miss)
678 silly packumentCache full:https://registry.npmjs.org/@babel%2ftypes set size:undefined disposed:false
679 silly fetch manifest @babel/code-frame@^7.29.0
680 silly packumentCache full:https://registry.npmjs.org/@babel%2fcode-frame cache-miss
681 http fetch GET 200 https://registry.npmjs.org/json5 481ms (cache miss)
682 silly packumentCache full:https://registry.npmjs.org/json5 set size:undefined disposed:false
683 silly fetch manifest convert-source-map@^2.0.0
684 silly packumentCache full:https://registry.npmjs.org/convert-source-map cache-miss
685 http fetch GET 200 https://registry.npmjs.org/@babel%2ftemplate 300ms (cache miss)
686 silly packumentCache full:https://registry.npmjs.org/@babel%2ftemplate set size:undefined disposed:false
687 silly fetch manifest @jridgewell/remapping@^2.3.5
688 silly packumentCache full:https://registry.npmjs.org/@jridgewell%2fremapping cache-miss
689 http cache https://registry.npmjs.org/convert-source-map 13ms (cache hit)
690 silly packumentCache full:https://registry.npmjs.org/convert-source-map set size:66997 disposed:false
691 silly fetch manifest @babel/helper-module-transforms@^7.28.6
692 silly packumentCache full:https://registry.npmjs.org/@babel%2fhelper-module-transforms cache-miss
693 http fetch GET 200 https://registry.npmjs.org/@babel%2fhelpers 450ms (cache miss)
694 silly packumentCache full:https://registry.npmjs.org/@babel%2fhelpers set size:undefined disposed:false
695 silly fetch manifest @babel/helper-compilation-targets@^7.28.6
696 silly packumentCache full:https://registry.npmjs.org/@babel%2fhelper-compilation-targets cache-miss
697 http fetch GET 200 https://registry.npmjs.org/@babel%2fcode-frame 284ms (cache miss)
698 silly packumentCache full:https://registry.npmjs.org/@babel%2fcode-frame set size:undefined disposed:false
699 silly fetch manifest @babel/types@^7.27.3
700 silly packumentCache full:https://registry.npmjs.org/@babel%2ftypes cache-miss
701 http fetch GET 200 https://registry.npmjs.org/@jridgewell%2fremapping 131ms (cache miss)
702 silly packumentCache full:https://registry.npmjs.org/@jridgewell%2fremapping set size:undefined disposed:false
703 silly fetch manifest @babel/types@^7.24.7
704 silly packumentCache full:https://registry.npmjs.org/@babel%2ftypes cache-miss
705 http cache https://registry.npmjs.org/@babel%2ftypes 15ms (cache hit)
706 silly packumentCache full:https://registry.npmjs.org/@babel%2ftypes set size:491978 disposed:false
707 silly fetch manifest @inquirer/core@^10.3.2
708 silly packumentCache full:https://registry.npmjs.org/@inquirer%2fcore cache-miss
709 http cache https://registry.npmjs.org/@babel%2ftypes 29ms (cache hit)
710 silly packumentCache full:https://registry.npmjs.org/@babel%2ftypes set size:491978 disposed:false
711 silly packumentCache full:https://registry.npmjs.org/@babel%2ftypes dispose
712 silly fetch manifest @inquirer/type@^3.0.10
713 silly packumentCache full:https://registry.npmjs.org/@inquirer%2ftype cache-miss
714 http fetch GET 200 https://registry.npmjs.org/@babel%2fparser 731ms (cache miss)
715 silly packumentCache full:https://registry.npmjs.org/@babel%2fparser set size:undefined disposed:false
716 silly fetch manifest fdir@^6.5.0
717 silly packumentCache full:https://registry.npmjs.org/fdir cache-miss
718 http fetch GET 200 https://registry.npmjs.org/@babel%2fgenerator 530ms (cache miss)
719 silly packumentCache full:https://registry.npmjs.org/@babel%2fgenerator set size:undefined disposed:false
720 silly fetch manifest rollup@^4.43.0
721 silly packumentCache full:https://registry.npmjs.org/rollup cache-miss
722 http fetch GET 200 https://registry.npmjs.org/@inquirer%2ftype 165ms (cache miss)
723 silly packumentCache full:https://registry.npmjs.org/@inquirer%2ftype set size:undefined disposed:false
724 silly fetch manifest esbuild@^0.27.0
725 silly packumentCache full:https://registry.npmjs.org/esbuild cache-miss
726 http cache https://registry.npmjs.org/esbuild 53ms (cache hit)
727 silly packumentCache full:https://registry.npmjs.org/esbuild set size:1254708 disposed:false
728 silly fetch manifest postcss@^8.5.6
729 silly packumentCache full:https://registry.npmjs.org/postcss cache-miss
730 http fetch GET 200 https://registry.npmjs.org/@babel%2fhelper-compilation-targets 288ms (cache miss)
731 silly packumentCache full:https://registry.npmjs.org/@babel%2fhelper-compilation-targets set size:undefined disposed:false
732 silly fetch manifest fsevents@~2.3.3
733 silly packumentCache full:https://registry.npmjs.org/fsevents cache-miss
734 http fetch GET 200 https://registry.npmjs.org/@inquirer%2fcore 269ms (cache miss)
735 silly packumentCache full:https://registry.npmjs.org/@inquirer%2fcore set size:undefined disposed:false
736 silly fetch manifest postcss@^8.4.49
737 silly packumentCache full:https://registry.npmjs.org/postcss cache-miss
738 http cache https://registry.npmjs.org/postcss 30ms (cache hit)
739 silly packumentCache full:https://registry.npmjs.org/postcss set size:723316 disposed:false
740 silly fetch manifest css-what@^7.0.0
741 silly packumentCache full:https://registry.npmjs.org/css-what cache-miss
742 http fetch GET 200 https://registry.npmjs.org/@babel%2fhelper-module-transforms 438ms (cache miss)
743 silly packumentCache full:https://registry.npmjs.org/@babel%2fhelper-module-transforms set size:undefined disposed:false
744 silly fetch manifest css-select@^6.0.0
745 silly packumentCache full:https://registry.npmjs.org/css-select cache-miss
746 http cache https://registry.npmjs.org/postcss 56ms (cache hit)
747 silly packumentCache full:https://registry.npmjs.org/postcss set size:723316 disposed:false
748 silly packumentCache full:https://registry.npmjs.org/postcss dispose
749 silly fetch manifest domhandler@^5.0.3
750 silly packumentCache full:https://registry.npmjs.org/domhandler cache-miss
751 http fetch GET 200 https://registry.npmjs.org/fdir 242ms (cache miss)
752 silly packumentCache full:https://registry.npmjs.org/fdir set size:undefined disposed:false
753 silly fetch manifest picocolors@^1.1.1
754 silly packumentCache full:https://registry.npmjs.org/picocolors cache-miss
755 http fetch GET 200 https://registry.npmjs.org/fsevents 176ms (cache miss)
756 silly packumentCache full:https://registry.npmjs.org/fsevents set size:undefined disposed:false
757 silly fetch manifest htmlparser2@^10.0.0
758 silly packumentCache full:https://registry.npmjs.org/htmlparser2 cache-miss
759 http fetch GET 200 https://registry.npmjs.org/css-select 159ms (cache miss)
760 silly packumentCache full:https://registry.npmjs.org/css-select set size:undefined disposed:false
761 silly fetch manifest dom-serializer@^2.0.0
762 silly packumentCache full:https://registry.npmjs.org/dom-serializer cache-miss
763 http fetch GET 200 https://registry.npmjs.org/css-what 182ms (cache miss)
764 silly packumentCache full:https://registry.npmjs.org/css-what set size:undefined disposed:false
765 silly fetch manifest postcss-safe-parser@^7.0.1
766 silly packumentCache full:https://registry.npmjs.org/postcss-safe-parser cache-miss
767 http fetch GET 200 https://registry.npmjs.org/picocolors 159ms (cache miss)
768 silly packumentCache full:https://registry.npmjs.org/picocolors set size:undefined disposed:false
769 silly fetch manifest postcss-media-query-parser@^0.2.3
770 silly packumentCache full:https://registry.npmjs.org/postcss-media-query-parser cache-miss
771 http fetch GET 200 https://registry.npmjs.org/domhandler 191ms (cache miss)
772 silly packumentCache full:https://registry.npmjs.org/domhandler set size:undefined disposed:false
773 silly fetch manifest baseline-browser-mapping@^2.10.12
774 silly packumentCache full:https://registry.npmjs.org/baseline-browser-mapping cache-miss
775 http fetch GET 200 https://registry.npmjs.org/dom-serializer 125ms (cache miss)
776 silly packumentCache full:https://registry.npmjs.org/dom-serializer set size:undefined disposed:false
777 silly fetch manifest caniuse-lite@^1.0.30001782
778 silly packumentCache full:https://registry.npmjs.org/caniuse-lite cache-miss
779 http fetch GET 200 https://registry.npmjs.org/@babel%2ftraverse 1072ms (cache miss)
780 silly packumentCache full:https://registry.npmjs.org/@babel%2ftraverse set size:undefined disposed:false
781 silly fetch manifest electron-to-chromium@^1.5.328
782 silly packumentCache full:https://registry.npmjs.org/electron-to-chromium cache-miss
783 http fetch GET 200 https://registry.npmjs.org/htmlparser2 186ms (cache miss)
784 silly packumentCache full:https://registry.npmjs.org/htmlparser2 set size:undefined disposed:false
785 silly fetch manifest node-releases@^2.0.36
786 silly packumentCache full:https://registry.npmjs.org/node-releases cache-miss
787 http fetch GET 200 https://registry.npmjs.org/postcss-safe-parser 160ms (cache miss)
788 silly packumentCache full:https://registry.npmjs.org/postcss-safe-parser set size:undefined disposed:false
789 silly fetch manifest update-browserslist-db@^1.2.3
790 silly packumentCache full:https://registry.npmjs.org/update-browserslist-db cache-miss
791 http fetch GET 200 https://registry.npmjs.org/postcss-media-query-parser 132ms (cache miss)
792 silly packumentCache full:https://registry.npmjs.org/postcss-media-query-parser set size:undefined disposed:false
793 silly fetch manifest @esbuild/aix-ppc64@0.27.3
794 silly packumentCache full:https://registry.npmjs.org/@esbuild%2faix-ppc64 cache-miss
795 http fetch GET 200 https://registry.npmjs.org/update-browserslist-db 197ms (cache miss)
796 silly packumentCache full:https://registry.npmjs.org/update-browserslist-db set size:undefined disposed:false
797 silly fetch manifest @esbuild/linux-arm@0.27.3
798 silly packumentCache full:https://registry.npmjs.org/@esbuild%2flinux-arm cache-miss
799 http fetch GET 200 https://registry.npmjs.org/baseline-browser-mapping 323ms (cache miss)
800 silly packumentCache full:https://registry.npmjs.org/baseline-browser-mapping set size:undefined disposed:false
801 silly fetch manifest @esbuild/linux-x64@0.27.3
802 silly packumentCache full:https://registry.npmjs.org/@esbuild%2flinux-x64 cache-miss
803 http fetch GET 200 https://registry.npmjs.org/@esbuild%2faix-ppc64 248ms (cache miss)
804 silly packumentCache full:https://registry.npmjs.org/@esbuild%2faix-ppc64 set size:undefined disposed:false
805 silly fetch manifest @esbuild/sunos-x64@0.27.3
806 silly packumentCache full:https://registry.npmjs.org/@esbuild%2fsunos-x64 cache-miss
807 http fetch GET 200 https://registry.npmjs.org/node-releases 439ms (cache miss)
808 silly packumentCache full:https://registry.npmjs.org/node-releases set size:undefined disposed:false
809 silly fetch manifest @esbuild/win32-x64@0.27.3
810 silly packumentCache full:https://registry.npmjs.org/@esbuild%2fwin32-x64 cache-miss
811 http fetch GET 200 https://registry.npmjs.org/@esbuild%2flinux-arm 293ms (cache miss)
812 silly packumentCache full:https://registry.npmjs.org/@esbuild%2flinux-arm set size:undefined disposed:false
813 silly fetch manifest @esbuild/darwin-x64@0.27.3
814 silly packumentCache full:https://registry.npmjs.org/@esbuild%2fdarwin-x64 cache-miss
815 http fetch GET 200 https://registry.npmjs.org/@esbuild%2flinux-x64 445ms (cache miss)
816 silly packumentCache full:https://registry.npmjs.org/@esbuild%2flinux-x64 set size:undefined disposed:false
817 silly fetch manifest @esbuild/linux-ia32@0.27.3
818 silly packumentCache full:https://registry.npmjs.org/@esbuild%2flinux-ia32 cache-miss
819 http fetch GET 200 https://registry.npmjs.org/@esbuild%2fsunos-x64 478ms (cache miss)
820 silly packumentCache full:https://registry.npmjs.org/@esbuild%2fsunos-x64 set size:undefined disposed:false
821 silly fetch manifest @esbuild/netbsd-x64@0.27.3
822 silly packumentCache full:https://registry.npmjs.org/@esbuild%2fnetbsd-x64 cache-miss
823 http fetch GET 200 https://registry.npmjs.org/@esbuild%2fdarwin-x64 337ms (cache miss)
824 silly packumentCache full:https://registry.npmjs.org/@esbuild%2fdarwin-x64 set size:undefined disposed:false
825 silly fetch manifest @esbuild/win32-ia32@0.27.3
826 silly packumentCache full:https://registry.npmjs.org/@esbuild%2fwin32-ia32 cache-miss
827 http fetch GET 200 https://registry.npmjs.org/@esbuild%2fwin32-x64 419ms (cache miss)
828 silly packumentCache full:https://registry.npmjs.org/@esbuild%2fwin32-x64 set size:undefined disposed:false
829 silly fetch manifest @esbuild/android-arm@0.27.3
830 silly packumentCache full:https://registry.npmjs.org/@esbuild%2fandroid-arm cache-miss
831 http fetch GET 200 https://registry.npmjs.org/@esbuild%2flinux-ia32 451ms (cache miss)
832 silly packumentCache full:https://registry.npmjs.org/@esbuild%2flinux-ia32 set size:undefined disposed:false
833 silly fetch manifest @esbuild/android-x64@0.27.3
834 silly packumentCache full:https://registry.npmjs.org/@esbuild%2fandroid-x64 cache-miss
835 http fetch GET 200 https://registry.npmjs.org/caniuse-lite 1359ms (cache miss)
836 silly packumentCache full:https://registry.npmjs.org/caniuse-lite set size:undefined disposed:false
837 silly fetch manifest @esbuild/freebsd-x64@0.27.3
838 silly packumentCache full:https://registry.npmjs.org/@esbuild%2ffreebsd-x64 cache-miss
839 http fetch GET 200 https://registry.npmjs.org/@esbuild%2fnetbsd-x64 617ms (cache miss)
840 silly packumentCache full:https://registry.npmjs.org/@esbuild%2fnetbsd-x64 set size:undefined disposed:false
841 silly fetch manifest @esbuild/linux-arm64@0.27.3
842 silly packumentCache full:https://registry.npmjs.org/@esbuild%2flinux-arm64 cache-miss
843 http fetch GET 200 https://registry.npmjs.org/@esbuild%2fandroid-arm 524ms (cache miss)
844 silly packumentCache full:https://registry.npmjs.org/@esbuild%2fandroid-arm set size:undefined disposed:false
845 silly fetch manifest @esbuild/linux-ppc64@0.27.3
846 silly packumentCache full:https://registry.npmjs.org/@esbuild%2flinux-ppc64 cache-miss
847 http fetch GET 200 https://registry.npmjs.org/@esbuild%2fwin32-ia32 567ms (cache miss)
848 silly packumentCache full:https://registry.npmjs.org/@esbuild%2fwin32-ia32 set size:undefined disposed:false
849 silly fetch manifest @esbuild/linux-s390x@0.27.3
850 silly packumentCache full:https://registry.npmjs.org/@esbuild%2flinux-s390x cache-miss
851 http fetch GET 200 https://registry.npmjs.org/rollup 1919ms (cache miss)
852 silly packumentCache full:https://registry.npmjs.org/rollup set size:undefined disposed:false
853 silly fetch manifest @esbuild/openbsd-x64@0.27.3
854 silly packumentCache full:https://registry.npmjs.org/@esbuild%2fopenbsd-x64 cache-miss
855 http fetch GET 200 https://registry.npmjs.org/@esbuild%2fandroid-x64 399ms (cache miss)
856 silly packumentCache full:https://registry.npmjs.org/@esbuild%2fandroid-x64 set size:undefined disposed:false
857 silly fetch manifest @esbuild/win32-arm64@0.27.3
858 silly packumentCache full:https://registry.npmjs.org/@esbuild%2fwin32-arm64 cache-miss
859 http fetch GET 200 https://registry.npmjs.org/@esbuild%2ffreebsd-x64 226ms (cache miss)
860 silly packumentCache full:https://registry.npmjs.org/@esbuild%2ffreebsd-x64 set size:undefined disposed:false
861 silly fetch manifest @esbuild/darwin-arm64@0.27.3
862 silly packumentCache full:https://registry.npmjs.org/@esbuild%2fdarwin-arm64 cache-miss
863 http fetch GET 200 https://registry.npmjs.org/@esbuild%2flinux-ppc64 259ms (cache miss)
864 silly packumentCache full:https://registry.npmjs.org/@esbuild%2flinux-ppc64 set size:undefined disposed:false
865 silly fetch manifest @esbuild/netbsd-arm64@0.27.3
866 silly packumentCache full:https://registry.npmjs.org/@esbuild%2fnetbsd-arm64 cache-miss
867 http fetch GET 200 https://registry.npmjs.org/@esbuild%2flinux-s390x 265ms (cache miss)
868 silly packumentCache full:https://registry.npmjs.org/@esbuild%2flinux-s390x set size:undefined disposed:false
869 silly fetch manifest @esbuild/android-arm64@0.27.3
870 silly packumentCache full:https://registry.npmjs.org/@esbuild%2fandroid-arm64 cache-miss
871 http fetch GET 200 https://registry.npmjs.org/@esbuild%2flinux-arm64 323ms (cache miss)
872 silly packumentCache full:https://registry.npmjs.org/@esbuild%2flinux-arm64 set size:undefined disposed:false
873 silly fetch manifest @esbuild/freebsd-arm64@0.27.3
874 silly packumentCache full:https://registry.npmjs.org/@esbuild%2ffreebsd-arm64 cache-miss
875 http fetch GET 200 https://registry.npmjs.org/@esbuild%2fopenbsd-x64 331ms (cache miss)
876 silly packumentCache full:https://registry.npmjs.org/@esbuild%2fopenbsd-x64 set size:undefined disposed:false
877 silly fetch manifest @esbuild/linux-loong64@0.27.3
878 silly packumentCache full:https://registry.npmjs.org/@esbuild%2flinux-loong64 cache-miss
879 http fetch GET 200 https://registry.npmjs.org/@esbuild%2fdarwin-arm64 292ms (cache miss)
880 silly packumentCache full:https://registry.npmjs.org/@esbuild%2fdarwin-arm64 set size:undefined disposed:false
881 silly fetch manifest @esbuild/linux-riscv64@0.27.3
882 silly packumentCache full:https://registry.npmjs.org/@esbuild%2flinux-riscv64 cache-miss
883 http fetch GET 200 https://registry.npmjs.org/@esbuild%2fwin32-arm64 344ms (cache miss)
884 silly packumentCache full:https://registry.npmjs.org/@esbuild%2fwin32-arm64 set size:undefined disposed:false
885 silly fetch manifest @esbuild/openbsd-arm64@0.27.3
886 silly packumentCache full:https://registry.npmjs.org/@esbuild%2fopenbsd-arm64 cache-miss
887 http fetch GET 200 https://registry.npmjs.org/@esbuild%2fandroid-arm64 393ms (cache miss)
888 silly packumentCache full:https://registry.npmjs.org/@esbuild%2fandroid-arm64 set size:undefined disposed:false
889 silly fetch manifest @esbuild/linux-mips64el@0.27.3
890 silly packumentCache full:https://registry.npmjs.org/@esbuild%2flinux-mips64el cache-miss
891 http fetch GET 200 https://registry.npmjs.org/@esbuild%2fnetbsd-arm64 433ms (cache miss)
892 silly packumentCache full:https://registry.npmjs.org/@esbuild%2fnetbsd-arm64 set size:undefined disposed:false
893 silly fetch manifest @esbuild/openharmony-arm64@0.27.3
894 silly packumentCache full:https://registry.npmjs.org/@esbuild%2fopenharmony-arm64 cache-miss
895 http fetch GET 200 https://registry.npmjs.org/@esbuild%2flinux-riscv64 228ms (cache miss)
896 silly packumentCache full:https://registry.npmjs.org/@esbuild%2flinux-riscv64 set size:undefined disposed:false
897 silly fetch manifest debug@4
898 silly packumentCache full:https://registry.npmjs.org/debug cache-miss
899 http cache https://registry.npmjs.org/debug 13ms (cache hit)
900 silly packumentCache full:https://registry.npmjs.org/debug set size:195840 disposed:false
901 silly fetch manifest agent-base@^7.1.2
902 silly packumentCache full:https://registry.npmjs.org/agent-base cache-miss
903 http fetch GET 200 https://registry.npmjs.org/@esbuild%2ffreebsd-arm64 439ms (cache miss)
904 silly packumentCache full:https://registry.npmjs.org/@esbuild%2ffreebsd-arm64 set size:undefined disposed:false
905 silly fetch manifest @babel/parser@^7.23.9
906 silly packumentCache full:https://registry.npmjs.org/@babel%2fparser cache-miss
907 http cache https://registry.npmjs.org/@babel%2fparser 12ms (cache hit)
908 silly packumentCache full:https://registry.npmjs.org/@babel%2fparser set size:725652 disposed:false
909 silly fetch manifest @istanbuljs/schema@^0.1.3
910 silly packumentCache full:https://registry.npmjs.org/@istanbuljs%2fschema cache-miss
911 http fetch GET 200 https://registry.npmjs.org/@esbuild%2fopenbsd-arm64 280ms (cache miss)
912 silly packumentCache full:https://registry.npmjs.org/@esbuild%2fopenbsd-arm64 set size:undefined disposed:false
913 silly fetch manifest istanbul-lib-coverage@^3.2.0
914 silly packumentCache full:https://registry.npmjs.org/istanbul-lib-coverage cache-miss
915 http fetch GET 200 https://registry.npmjs.org/@esbuild%2flinux-loong64 334ms (cache miss)
916 silly packumentCache full:https://registry.npmjs.org/@esbuild%2flinux-loong64 set size:undefined disposed:false
917 silly fetch manifest semver@^7.5.4
918 silly packumentCache full:https://registry.npmjs.org/semver cache-hit
919 silly fetch manifest rfdc@^1.4.1
920 silly packumentCache full:https://registry.npmjs.org/rfdc cache-miss
921 http fetch GET 200 https://registry.npmjs.org/@esbuild%2fopenharmony-arm64 177ms (cache miss)
922 silly packumentCache full:https://registry.npmjs.org/@esbuild%2fopenharmony-arm64 set size:undefined disposed:false
923 silly fetch manifest colorette@^2.0.20
924 silly packumentCache full:https://registry.npmjs.org/colorette cache-miss
925 http fetch GET 200 https://registry.npmjs.org/@esbuild%2flinux-mips64el 270ms (cache miss)
926 silly packumentCache full:https://registry.npmjs.org/@esbuild%2flinux-mips64el set size:undefined disposed:false
927 silly fetch manifest wrap-ansi@^9.0.0
928 silly packumentCache full:https://registry.npmjs.org/wrap-ansi cache-miss
929 http fetch GET 200 https://registry.npmjs.org/@istanbuljs%2fschema 229ms (cache miss)
930 silly packumentCache full:https://registry.npmjs.org/@istanbuljs%2fschema set size:undefined disposed:false
931 silly fetch manifest log-update@^6.1.0
932 silly packumentCache full:https://registry.npmjs.org/log-update cache-miss
933 http fetch GET 200 https://registry.npmjs.org/rfdc 293ms (cache miss)
934 silly packumentCache full:https://registry.npmjs.org/rfdc set size:undefined disposed:false
935 silly fetch manifest cli-truncate@^5.0.0
936 silly packumentCache full:https://registry.npmjs.org/cli-truncate cache-miss
937 http fetch GET 200 https://registry.npmjs.org/agent-base 352ms (cache miss)
938 silly packumentCache full:https://registry.npmjs.org/agent-base set size:undefined disposed:false
939 silly fetch manifest eventemitter3@^5.0.1
940 silly packumentCache full:https://registry.npmjs.org/eventemitter3 cache-miss
941 http fetch GET 200 https://registry.npmjs.org/colorette 222ms (cache miss)
942 silly packumentCache full:https://registry.npmjs.org/colorette set size:undefined disposed:false
943 silly fetch manifest msgpackr@^1.11.2
944 silly packumentCache full:https://registry.npmjs.org/msgpackr cache-miss
945 http fetch GET 200 https://registry.npmjs.org/wrap-ansi 148ms (cache miss)
946 silly packumentCache full:https://registry.npmjs.org/wrap-ansi set size:undefined disposed:false
947 silly fetch manifest node-addon-api@^6.1.0
948 silly packumentCache full:https://registry.npmjs.org/node-addon-api cache-miss
949 http fetch GET 200 https://registry.npmjs.org/istanbul-lib-coverage 339ms (cache miss)
950 silly packumentCache full:https://registry.npmjs.org/istanbul-lib-coverage set size:undefined disposed:false
951 silly fetch manifest ordered-binary@^1.5.3
952 silly packumentCache full:https://registry.npmjs.org/ordered-binary cache-miss
953 http fetch GET 200 https://registry.npmjs.org/log-update 122ms (cache miss)
954 silly packumentCache full:https://registry.npmjs.org/log-update set size:undefined disposed:false
955 silly fetch manifest weak-lru-cache@^1.2.2
956 silly packumentCache full:https://registry.npmjs.org/weak-lru-cache cache-miss
957 http fetch GET 200 https://registry.npmjs.org/cli-truncate 211ms (cache miss)
958 silly packumentCache full:https://registry.npmjs.org/cli-truncate set size:undefined disposed:false
959 silly fetch manifest @harperfast/extended-iterable@^1.0.3
960 silly packumentCache full:https://registry.npmjs.org/@harperfast%2fextended-iterable cache-miss
961 http fetch GET 200 https://registry.npmjs.org/eventemitter3 218ms (cache miss)
962 silly packumentCache full:https://registry.npmjs.org/eventemitter3 set size:undefined disposed:false
963 silly fetch manifest node-gyp-build-optional-packages@5.2.2
964 silly packumentCache full:https://registry.npmjs.org/node-gyp-build-optional-packages cache-miss
965 http fetch GET 200 https://registry.npmjs.org/ordered-binary 217ms (cache miss)
966 silly packumentCache full:https://registry.npmjs.org/ordered-binary set size:undefined disposed:false
967 silly fetch manifest @lmdb/lmdb-linux-arm@3.5.1
968 silly packumentCache full:https://registry.npmjs.org/@lmdb%2flmdb-linux-arm cache-miss
969 http fetch GET 200 https://registry.npmjs.org/weak-lru-cache 218ms (cache miss)
970 silly packumentCache full:https://registry.npmjs.org/weak-lru-cache set size:undefined disposed:false
971 silly fetch manifest @lmdb/lmdb-linux-x64@3.5.1
972 silly packumentCache full:https://registry.npmjs.org/@lmdb%2flmdb-linux-x64 cache-miss
973 http fetch GET 200 https://registry.npmjs.org/node-addon-api 271ms (cache miss)
974 silly packumentCache full:https://registry.npmjs.org/node-addon-api set size:undefined disposed:false
975 silly fetch manifest @lmdb/lmdb-win32-x64@3.5.1
976 silly packumentCache full:https://registry.npmjs.org/@lmdb%2flmdb-win32-x64 cache-miss
977 http fetch GET 200 https://registry.npmjs.org/node-gyp-build-optional-packages 112ms (cache miss)
978 silly packumentCache full:https://registry.npmjs.org/node-gyp-build-optional-packages set size:undefined disposed:false
979 silly fetch manifest @lmdb/lmdb-darwin-x64@3.5.1
980 silly packumentCache full:https://registry.npmjs.org/@lmdb%2flmdb-darwin-x64 cache-miss
981 http fetch GET 200 https://registry.npmjs.org/msgpackr 440ms (cache miss)
982 silly packumentCache full:https://registry.npmjs.org/msgpackr set size:undefined disposed:false
983 silly fetch manifest @lmdb/lmdb-linux-arm64@3.5.1
984 silly packumentCache full:https://registry.npmjs.org/@lmdb%2flmdb-linux-arm64 cache-miss
985 http fetch GET 200 https://registry.npmjs.org/@lmdb%2flmdb-linux-x64 226ms (cache miss)
986 silly packumentCache full:https://registry.npmjs.org/@lmdb%2flmdb-linux-x64 set size:undefined disposed:false
987 silly fetch manifest @lmdb/lmdb-win32-arm64@3.5.1
988 silly packumentCache full:https://registry.npmjs.org/@lmdb%2flmdb-win32-arm64 cache-miss
989 http fetch GET 200 https://registry.npmjs.org/@harperfast%2fextended-iterable 306ms (cache miss)
990 silly packumentCache full:https://registry.npmjs.org/@harperfast%2fextended-iterable set size:undefined disposed:false
991 silly fetch manifest @lmdb/lmdb-darwin-arm64@3.5.1
992 silly packumentCache full:https://registry.npmjs.org/@lmdb%2flmdb-darwin-arm64 cache-miss
993 http fetch GET 200 https://registry.npmjs.org/@lmdb%2flmdb-linux-arm 307ms (cache miss)
994 silly packumentCache full:https://registry.npmjs.org/@lmdb%2flmdb-linux-arm set size:undefined disposed:false
995 silly fetch manifest @jridgewell/sourcemap-codec@^1.5.5
996 silly packumentCache full:https://registry.npmjs.org/@jridgewell%2fsourcemap-codec cache-miss
997 http cache https://registry.npmjs.org/@jridgewell%2fsourcemap-codec 6ms (cache hit)
998 silly packumentCache full:https://registry.npmjs.org/@jridgewell%2fsourcemap-codec set size:51856 disposed:false
999 silly fetch manifest entities@^6.0.0
1000 silly packumentCache full:https://registry.npmjs.org/entities cache-miss
1001 http fetch GET 200 https://registry.npmjs.org/@lmdb%2flmdb-darwin-x64 342ms (cache miss)
1002 silly packumentCache full:https://registry.npmjs.org/@lmdb%2flmdb-darwin-x64 set size:undefined disposed:false
1003 silly fetch manifest parse5-sax-parser@^8.0.0
1004 silly packumentCache full:https://registry.npmjs.org/parse5-sax-parser cache-miss
1005 http fetch GET 200 https://registry.npmjs.org/@lmdb%2flmdb-win32-x64 402ms (cache miss)
1006 silly packumentCache full:https://registry.npmjs.org/@lmdb%2flmdb-win32-x64 set size:undefined disposed:false
1007 silly fetch manifest @napi-rs/nice@^1.0.4
1008 silly packumentCache full:https://registry.npmjs.org/@napi-rs%2fnice cache-miss
1009 http fetch GET 200 https://registry.npmjs.org/@lmdb%2flmdb-win32-arm64 232ms (cache miss)
1010 silly packumentCache full:https://registry.npmjs.org/@lmdb%2flmdb-win32-arm64 set size:undefined disposed:false
1011 silly fetch manifest @oxc-project/types@=0.113.0
1012 silly packumentCache full:https://registry.npmjs.org/@oxc-project%2ftypes cache-miss
1013 http fetch GET 200 https://registry.npmjs.org/@lmdb%2flmdb-linux-arm64 357ms (cache miss)
1014 silly packumentCache full:https://registry.npmjs.org/@lmdb%2flmdb-linux-arm64 set size:undefined disposed:false
1015 silly fetch manifest @rolldown/pluginutils@1.0.0-rc.4
1016 silly packumentCache full:https://registry.npmjs.org/@rolldown%2fpluginutils cache-miss
1017 http fetch GET 200 https://registry.npmjs.org/entities 288ms (cache miss)
1018 silly packumentCache full:https://registry.npmjs.org/entities set size:undefined disposed:false
1019 silly fetch manifest @rolldown/binding-darwin-x64@1.0.0-rc.4
1020 silly packumentCache full:https://registry.npmjs.org/@rolldown%2fbinding-darwin-x64 cache-miss
1021 http fetch GET 200 https://registry.npmjs.org/@lmdb%2flmdb-darwin-arm64 366ms (cache miss)
1022 silly packumentCache full:https://registry.npmjs.org/@lmdb%2flmdb-darwin-arm64 set size:undefined disposed:false
1023 silly fetch manifest @rolldown/binding-freebsd-x64@1.0.0-rc.4
1024 silly packumentCache full:https://registry.npmjs.org/@rolldown%2fbinding-freebsd-x64 cache-miss
1025 http fetch GET 200 https://registry.npmjs.org/parse5-sax-parser 205ms (cache miss)
1026 silly packumentCache full:https://registry.npmjs.org/parse5-sax-parser set size:undefined disposed:false
1027 silly fetch manifest @rolldown/binding-wasm32-wasi@1.0.0-rc.4
1028 silly packumentCache full:https://registry.npmjs.org/@rolldown%2fbinding-wasm32-wasi cache-miss
1029 http fetch GET 200 https://registry.npmjs.org/electron-to-chromium 3391ms (cache miss)
1030 silly packumentCache full:https://registry.npmjs.org/electron-to-chromium set size:undefined disposed:false
1031 silly fetch manifest @rolldown/binding-darwin-arm64@1.0.0-rc.4
1032 silly packumentCache full:https://registry.npmjs.org/@rolldown%2fbinding-darwin-arm64 cache-miss
1033 http fetch GET 200 https://registry.npmjs.org/@napi-rs%2fnice 245ms (cache miss)
1034 silly packumentCache full:https://registry.npmjs.org/@napi-rs%2fnice set size:undefined disposed:false
1035 silly fetch manifest @rolldown/binding-android-arm64@1.0.0-rc.4
1036 silly packumentCache full:https://registry.npmjs.org/@rolldown%2fbinding-android-arm64 cache-miss
1037 http fetch GET 200 https://registry.npmjs.org/@oxc-project%2ftypes 241ms (cache miss)
1038 silly packumentCache full:https://registry.npmjs.org/@oxc-project%2ftypes set size:undefined disposed:false
1039 silly fetch manifest @rolldown/binding-linux-x64-gnu@1.0.0-rc.4
1040 silly packumentCache full:https://registry.npmjs.org/@rolldown%2fbinding-linux-x64-gnu cache-miss
1041 http fetch GET 200 https://registry.npmjs.org/@rolldown%2fpluginutils 225ms (cache miss)
1042 silly packumentCache full:https://registry.npmjs.org/@rolldown%2fpluginutils set size:undefined disposed:false
1043 silly fetch manifest @rolldown/binding-linux-x64-musl@1.0.0-rc.4
1044 silly packumentCache full:https://registry.npmjs.org/@rolldown%2fbinding-linux-x64-musl cache-miss
1045 http fetch GET 200 https://registry.npmjs.org/@rolldown%2fbinding-android-arm64 226ms (cache miss)
1046 silly packumentCache full:https://registry.npmjs.org/@rolldown%2fbinding-android-arm64 set size:undefined disposed:false
1047 silly fetch manifest @rolldown/binding-win32-x64-msvc@1.0.0-rc.4
1048 silly packumentCache full:https://registry.npmjs.org/@rolldown%2fbinding-win32-x64-msvc cache-miss
1049 http fetch GET 200 https://registry.npmjs.org/@rolldown%2fbinding-darwin-x64 829ms (cache miss)
1050 silly packumentCache full:https://registry.npmjs.org/@rolldown%2fbinding-darwin-x64 set size:undefined disposed:false
1051 silly fetch manifest @rolldown/binding-linux-arm64-gnu@1.0.0-rc.4
1052 silly packumentCache full:https://registry.npmjs.org/@rolldown%2fbinding-linux-arm64-gnu cache-miss
1053 http fetch GET 200 https://registry.npmjs.org/@rolldown%2fbinding-linux-x64-gnu 772ms (cache miss)
1054 silly packumentCache full:https://registry.npmjs.org/@rolldown%2fbinding-linux-x64-gnu set size:undefined disposed:false
1055 silly fetch manifest @rolldown/binding-linux-arm64-musl@1.0.0-rc.4
1056 silly packumentCache full:https://registry.npmjs.org/@rolldown%2fbinding-linux-arm64-musl cache-miss
1057 http fetch GET 200 https://registry.npmjs.org/@rolldown%2fbinding-freebsd-x64 889ms (cache miss)
1058 silly packumentCache full:https://registry.npmjs.org/@rolldown%2fbinding-freebsd-x64 set size:undefined disposed:false
1059 silly fetch manifest @rolldown/binding-win32-arm64-msvc@1.0.0-rc.4
1060 silly packumentCache full:https://registry.npmjs.org/@rolldown%2fbinding-win32-arm64-msvc cache-miss
1061 http fetch GET 200 https://registry.npmjs.org/@rolldown%2fbinding-darwin-arm64 903ms (cache miss)
1062 silly packumentCache full:https://registry.npmjs.org/@rolldown%2fbinding-darwin-arm64 set size:undefined disposed:false
1063 silly fetch manifest @rolldown/binding-openharmony-arm64@1.0.0-rc.4
1064 silly packumentCache full:https://registry.npmjs.org/@rolldown%2fbinding-openharmony-arm64 cache-miss
1065 http fetch GET 200 https://registry.npmjs.org/@rolldown%2fbinding-linux-x64-musl 851ms (cache miss)
1066 silly packumentCache full:https://registry.npmjs.org/@rolldown%2fbinding-linux-x64-musl set size:undefined disposed:false
1067 silly fetch manifest @rolldown/binding-linux-arm-gnueabihf@1.0.0-rc.4
1068 silly packumentCache full:https://registry.npmjs.org/@rolldown%2fbinding-linux-arm-gnueabihf cache-miss
1069 http fetch GET 200 https://registry.npmjs.org/@rolldown%2fbinding-wasm32-wasi 1034ms (cache miss)
1070 silly packumentCache full:https://registry.npmjs.org/@rolldown%2fbinding-wasm32-wasi set size:undefined disposed:false
1071 silly fetch manifest chokidar@^4.0.0
1072 silly packumentCache full:https://registry.npmjs.org/chokidar cache-miss
1073 http cache https://registry.npmjs.org/chokidar 17ms (cache hit)
1074 silly packumentCache full:https://registry.npmjs.org/chokidar set size:255902 disposed:false
1075 silly fetch manifest immutable@^5.0.2
1076 silly packumentCache full:https://registry.npmjs.org/immutable cache-miss
1077 http fetch GET 200 https://registry.npmjs.org/@rolldown%2fbinding-win32-x64-msvc 927ms (cache miss)
1078 silly packumentCache full:https://registry.npmjs.org/@rolldown%2fbinding-win32-x64-msvc set size:undefined disposed:false
1079 silly fetch manifest source-map-js@>=0.6.2 <2.0.0
1080 silly packumentCache full:https://registry.npmjs.org/source-map-js cache-miss
1081 http fetch GET 200 https://registry.npmjs.org/@rolldown%2fbinding-openharmony-arm64 298ms (cache miss)
1082 silly packumentCache full:https://registry.npmjs.org/@rolldown%2fbinding-openharmony-arm64 set size:undefined disposed:false
1083 silly fetch manifest @parcel/watcher@^2.4.1
1084 silly packumentCache full:https://registry.npmjs.org/@parcel%2fwatcher cache-miss
1085 http fetch GET 200 https://registry.npmjs.org/immutable 277ms (cache miss)
1086 silly packumentCache full:https://registry.npmjs.org/immutable set size:undefined disposed:false
1087 silly fetch manifest buffer-from@^1.0.0
1088 silly packumentCache full:https://registry.npmjs.org/buffer-from cache-miss
1089 http fetch GET 200 https://registry.npmjs.org/source-map-js 181ms (cache miss)
1090 silly packumentCache full:https://registry.npmjs.org/source-map-js set size:undefined disposed:false
1091 silly fetch manifest source-map@^0.6.0
1092 silly packumentCache full:https://registry.npmjs.org/source-map cache-miss
1093 http fetch GET 200 https://registry.npmjs.org/@parcel%2fwatcher 214ms (cache miss)
1094 silly packumentCache full:https://registry.npmjs.org/@parcel%2fwatcher set size:undefined disposed:false
1095 silly fetch manifest graceful-fs@^4.1.2
1096 silly packumentCache full:https://registry.npmjs.org/graceful-fs cache-miss
1097 http fetch GET 200 https://registry.npmjs.org/buffer-from 135ms (cache miss)
1098 silly packumentCache full:https://registry.npmjs.org/buffer-from set size:undefined disposed:false
1099 silly fetch manifest glob-to-regexp@^0.4.1
1100 silly packumentCache full:https://registry.npmjs.org/glob-to-regexp cache-miss
1101 http fetch GET 200 https://registry.npmjs.org/@rolldown%2fbinding-linux-arm64-musl 726ms (cache miss)
1102 silly packumentCache full:https://registry.npmjs.org/@rolldown%2fbinding-linux-arm64-musl set size:undefined disposed:false
1103 http fetch GET 200 https://registry.npmjs.org/@rolldown%2fbinding-linux-arm-gnueabihf 586ms (cache miss)
1104 silly packumentCache full:https://registry.npmjs.org/@rolldown%2fbinding-linux-arm-gnueabihf set size:undefined disposed:false
1105 http fetch GET 200 https://registry.npmjs.org/source-map 228ms (cache miss)
1106 silly packumentCache full:https://registry.npmjs.org/source-map set size:undefined disposed:false
1107 http fetch GET 200 https://registry.npmjs.org/glob-to-regexp 177ms (cache miss)
1108 silly packumentCache full:https://registry.npmjs.org/glob-to-regexp set size:undefined disposed:false
1109 http fetch GET 200 https://registry.npmjs.org/graceful-fs 222ms (cache miss)
1110 silly packumentCache full:https://registry.npmjs.org/graceful-fs set size:undefined disposed:false
1111 http fetch GET 200 https://registry.npmjs.org/@rolldown%2fbinding-win32-arm64-msvc 841ms (cache miss)
1112 silly packumentCache full:https://registry.npmjs.org/@rolldown%2fbinding-win32-arm64-msvc set size:undefined disposed:false
1113 http fetch GET 200 https://registry.npmjs.org/@rolldown%2fbinding-linux-arm64-gnu 983ms (cache miss)
1114 silly packumentCache full:https://registry.npmjs.org/@rolldown%2fbinding-linux-arm64-gnu set size:undefined disposed:false
1115 silly placeDep ROOT @jridgewell/gen-mapping@0.3.13 OK for: @ampproject/remapping@2.3.0 want: ^0.3.5
1116 silly placeDep ROOT @jridgewell/trace-mapping@0.3.31 OK for: @ampproject/remapping@2.3.0 want: ^0.3.24
1117 silly fetch manifest @jridgewell/sourcemap-codec@^1.5.0
1118 silly packumentCache full:https://registry.npmjs.org/@jridgewell%2fsourcemap-codec cache-hit
1119 silly fetch manifest @jridgewell/resolve-uri@^3.1.0
1120 silly packumentCache full:https://registry.npmjs.org/@jridgewell%2fresolve-uri cache-miss
1121 http fetch GET 200 https://registry.npmjs.org/@jridgewell%2fresolve-uri 142ms (cache miss)
1122 silly packumentCache full:https://registry.npmjs.org/@jridgewell%2fresolve-uri set size:undefined disposed:false
1123 silly placeDep ROOT @angular-devkit/core@21.2.11 OK for: @angular-devkit/architect@0.2102.11 want: 21.2.11
1124 silly fetch manifest ajv@8.18.0
1125 silly packumentCache full:https://registry.npmjs.org/ajv cache-miss
1126 silly fetch manifest source-map@0.7.6
1127 silly packumentCache full:https://registry.npmjs.org/source-map cache-miss
1128 silly fetch manifest ajv-formats@3.0.1
1129 silly packumentCache full:https://registry.npmjs.org/ajv-formats cache-miss
1130 http cache https://registry.npmjs.org/source-map 24ms (cache hit)
1131 silly packumentCache full:https://registry.npmjs.org/source-map set size:226212 disposed:false
1132 http fetch GET 200 https://registry.npmjs.org/ajv-formats 164ms (cache miss)
1133 silly packumentCache full:https://registry.npmjs.org/ajv-formats set size:undefined disposed:false
1134 http fetch GET 200 https://registry.npmjs.org/ajv 488ms (cache miss)
1135 silly packumentCache full:https://registry.npmjs.org/ajv set size:undefined disposed:false
1136 silly placeDep ROOT ajv@8.18.0 OK for: @angular-devkit/core@21.2.11 want: 8.18.0
1137 silly placeDep ROOT ajv-formats@3.0.1 OK for: @angular-devkit/core@21.2.11 want: 3.0.1
1138 silly placeDep ROOT source-map@0.7.6 OK for: @angular-devkit/core@21.2.11 want: 0.7.6
1139 silly fetch manifest fast-uri@^3.0.1
1140 silly packumentCache full:https://registry.npmjs.org/fast-uri cache-miss
1141 silly fetch manifest fast-deep-equal@^3.1.3
1142 silly packumentCache full:https://registry.npmjs.org/fast-deep-equal cache-miss
1143 silly fetch manifest require-from-string@^2.0.2
1144 silly packumentCache full:https://registry.npmjs.org/require-from-string cache-miss
1145 silly fetch manifest json-schema-traverse@^1.0.0
1146 silly packumentCache full:https://registry.npmjs.org/json-schema-traverse cache-miss
1147 http fetch GET 200 https://registry.npmjs.org/require-from-string 104ms (cache miss)
1148 silly packumentCache full:https://registry.npmjs.org/require-from-string set size:undefined disposed:false
1149 http fetch GET 200 https://registry.npmjs.org/fast-deep-equal 108ms (cache miss)
1150 silly packumentCache full:https://registry.npmjs.org/fast-deep-equal set size:undefined disposed:false
1151 http fetch GET 200 https://registry.npmjs.org/json-schema-traverse 109ms (cache miss)
1152 silly packumentCache full:https://registry.npmjs.org/json-schema-traverse set size:undefined disposed:false
1153 http fetch GET 200 https://registry.npmjs.org/fast-uri 131ms (cache miss)
1154 silly packumentCache full:https://registry.npmjs.org/fast-uri set size:undefined disposed:false
1155 silly placeDep ROOT parse5@8.0.1 OK for: @angular/cdk@21.2.11 want: ^8.0.0
1156 silly fetch manifest entities@^8.0.0
1157 silly packumentCache full:https://registry.npmjs.org/entities cache-miss
1158 http cache https://registry.npmjs.org/entities 7ms (cache hit)
1159 silly packumentCache full:https://registry.npmjs.org/entities set size:101550 disposed:false
1160 silly fetch manifest @cfworker/json-schema@^4.1.1
1161 silly packumentCache full:https://registry.npmjs.org/@cfworker%2fjson-schema cache-miss
1162 http fetch GET 200 https://registry.npmjs.org/@cfworker%2fjson-schema 148ms (cache miss)
1163 silly packumentCache full:https://registry.npmjs.org/@cfworker%2fjson-schema set size:undefined disposed:false
1164 silly placeDep ROOT @angular-devkit/schematics@21.2.11 OK for: @angular/cli@21.2.11 want: 21.2.11
1165 silly placeDep ROOT @inquirer/prompts@7.10.1 OK for: @angular/cli@21.2.11 want: 7.10.1
1166 silly placeDep ROOT @listr2/prompt-adapter-inquirer@3.0.5 OK for: @angular/cli@21.2.11 want: 3.0.5
1167 silly placeDep ROOT @modelcontextprotocol/sdk@1.26.0 OK for: @angular/cli@21.2.11 want: 1.26.0
1168 silly placeDep ROOT @schematics/angular@21.2.11 OK for: @angular/cli@21.2.11 want: 21.2.11
1169 silly placeDep ROOT @yarnpkg/lockfile@1.1.0 OK for: @angular/cli@21.2.11 want: 1.1.0
1170 silly placeDep ROOT algoliasearch@5.48.1 OK for: @angular/cli@21.2.11 want: 5.48.1
1171 silly placeDep ROOT ini@6.0.0 OK for: @angular/cli@21.2.11 want: 6.0.0
1172 silly placeDep ROOT npm-package-arg@13.0.2 OK for: @angular/cli@21.2.11 want: 13.0.2
1173 silly placeDep ROOT pacote@21.3.1 OK for: @angular/cli@21.2.11 want: 21.3.1
1174 silly placeDep ROOT yargs@18.0.0 OK for: @angular/cli@21.2.11 want: 18.0.0
1175 silly placeDep ROOT zod@4.3.6 OK for: @angular/cli@21.2.11 want: 4.3.6
1176 silly fetch manifest ora@9.3.0
1177 silly packumentCache full:https://registry.npmjs.org/ora cache-miss
1178 silly fetch manifest @inquirer/input@^4.3.1
1179 silly packumentCache full:https://registry.npmjs.org/@inquirer%2finput cache-miss
1180 silly fetch manifest @inquirer/editor@^4.2.23
1181 silly packumentCache full:https://registry.npmjs.org/@inquirer%2feditor cache-miss
1182 silly fetch manifest @inquirer/expand@^4.0.23
1183 silly packumentCache full:https://registry.npmjs.org/@inquirer%2fexpand cache-miss
1184 silly fetch manifest @inquirer/number@^3.0.23
1185 silly packumentCache full:https://registry.npmjs.org/@inquirer%2fnumber cache-miss
1186 silly fetch manifest @inquirer/search@^3.2.2
1187 silly packumentCache full:https://registry.npmjs.org/@inquirer%2fsearch cache-miss
1188 silly fetch manifest @inquirer/select@^4.4.2
1189 silly packumentCache full:https://registry.npmjs.org/@inquirer%2fselect cache-miss
1190 http fetch GET 200 https://registry.npmjs.org/@inquirer%2fsearch 221ms (cache miss)
1191 silly packumentCache full:https://registry.npmjs.org/@inquirer%2fsearch set size:undefined disposed:false
1192 silly fetch manifest @inquirer/rawlist@^4.1.11
1193 silly packumentCache full:https://registry.npmjs.org/@inquirer%2frawlist cache-miss
1194 http fetch GET 200 https://registry.npmjs.org/ora 240ms (cache miss)
1195 silly packumentCache full:https://registry.npmjs.org/ora set size:undefined disposed:false
1196 silly fetch manifest @inquirer/checkbox@^4.3.2
1197 silly packumentCache full:https://registry.npmjs.org/@inquirer%2fcheckbox cache-miss
1198 http fetch GET 200 https://registry.npmjs.org/@inquirer%2feditor 263ms (cache miss)
1199 silly packumentCache full:https://registry.npmjs.org/@inquirer%2feditor set size:undefined disposed:false
1200 silly fetch manifest @inquirer/password@^4.0.23
1201 silly packumentCache full:https://registry.npmjs.org/@inquirer%2fpassword cache-miss
1202 http fetch GET 200 https://registry.npmjs.org/@inquirer%2fselect 273ms (cache miss)
1203 silly packumentCache full:https://registry.npmjs.org/@inquirer%2fselect set size:undefined disposed:false
1204 silly fetch manifest @inquirer/type@^3.0.8
1205 silly packumentCache full:https://registry.npmjs.org/@inquirer%2ftype cache-miss
1206 http fetch GET 200 https://registry.npmjs.org/@inquirer%2fnumber 285ms (cache miss)
1207 silly packumentCache full:https://registry.npmjs.org/@inquirer%2fnumber set size:undefined disposed:false
1208 silly fetch manifest zod@^3.25 || ^4.0
1209 silly packumentCache full:https://registry.npmjs.org/zod cache-miss
1210 http cache https://registry.npmjs.org/@inquirer%2ftype 17ms (cache hit)
1211 silly packumentCache full:https://registry.npmjs.org/@inquirer%2ftype set size:115206 disposed:false
1212 silly fetch manifest cors@^2.8.5
1213 silly packumentCache full:https://registry.npmjs.org/cors cache-miss
1214 http fetch GET 200 https://registry.npmjs.org/@inquirer%2finput 310ms (cache miss)
1215 silly packumentCache full:https://registry.npmjs.org/@inquirer%2finput set size:undefined disposed:false
1216 silly fetch manifest hono@^4.11.4
1217 silly packumentCache full:https://registry.npmjs.org/hono cache-miss
1218 http cache https://registry.npmjs.org/zod 43ms (cache hit)
1219 silly packumentCache full:https://registry.npmjs.org/zod set size:3552562 disposed:false
1220 silly fetch manifest jose@^6.1.3
1221 silly packumentCache full:https://registry.npmjs.org/jose cache-miss
1222 http fetch GET 200 https://registry.npmjs.org/@inquirer%2fexpand 382ms (cache miss)
1223 silly packumentCache full:https://registry.npmjs.org/@inquirer%2fexpand set size:undefined disposed:false
1224 silly fetch manifest express@^5.2.1
1225 silly packumentCache full:https://registry.npmjs.org/express cache-miss
1226 http fetch GET 200 https://registry.npmjs.org/cors 201ms (cache miss)
1227 silly packumentCache full:https://registry.npmjs.org/cors set size:undefined disposed:false
1228 silly fetch manifest raw-body@^3.0.0
1229 silly packumentCache full:https://registry.npmjs.org/raw-body cache-miss
1230 http fetch GET 200 https://registry.npmjs.org/@inquirer%2fpassword 272ms (cache miss)
1231 silly packumentCache full:https://registry.npmjs.org/@inquirer%2fpassword set size:undefined disposed:false
1232 silly fetch manifest cross-spawn@^7.0.5
1233 silly packumentCache full:https://registry.npmjs.org/cross-spawn cache-miss
1234 http fetch GET 200 https://registry.npmjs.org/@inquirer%2frawlist 339ms (cache miss)
1235 silly packumentCache full:https://registry.npmjs.org/@inquirer%2frawlist set size:undefined disposed:false
1236 silly fetch manifest eventsource@^3.0.2
1237 silly packumentCache full:https://registry.npmjs.org/eventsource cache-miss
1238 http fetch GET 200 https://registry.npmjs.org/@inquirer%2fcheckbox 336ms (cache miss)
1239 silly packumentCache full:https://registry.npmjs.org/@inquirer%2fcheckbox set size:undefined disposed:false
1240 silly fetch manifest content-type@^1.0.5
1241 silly packumentCache full:https://registry.npmjs.org/content-type cache-miss
1242 http fetch GET 200 https://registry.npmjs.org/raw-body 177ms (cache miss)
1243 silly packumentCache full:https://registry.npmjs.org/raw-body set size:undefined disposed:false
1244 silly fetch manifest pkce-challenge@^5.0.0
1245 silly packumentCache full:https://registry.npmjs.org/pkce-challenge cache-miss
1246 http fetch GET 200 https://registry.npmjs.org/content-type 122ms (cache miss)
1247 silly packumentCache full:https://registry.npmjs.org/content-type set size:undefined disposed:false
1248 silly fetch manifest @hono/node-server@^1.19.9
1249 silly packumentCache full:https://registry.npmjs.org/@hono%2fnode-server cache-miss
1250 http fetch GET 200 https://registry.npmjs.org/cross-spawn 177ms (cache miss)
1251 silly packumentCache full:https://registry.npmjs.org/cross-spawn set size:undefined disposed:false
1252 silly fetch manifest json-schema-typed@^8.0.2
1253 silly packumentCache full:https://registry.npmjs.org/json-schema-typed cache-miss
1254 http fetch GET 200 https://registry.npmjs.org/eventsource 170ms (cache miss)
1255 silly packumentCache full:https://registry.npmjs.org/eventsource set size:undefined disposed:false
1256 silly fetch manifest eventsource-parser@^3.0.0
1257 silly packumentCache full:https://registry.npmjs.org/eventsource-parser cache-miss
1258 http fetch GET 200 https://registry.npmjs.org/express 374ms (cache miss)
1259 silly packumentCache full:https://registry.npmjs.org/express set size:undefined disposed:false
1260 silly fetch manifest express-rate-limit@^8.2.1
1261 silly packumentCache full:https://registry.npmjs.org/express-rate-limit cache-miss
1262 http fetch GET 200 https://registry.npmjs.org/pkce-challenge 149ms (cache miss)
1263 silly packumentCache full:https://registry.npmjs.org/pkce-challenge set size:undefined disposed:false
1264 silly fetch manifest zod-to-json-schema@^3.25.1
1265 silly packumentCache full:https://registry.npmjs.org/zod-to-json-schema cache-miss
1266 http fetch GET 200 https://registry.npmjs.org/json-schema-typed 191ms (cache miss)
1267 silly packumentCache full:https://registry.npmjs.org/json-schema-typed set size:undefined disposed:false
1268 silly fetch manifest @algolia/abtesting@1.14.1
1269 silly packumentCache full:https://registry.npmjs.org/@algolia%2fabtesting cache-miss
1270 http fetch GET 200 https://registry.npmjs.org/eventsource-parser 216ms (cache miss)
1271 silly packumentCache full:https://registry.npmjs.org/eventsource-parser set size:undefined disposed:false
1272 silly fetch manifest @algolia/ingestion@1.48.1
1273 silly packumentCache full:https://registry.npmjs.org/@algolia%2fingestion cache-miss
1274 http fetch GET 200 https://registry.npmjs.org/@hono%2fnode-server 311ms (cache miss)
1275 silly packumentCache full:https://registry.npmjs.org/@hono%2fnode-server set size:undefined disposed:false
1276 silly fetch manifest @algolia/recommend@5.48.1
1277 silly packumentCache full:https://registry.npmjs.org/@algolia%2frecommend cache-miss
1278 http fetch GET 200 https://registry.npmjs.org/hono 853ms (cache miss)
1279 silly packumentCache full:https://registry.npmjs.org/hono set size:undefined disposed:false
1280 silly fetch manifest @algolia/monitoring@1.48.1
1281 silly packumentCache full:https://registry.npmjs.org/@algolia%2fmonitoring cache-miss
1282 http fetch GET 200 https://registry.npmjs.org/jose 879ms (cache miss)
1283 silly packumentCache full:https://registry.npmjs.org/jose set size:undefined disposed:false
1284 silly fetch manifest @algolia/client-common@5.48.1
1285 silly packumentCache full:https://registry.npmjs.org/@algolia%2fclient-common cache-miss
1286 http fetch GET 200 https://registry.npmjs.org/zod-to-json-schema 479ms (cache miss)
1287 silly packumentCache full:https://registry.npmjs.org/zod-to-json-schema set size:undefined disposed:false
1288 silly fetch manifest @algolia/client-search@5.48.1
1289 silly packumentCache full:https://registry.npmjs.org/@algolia%2fclient-search cache-miss
1290 http fetch GET 200 https://registry.npmjs.org/@algolia%2fabtesting 412ms (cache miss)
1291 silly packumentCache full:https://registry.npmjs.org/@algolia%2fabtesting set size:undefined disposed:false
1292 silly fetch manifest @algolia/client-insights@5.48.1
1293 silly packumentCache full:https://registry.npmjs.org/@algolia%2fclient-insights cache-miss
1294 http fetch GET 200 https://registry.npmjs.org/express-rate-limit 565ms (cache miss)
1295 silly packumentCache full:https://registry.npmjs.org/express-rate-limit set size:undefined disposed:false
1296 silly fetch manifest @algolia/requester-fetch@5.48.1
1297 silly packumentCache full:https://registry.npmjs.org/@algolia%2frequester-fetch cache-miss
1298 http fetch GET 200 https://registry.npmjs.org/@algolia%2fingestion 410ms (cache miss)
1299 silly packumentCache full:https://registry.npmjs.org/@algolia%2fingestion set size:undefined disposed:false
1300 silly fetch manifest @algolia/client-abtesting@5.48.1
1301 silly packumentCache full:https://registry.npmjs.org/@algolia%2fclient-abtesting cache-miss
1302 http fetch GET 200 https://registry.npmjs.org/@algolia%2fmonitoring 262ms (cache miss)
1303 silly packumentCache full:https://registry.npmjs.org/@algolia%2fmonitoring set size:undefined disposed:false
1304 silly fetch manifest @algolia/client-analytics@5.48.1
1305 silly packumentCache full:https://registry.npmjs.org/@algolia%2fclient-analytics cache-miss
1306 http fetch GET 200 https://registry.npmjs.org/@algolia%2frecommend 769ms (cache miss)
1307 silly packumentCache full:https://registry.npmjs.org/@algolia%2frecommend set size:undefined disposed:false
1308 silly fetch manifest @algolia/requester-node-http@5.48.1
1309 silly packumentCache full:https://registry.npmjs.org/@algolia%2frequester-node-http cache-miss
1310 http fetch GET 200 https://registry.npmjs.org/@algolia%2frequester-fetch 590ms (cache miss)
1311 silly packumentCache full:https://registry.npmjs.org/@algolia%2frequester-fetch set size:undefined disposed:false
1312 silly fetch manifest @algolia/requester-browser-xhr@5.48.1
1313 silly packumentCache full:https://registry.npmjs.org/@algolia%2frequester-browser-xhr cache-miss
1314 http fetch GET 200 https://registry.npmjs.org/@algolia%2fclient-insights 690ms (cache miss)
1315 silly packumentCache full:https://registry.npmjs.org/@algolia%2fclient-insights set size:undefined disposed:false
1316 silly fetch manifest @algolia/client-personalization@5.48.1
1317 silly packumentCache full:https://registry.npmjs.org/@algolia%2fclient-personalization cache-miss
1318 http fetch GET 200 https://registry.npmjs.org/@algolia%2fclient-abtesting 674ms (cache miss)
1319 silly packumentCache full:https://registry.npmjs.org/@algolia%2fclient-abtesting set size:undefined disposed:false
1320 silly fetch manifest @algolia/client-query-suggestions@5.48.1
1321 silly packumentCache full:https://registry.npmjs.org/@algolia%2fclient-query-suggestions cache-miss
1322 http fetch GET 200 https://registry.npmjs.org/@algolia%2fclient-search 860ms (cache miss)
1323 silly packumentCache full:https://registry.npmjs.org/@algolia%2fclient-search set size:undefined disposed:false
1324 silly fetch manifest proc-log@^6.0.0
1325 silly packumentCache full:https://registry.npmjs.org/proc-log cache-miss
1326 http fetch GET 200 https://registry.npmjs.org/@algolia%2fclient-common 929ms (cache miss)
1327 silly packumentCache full:https://registry.npmjs.org/@algolia%2fclient-common set size:undefined disposed:false
1328 silly fetch manifest hosted-git-info@^9.0.0
1329 silly packumentCache full:https://registry.npmjs.org/hosted-git-info cache-miss
1330 http fetch GET 200 https://registry.npmjs.org/@algolia%2fclient-analytics 716ms (cache miss)
1331 silly packumentCache full:https://registry.npmjs.org/@algolia%2fclient-analytics set size:undefined disposed:false
1332 silly fetch manifest validate-npm-package-name@^7.0.0
1333 silly packumentCache full:https://registry.npmjs.org/validate-npm-package-name cache-miss
1334 http fetch GET 200 https://registry.npmjs.org/proc-log 121ms (cache miss)
1335 silly packumentCache full:https://registry.npmjs.org/proc-log set size:undefined disposed:false
1336 silly fetch manifest tar@^7.4.3
1337 silly packumentCache full:https://registry.npmjs.org/tar cache-miss
1338 http fetch GET 200 https://registry.npmjs.org/validate-npm-package-name 134ms (cache miss)
1339 silly packumentCache full:https://registry.npmjs.org/validate-npm-package-name set size:undefined disposed:false
1340 silly fetch manifest ssri@^13.0.0
1341 silly packumentCache full:https://registry.npmjs.org/ssri cache-miss
1342 http fetch GET 200 https://registry.npmjs.org/hosted-git-info 220ms (cache miss)
1343 silly packumentCache full:https://registry.npmjs.org/hosted-git-info set size:undefined disposed:false
1344 silly fetch manifest cacache@^20.0.0
1345 silly packumentCache full:https://registry.npmjs.org/cacache cache-miss
1346 http fetch GET 200 https://registry.npmjs.org/@algolia%2frequester-node-http 709ms (cache miss)
1347 silly packumentCache full:https://registry.npmjs.org/@algolia%2frequester-node-http set size:undefined disposed:false
1348 silly fetch manifest minipass@^7.0.2
1349 silly packumentCache full:https://registry.npmjs.org/minipass cache-miss
1350 http fetch GET 200 https://registry.npmjs.org/@algolia%2fclient-query-suggestions 462ms (cache miss)
1351 silly packumentCache full:https://registry.npmjs.org/@algolia%2fclient-query-suggestions set size:undefined disposed:false
1352 silly fetch manifest sigstore@^4.0.0
1353 silly packumentCache full:https://registry.npmjs.org/sigstore cache-miss
1354 http fetch GET 200 https://registry.npmjs.org/@algolia%2fclient-personalization 532ms (cache miss)
1355 silly packumentCache full:https://registry.npmjs.org/@algolia%2fclient-personalization set size:undefined disposed:false
1356 silly fetch manifest @npmcli/git@^7.0.0
1357 silly packumentCache full:https://registry.npmjs.org/@npmcli%2fgit cache-miss
1358 http fetch GET 200 https://registry.npmjs.org/ssri 234ms (cache miss)
1359 silly packumentCache full:https://registry.npmjs.org/ssri set size:undefined disposed:false
1360 silly fetch manifest fs-minipass@^3.0.0
1361 silly packumentCache full:https://registry.npmjs.org/fs-minipass cache-miss
1362 http fetch GET 200 https://registry.npmjs.org/tar 387ms (cache miss)
1363 silly packumentCache full:https://registry.npmjs.org/tar set size:undefined disposed:false
1364 silly fetch manifest npm-packlist@^10.0.1
1365 silly packumentCache full:https://registry.npmjs.org/npm-packlist cache-miss
1366 http fetch GET 200 https://registry.npmjs.org/cacache 266ms (cache miss)
1367 silly packumentCache full:https://registry.npmjs.org/cacache set size:undefined disposed:false
1368 silly fetch manifest promise-retry@^2.0.1
1369 silly packumentCache full:https://registry.npmjs.org/promise-retry cache-miss
1370 http fetch GET 200 https://registry.npmjs.org/sigstore 172ms (cache miss)
1371 silly packumentCache full:https://registry.npmjs.org/sigstore set size:undefined disposed:false
1372 silly fetch manifest npm-pick-manifest@^11.0.1
1373 silly packumentCache full:https://registry.npmjs.org/npm-pick-manifest cache-miss
1374 http fetch GET 200 https://registry.npmjs.org/@algolia%2frequester-browser-xhr 784ms (cache miss)
1375 silly packumentCache full:https://registry.npmjs.org/@algolia%2frequester-browser-xhr set size:undefined disposed:false
1376 silly fetch manifest @npmcli/run-script@^10.0.0
1377 silly packumentCache full:https://registry.npmjs.org/@npmcli%2frun-script cache-miss
1378 http fetch GET 200 https://registry.npmjs.org/fs-minipass 140ms (cache miss)
1379 silly packumentCache full:https://registry.npmjs.org/fs-minipass set size:undefined disposed:false
1380 silly fetch manifest npm-registry-fetch@^19.0.0
1381 silly packumentCache full:https://registry.npmjs.org/npm-registry-fetch cache-miss
1382 http fetch GET 200 https://registry.npmjs.org/@npmcli%2fgit 181ms (cache miss)
1383 silly packumentCache full:https://registry.npmjs.org/@npmcli%2fgit set size:undefined disposed:false
1384 silly fetch manifest @npmcli/package-json@^7.0.0
1385 silly packumentCache full:https://registry.npmjs.org/@npmcli%2fpackage-json cache-miss
1386 http fetch GET 200 https://registry.npmjs.org/minipass 309ms (cache miss)
1387 silly packumentCache full:https://registry.npmjs.org/minipass set size:undefined disposed:false
1388 silly fetch manifest @npmcli/promise-spawn@^9.0.0
1389 silly packumentCache full:https://registry.npmjs.org/@npmcli%2fpromise-spawn cache-miss
1390 http fetch GET 200 https://registry.npmjs.org/promise-retry 213ms (cache miss)
1391 silly packumentCache full:https://registry.npmjs.org/promise-retry set size:undefined disposed:false
1392 silly fetch manifest @npmcli/installed-package-contents@^4.0.0
1393 silly packumentCache full:https://registry.npmjs.org/@npmcli%2finstalled-package-contents cache-miss
1394 http fetch GET 200 https://registry.npmjs.org/npm-pick-manifest 219ms (cache miss)
1395 silly packumentCache full:https://registry.npmjs.org/npm-pick-manifest set size:undefined disposed:false
1396 silly fetch manifest cliui@^9.0.1
1397 silly packumentCache full:https://registry.npmjs.org/cliui cache-miss
1398 http fetch GET 200 https://registry.npmjs.org/npm-packlist 281ms (cache miss)
1399 silly packumentCache full:https://registry.npmjs.org/npm-packlist set size:undefined disposed:false
1400 silly fetch manifest escalade@^3.1.1
1401 silly packumentCache full:https://registry.npmjs.org/escalade cache-miss
1402 http fetch GET 200 https://registry.npmjs.org/@npmcli%2fpackage-json 223ms (cache miss)
1403 silly packumentCache full:https://registry.npmjs.org/@npmcli%2fpackage-json set size:undefined disposed:false
1404 silly fetch manifest get-caller-file@^2.0.5
1405 silly packumentCache full:https://registry.npmjs.org/get-caller-file cache-miss
1406 http fetch GET 200 https://registry.npmjs.org/@npmcli%2frun-script 261ms (cache miss)
1407 silly packumentCache full:https://registry.npmjs.org/@npmcli%2frun-script set size:undefined disposed:false
1408 silly fetch manifest string-width@^7.2.0
1409 silly packumentCache full:https://registry.npmjs.org/string-width cache-miss
1410 http fetch GET 200 https://registry.npmjs.org/@npmcli%2fpromise-spawn 204ms (cache miss)
1411 silly packumentCache full:https://registry.npmjs.org/@npmcli%2fpromise-spawn set size:undefined disposed:false
1412 silly fetch manifest y18n@^5.0.5
1413 silly packumentCache full:https://registry.npmjs.org/y18n cache-miss
1414 http fetch GET 200 https://registry.npmjs.org/npm-registry-fetch 322ms (cache miss)
1415 silly packumentCache full:https://registry.npmjs.org/npm-registry-fetch set size:undefined disposed:false
1416 silly fetch manifest yargs-parser@^22.0.0
1417 silly packumentCache full:https://registry.npmjs.org/yargs-parser cache-miss
1418 http fetch GET 200 https://registry.npmjs.org/@npmcli%2finstalled-package-contents 158ms (cache miss)
1419 silly packumentCache full:https://registry.npmjs.org/@npmcli%2finstalled-package-contents set size:undefined disposed:false
1420 http fetch GET 200 https://registry.npmjs.org/get-caller-file 103ms (cache miss)
1421 silly packumentCache full:https://registry.npmjs.org/get-caller-file set size:undefined disposed:false
1422 http fetch GET 200 https://registry.npmjs.org/string-width 130ms (cache miss)
1423 silly packumentCache full:https://registry.npmjs.org/string-width set size:undefined disposed:false
1424 http fetch GET 200 https://registry.npmjs.org/escalade 158ms (cache miss)
1425 silly packumentCache full:https://registry.npmjs.org/escalade set size:undefined disposed:false
1426 http fetch GET 200 https://registry.npmjs.org/cliui 195ms (cache miss)
1427 silly packumentCache full:https://registry.npmjs.org/cliui set size:undefined disposed:false
1428 http fetch GET 200 https://registry.npmjs.org/y18n 118ms (cache miss)
1429 silly packumentCache full:https://registry.npmjs.org/y18n set size:undefined disposed:false
1430 http fetch GET 200 https://registry.npmjs.org/yargs-parser 265ms (cache miss)
1431 silly packumentCache full:https://registry.npmjs.org/yargs-parser set size:undefined disposed:false
1432 silly placeDep ROOT ora@9.3.0 OK for: @angular-devkit/schematics@21.2.11 want: 9.3.0
1433 silly fetch manifest chalk@^5.6.2
1434 silly packumentCache full:https://registry.npmjs.org/chalk cache-miss
1435 silly fetch manifest cli-cursor@^5.0.0
1436 silly packumentCache full:https://registry.npmjs.org/cli-cursor cache-miss
1437 silly fetch manifest log-symbols@^7.0.1
1438 silly packumentCache full:https://registry.npmjs.org/log-symbols cache-miss
1439 silly fetch manifest cli-spinners@^3.2.0
1440 silly packumentCache full:https://registry.npmjs.org/cli-spinners cache-miss
1441 silly fetch manifest string-width@^8.1.0
1442 silly packumentCache full:https://registry.npmjs.org/string-width cache-miss
1443 silly fetch manifest is-interactive@^2.0.0
1444 silly packumentCache full:https://registry.npmjs.org/is-interactive cache-miss
1445 silly fetch manifest stdin-discarder@^0.3.1
1446 silly packumentCache full:https://registry.npmjs.org/stdin-discarder cache-miss
1447 http cache https://registry.npmjs.org/string-width 17ms (cache hit)
1448 silly packumentCache full:https://registry.npmjs.org/string-width set size:70381 disposed:false
1449 silly fetch manifest is-unicode-supported@^2.1.0
1450 silly packumentCache full:https://registry.npmjs.org/is-unicode-supported cache-miss
1451 http fetch GET 200 https://registry.npmjs.org/cli-cursor 101ms (cache miss)
1452 silly packumentCache full:https://registry.npmjs.org/cli-cursor set size:undefined disposed:false
1453 http fetch GET 200 https://registry.npmjs.org/stdin-discarder 101ms (cache miss)
1454 silly packumentCache full:https://registry.npmjs.org/stdin-discarder set size:undefined disposed:false
1455 http fetch GET 200 https://registry.npmjs.org/is-interactive 115ms (cache miss)
1456 silly packumentCache full:https://registry.npmjs.org/is-interactive set size:undefined disposed:false
1457 http fetch GET 200 https://registry.npmjs.org/log-symbols 128ms (cache miss)
1458 silly packumentCache full:https://registry.npmjs.org/log-symbols set size:undefined disposed:false
1459 http fetch GET 200 https://registry.npmjs.org/cli-spinners 139ms (cache miss)
1460 silly packumentCache full:https://registry.npmjs.org/cli-spinners set size:undefined disposed:false
1461 http fetch GET 200 https://registry.npmjs.org/is-unicode-supported 121ms (cache miss)
1462 silly packumentCache full:https://registry.npmjs.org/is-unicode-supported set size:undefined disposed:false
1463 http fetch GET 200 https://registry.npmjs.org/chalk 192ms (cache miss)
1464 silly packumentCache full:https://registry.npmjs.org/chalk set size:undefined disposed:false
1465 silly placeDep ROOT @jridgewell/sourcemap-codec@1.5.5 OK for: @angular/compiler-cli@21.2.13 want: ^1.4.14
1466 silly placeDep ROOT chokidar@5.0.0 OK for: @angular/compiler-cli@21.2.13 want: ^5.0.0
1467 silly placeDep ROOT convert-source-map@1.9.0 OK for: @angular/compiler-cli@21.2.13 want: ^1.5.1
1468 silly placeDep ROOT reflect-metadata@0.2.2 OK for: @angular/compiler-cli@21.2.13 want: ^0.2.0
1469 silly fetch manifest readdirp@^5.0.0
1470 silly packumentCache full:https://registry.npmjs.org/readdirp cache-miss
1471 http fetch GET 200 https://registry.npmjs.org/readdirp 113ms (cache miss)
1472 silly packumentCache full:https://registry.npmjs.org/readdirp set size:undefined disposed:false
1473 silly placeDep ROOT @standard-schema/spec@1.1.0 OK for: @angular/forms@21.2.13 want: ^1.0.0
1474 silly fetch manifest @babel/core@^7.0.0
1475 silly packumentCache full:https://registry.npmjs.org/@babel%2fcore cache-miss
1476 http cache https://registry.npmjs.org/@babel%2fcore 11ms (cache hit)
1477 silly packumentCache full:https://registry.npmjs.org/@babel%2fcore set size:768033 disposed:false
1478 silly placeDep ROOT @babel/code-frame@7.29.0 OK for: @babel/core@7.29.0 want: ^7.29.0
1479 silly placeDep ROOT @babel/generator@7.29.1 OK for: @babel/core@7.29.0 want: ^7.29.0
1480 silly placeDep ROOT @babel/helper-compilation-targets@7.28.6 OK for: @babel/core@7.29.0 want: ^7.28.6
1481 silly placeDep ROOT @babel/helper-module-transforms@7.28.6 OK for: @babel/core@7.29.0 want: ^7.28.6
1482 silly placeDep ROOT @babel/helpers@7.29.2 OK for: @babel/core@7.29.0 want: ^7.28.6
1483 silly placeDep ROOT @babel/parser@7.29.3 OK for: @babel/core@7.29.0 want: ^7.29.0
1484 silly placeDep ROOT @babel/template@7.28.6 OK for: @babel/core@7.29.0 want: ^7.28.6
1485 silly placeDep ROOT @babel/traverse@7.29.0 OK for: @babel/core@7.29.0 want: ^7.29.0
1486 silly placeDep ROOT @babel/types@7.29.0 OK for: @babel/core@7.29.0 want: ^7.29.0
1487 silly placeDep ROOT @jridgewell/remapping@2.3.5 OK for: @babel/core@7.29.0 want: ^2.3.5
1488 silly placeDep node_modules/@babel/core convert-source-map@2.0.0 OK for: @babel/core@7.29.0 want: ^2.0.0
1489 silly placeDep ROOT debug@4.4.3 OK for: @babel/core@7.29.0 want: ^4.1.0
1490 silly placeDep ROOT gensync@1.0.0-beta.2 OK for: @babel/core@7.29.0 want: ^1.0.0-beta.2
1491 silly placeDep ROOT json5@2.2.3 OK for: @babel/core@7.29.0 want: ^2.2.3
1492 silly placeDep node_modules/@babel/core semver@6.3.1 OK for: @babel/core@7.29.0 want: ^6.3.1
1493 silly fetch manifest js-tokens@^4.0.0
1494 silly packumentCache full:https://registry.npmjs.org/js-tokens cache-miss
1495 silly fetch manifest @babel/helper-validator-identifier@^7.28.5
1496 silly packumentCache full:https://registry.npmjs.org/@babel%2fhelper-validator-identifier cache-miss
1497 silly fetch manifest jsesc@^3.0.2
1498 silly packumentCache full:https://registry.npmjs.org/jsesc cache-miss
1499 silly fetch manifest lru-cache@^5.1.1
1500 silly packumentCache full:https://registry.npmjs.org/lru-cache cache-miss
1501 silly fetch manifest @babel/compat-data@^7.28.6
1502 silly packumentCache full:https://registry.npmjs.org/@babel%2fcompat-data cache-miss
1503 silly fetch manifest @babel/helper-validator-option@^7.27.1
1504 silly packumentCache full:https://registry.npmjs.org/@babel%2fhelper-validator-option cache-miss
1505 silly fetch manifest @babel/traverse@^7.28.6
1506 silly packumentCache full:https://registry.npmjs.org/@babel%2ftraverse cache-miss
1507 http cache https://registry.npmjs.org/@babel%2ftraverse 19ms (cache hit)
1508 silly packumentCache full:https://registry.npmjs.org/@babel%2ftraverse set size:553169 disposed:false
1509 silly fetch manifest @babel/helper-module-imports@^7.28.6
1510 silly packumentCache full:https://registry.npmjs.org/@babel%2fhelper-module-imports cache-miss
1511 http fetch GET 200 https://registry.npmjs.org/js-tokens 125ms (cache miss)
1512 silly packumentCache full:https://registry.npmjs.org/js-tokens set size:undefined disposed:false
1513 silly fetch manifest @babel/helper-validator-identifier@^7.28.5
1514 silly packumentCache full:https://registry.npmjs.org/@babel%2fhelper-validator-identifier cache-miss
1515 http fetch GET 200 https://registry.npmjs.org/jsesc 133ms (cache miss)
1516 silly packumentCache full:https://registry.npmjs.org/jsesc set size:undefined disposed:false
1517 silly fetch manifest @babel/types@^7.28.6
1518 silly packumentCache full:https://registry.npmjs.org/@babel%2ftypes cache-hit
1519 silly fetch manifest debug@^4.3.1
1520 silly packumentCache full:https://registry.npmjs.org/debug cache-hit
1521 silly fetch manifest @babel/helper-globals@^7.28.0
1522 silly packumentCache full:https://registry.npmjs.org/@babel%2fhelper-globals cache-miss
1523 http fetch GET 200 https://registry.npmjs.org/@babel%2fhelper-validator-option 189ms (cache miss)
1524 silly packumentCache full:https://registry.npmjs.org/@babel%2fhelper-validator-option set size:undefined disposed:false
1525 silly fetch manifest @babel/helper-string-parser@^7.27.1
1526 silly packumentCache full:https://registry.npmjs.org/@babel%2fhelper-string-parser cache-miss
1527 http fetch GET 200 https://registry.npmjs.org/@babel%2fhelper-module-imports 196ms (cache miss)
1528 silly packumentCache full:https://registry.npmjs.org/@babel%2fhelper-module-imports set size:undefined disposed:false
1529 silly fetch manifest @babel/helper-validator-identifier@^7.28.5
1530 silly packumentCache full:https://registry.npmjs.org/@babel%2fhelper-validator-identifier cache-miss
1531 http fetch GET 200 https://registry.npmjs.org/@babel%2fcompat-data 259ms (cache miss)
1532 silly packumentCache full:https://registry.npmjs.org/@babel%2fcompat-data set size:undefined disposed:false
1533 silly fetch manifest ms@^2.1.3
1534 silly packumentCache full:https://registry.npmjs.org/ms cache-miss
1535 http fetch GET 200 https://registry.npmjs.org/@babel%2fhelper-globals 135ms (cache miss)
1536 silly packumentCache full:https://registry.npmjs.org/@babel%2fhelper-globals set size:undefined disposed:false
1537 http fetch GET 200 https://registry.npmjs.org/@babel%2fhelper-validator-identifier 193ms (cache miss)
1538 silly packumentCache full:https://registry.npmjs.org/@babel%2fhelper-validator-identifier set size:undefined disposed:false
1539 http fetch GET 200 https://registry.npmjs.org/@babel%2fhelper-validator-identifier 340ms (cache miss)
1540 silly packumentCache full:https://registry.npmjs.org/@babel%2fhelper-validator-identifier set size:undefined disposed:false
1541 http fetch GET 200 https://registry.npmjs.org/lru-cache 343ms (cache miss)
1542 silly packumentCache full:https://registry.npmjs.org/lru-cache set size:undefined disposed:false
1543 http fetch GET 200 https://registry.npmjs.org/@babel%2fhelper-validator-identifier 122ms (cache miss)
1544 silly packumentCache full:https://registry.npmjs.org/@babel%2fhelper-validator-identifier set size:undefined disposed:false
1545 http fetch GET 200 https://registry.npmjs.org/@babel%2fhelper-string-parser 165ms (cache miss)
1546 silly packumentCache full:https://registry.npmjs.org/@babel%2fhelper-string-parser set size:undefined disposed:false
1547 http fetch GET 200 https://registry.npmjs.org/ms 117ms (cache miss)
1548 silly packumentCache full:https://registry.npmjs.org/ms set size:undefined disposed:false
1549 silly placeDep ROOT @babel/helper-validator-identifier@7.28.5 OK for: @babel/code-frame@7.29.0 want: ^7.28.5
1550 silly placeDep ROOT js-tokens@4.0.0 OK for: @babel/code-frame@7.29.0 want: ^4.0.0
1551 silly placeDep ROOT picocolors@1.1.1 OK for: @babel/code-frame@7.29.0 want: ^1.1.1
1552 silly placeDep ROOT jsesc@3.1.0 OK for: @babel/generator@7.29.1 want: ^3.0.2
1553 silly placeDep ROOT @babel/compat-data@7.29.3 OK for: @babel/helper-compilation-targets@7.28.6 want: ^7.28.6
1554 silly placeDep ROOT @babel/helper-validator-option@7.27.1 OK for: @babel/helper-compilation-targets@7.28.6 want: ^7.27.1
1555 silly placeDep ROOT lru-cache@5.1.1 OK for: @babel/helper-compilation-targets@7.28.6 want: ^5.1.1
1556 silly placeDep node_modules/@babel/helper-compilation-targets semver@6.3.1 OK for: @babel/helper-compilation-targets@7.28.6 want: ^6.3.1
1557 silly fetch manifest yallist@^3.0.2
1558 silly packumentCache full:https://registry.npmjs.org/yallist cache-miss
1559 http fetch GET 200 https://registry.npmjs.org/yallist 123ms (cache miss)
1560 silly packumentCache full:https://registry.npmjs.org/yallist set size:undefined disposed:false
1561 silly placeDep ROOT @babel/helper-module-imports@7.28.6 OK for: @babel/helper-module-transforms@7.28.6 want: ^7.28.6
1562 silly placeDep ROOT @babel/helper-globals@7.28.0 OK for: @babel/traverse@7.29.0 want: ^7.28.0
1563 silly placeDep ROOT @babel/helper-string-parser@7.27.1 OK for: @babel/types@7.29.0 want: ^7.27.1
1564 silly placeDep ROOT @inquirer/core@10.3.2 OK for: @inquirer/confirm@5.1.21 want: ^10.3.2
1565 silly placeDep ROOT @inquirer/type@3.0.10 OK for: @inquirer/confirm@5.1.21 want: ^3.0.10
1566 silly fetch manifest cli-width@^4.1.0
1567 silly packumentCache full:https://registry.npmjs.org/cli-width cache-miss
1568 silly fetch manifest wrap-ansi@^6.2.0
1569 silly packumentCache full:https://registry.npmjs.org/wrap-ansi cache-miss
1570 silly fetch manifest mute-stream@^2.0.0
1571 silly packumentCache full:https://registry.npmjs.org/mute-stream cache-miss
1572 silly fetch manifest signal-exit@^4.1.0
1573 silly packumentCache full:https://registry.npmjs.org/signal-exit cache-miss
1574 silly fetch manifest @inquirer/ansi@^1.0.2
1575 silly packumentCache full:https://registry.npmjs.org/@inquirer%2fansi cache-miss
1576 silly fetch manifest yoctocolors-cjs@^2.1.3
1577 silly packumentCache full:https://registry.npmjs.org/yoctocolors-cjs cache-miss
1578 silly fetch manifest @inquirer/figures@^1.0.15
1579 silly packumentCache full:https://registry.npmjs.org/@inquirer%2ffigures cache-miss
1580 http cache https://registry.npmjs.org/wrap-ansi 14ms (cache hit)
1581 silly packumentCache full:https://registry.npmjs.org/wrap-ansi set size:55299 disposed:false
1582 http fetch GET 200 https://registry.npmjs.org/cli-width 129ms (cache miss)
1583 silly packumentCache full:https://registry.npmjs.org/cli-width set size:undefined disposed:false
1584 http fetch GET 200 https://registry.npmjs.org/mute-stream 134ms (cache miss)
1585 silly packumentCache full:https://registry.npmjs.org/mute-stream set size:undefined disposed:false
1586 http fetch GET 200 https://registry.npmjs.org/signal-exit 166ms (cache miss)
1587 silly packumentCache full:https://registry.npmjs.org/signal-exit set size:undefined disposed:false
1588 http fetch GET 200 https://registry.npmjs.org/@inquirer%2fansi 230ms (cache miss)
1589 silly packumentCache full:https://registry.npmjs.org/@inquirer%2fansi set size:undefined disposed:false
1590 http fetch GET 200 https://registry.npmjs.org/@inquirer%2ffigures 229ms (cache miss)
1591 silly packumentCache full:https://registry.npmjs.org/@inquirer%2ffigures set size:undefined disposed:false
1592 http fetch GET 200 https://registry.npmjs.org/yoctocolors-cjs 278ms (cache miss)
1593 silly packumentCache full:https://registry.npmjs.org/yoctocolors-cjs set size:undefined disposed:false
1594 silly placeDep ROOT @inquirer/ansi@1.0.2 OK for: @inquirer/core@10.3.2 want: ^1.0.2
1595 silly placeDep ROOT @inquirer/figures@1.0.15 OK for: @inquirer/core@10.3.2 want: ^1.0.15
1596 silly placeDep ROOT cli-width@4.1.0 OK for: @inquirer/core@10.3.2 want: ^4.1.0
1597 silly placeDep ROOT mute-stream@2.0.0 OK for: @inquirer/core@10.3.2 want: ^2.0.0
1598 silly placeDep ROOT signal-exit@4.1.0 OK for: @inquirer/core@10.3.2 want: ^4.1.0
1599 silly placeDep ROOT wrap-ansi@6.2.0 OK for: @inquirer/core@10.3.2 want: ^6.2.0
1600 silly placeDep ROOT yoctocolors-cjs@2.1.3 OK for: @inquirer/core@10.3.2 want: ^2.1.3
1601 silly fetch manifest strip-ansi@^6.0.0
1602 silly packumentCache full:https://registry.npmjs.org/strip-ansi cache-miss
1603 silly fetch manifest ansi-styles@^4.0.0
1604 silly packumentCache full:https://registry.npmjs.org/ansi-styles cache-miss
1605 silly fetch manifest string-width@^4.1.0
1606 silly packumentCache full:https://registry.npmjs.org/string-width cache-hit
1607 http fetch GET 200 https://registry.npmjs.org/strip-ansi 122ms (cache miss)
1608 silly packumentCache full:https://registry.npmjs.org/strip-ansi set size:undefined disposed:false
1609 http fetch GET 200 https://registry.npmjs.org/ansi-styles 139ms (cache miss)
1610 silly packumentCache full:https://registry.npmjs.org/ansi-styles set size:undefined disposed:false
1611 silly placeDep ROOT @inquirer/checkbox@4.3.2 OK for: @inquirer/prompts@7.10.1 want: ^4.3.2
1612 silly placeDep ROOT @inquirer/editor@4.2.23 OK for: @inquirer/prompts@7.10.1 want: ^4.2.23
1613 silly placeDep ROOT @inquirer/expand@4.0.23 OK for: @inquirer/prompts@7.10.1 want: ^4.0.23
1614 silly placeDep ROOT @inquirer/input@4.3.1 OK for: @inquirer/prompts@7.10.1 want: ^4.3.1
1615 silly placeDep ROOT @inquirer/number@3.0.23 OK for: @inquirer/prompts@7.10.1 want: ^3.0.23
1616 silly placeDep ROOT @inquirer/password@4.0.23 OK for: @inquirer/prompts@7.10.1 want: ^4.0.23
1617 silly placeDep ROOT @inquirer/rawlist@4.1.11 OK for: @inquirer/prompts@7.10.1 want: ^4.1.11
1618 silly placeDep ROOT @inquirer/search@3.2.2 OK for: @inquirer/prompts@7.10.1 want: ^3.2.2
1619 silly placeDep ROOT @inquirer/select@4.4.2 OK for: @inquirer/prompts@7.10.1 want: ^4.4.2
1620 silly fetch manifest @inquirer/external-editor@^1.0.3
1621 silly packumentCache full:https://registry.npmjs.org/@inquirer%2fexternal-editor cache-miss
1622 http fetch GET 200 https://registry.npmjs.org/@inquirer%2fexternal-editor 135ms (cache miss)
1623 silly packumentCache full:https://registry.npmjs.org/@inquirer%2fexternal-editor set size:undefined disposed:false
1624 silly placeDep ROOT @inquirer/external-editor@1.0.3 OK for: @inquirer/editor@4.2.23 want: ^1.0.3
1625 silly fetch manifest chardet@^2.1.1
1626 silly packumentCache full:https://registry.npmjs.org/chardet cache-miss
1627 silly fetch manifest iconv-lite@^0.7.0
1628 silly packumentCache full:https://registry.npmjs.org/iconv-lite cache-miss
1629 http fetch GET 200 https://registry.npmjs.org/chardet 178ms (cache miss)
1630 silly packumentCache full:https://registry.npmjs.org/chardet set size:undefined disposed:false
1631 http fetch GET 200 https://registry.npmjs.org/iconv-lite 207ms (cache miss)
1632 silly packumentCache full:https://registry.npmjs.org/iconv-lite set size:undefined disposed:false
1633 silly placeDep ROOT chardet@2.1.1 OK for: @inquirer/external-editor@1.0.3 want: ^2.1.1
1634 silly placeDep ROOT iconv-lite@0.7.2 OK for: @inquirer/external-editor@1.0.3 want: ^0.7.0
1635 silly fetch manifest safer-buffer@>= 2.1.2 < 3.0.0
1636 silly packumentCache full:https://registry.npmjs.org/safer-buffer cache-miss
1637 http fetch GET 200 https://registry.npmjs.org/safer-buffer 102ms (cache miss)
1638 silly packumentCache full:https://registry.npmjs.org/safer-buffer set size:undefined disposed:false
1639 silly placeDep ROOT @jridgewell/resolve-uri@3.1.2 OK for: @jridgewell/trace-mapping@0.3.31 want: ^3.1.0
1640 silly placeDep ROOT @hono/node-server@1.19.14 OK for: @modelcontextprotocol/sdk@1.26.0 want: ^1.19.9
1641 silly placeDep ROOT hono@4.12.21 OK for: @hono/node-server@1.19.14 want: ^4
1642 silly placeDep ROOT content-type@1.0.5 OK for: @modelcontextprotocol/sdk@1.26.0 want: ^1.0.5
1643 silly placeDep ROOT cors@2.8.6 OK for: @modelcontextprotocol/sdk@1.26.0 want: ^2.8.5
1644 silly placeDep ROOT cross-spawn@7.0.6 OK for: @modelcontextprotocol/sdk@1.26.0 want: ^7.0.5
1645 silly placeDep ROOT eventsource@3.0.7 OK for: @modelcontextprotocol/sdk@1.26.0 want: ^3.0.2
1646 silly placeDep ROOT eventsource-parser@3.0.8 OK for: @modelcontextprotocol/sdk@1.26.0 want: ^3.0.0
1647 silly placeDep ROOT express@5.2.1 OK for: @modelcontextprotocol/sdk@1.26.0 want: ^5.2.1
1648 silly placeDep ROOT express-rate-limit@8.5.2 OK for: @modelcontextprotocol/sdk@1.26.0 want: ^8.2.1
1649 silly placeDep ROOT jose@6.2.3 OK for: @modelcontextprotocol/sdk@1.26.0 want: ^6.1.3
1650 silly placeDep ROOT json-schema-typed@8.0.2 OK for: @modelcontextprotocol/sdk@1.26.0 want: ^8.0.2
1651 silly placeDep ROOT pkce-challenge@5.0.1 OK for: @modelcontextprotocol/sdk@1.26.0 want: ^5.0.0
1652 silly placeDep ROOT raw-body@3.0.2 OK for: @modelcontextprotocol/sdk@1.26.0 want: ^3.0.0
1653 silly placeDep ROOT zod-to-json-schema@3.25.2 OK for: @modelcontextprotocol/sdk@1.26.0 want: ^3.25.1
1654 silly fetch manifest object-assign@^4
1655 silly packumentCache full:https://registry.npmjs.org/object-assign cache-miss
1656 silly fetch manifest vary@^1
1657 silly packumentCache full:https://registry.npmjs.org/vary cache-miss
1658 silly fetch manifest which@^2.0.1
1659 silly packumentCache full:https://registry.npmjs.org/which cache-miss
1660 silly fetch manifest path-key@^3.1.0
1661 silly packumentCache full:https://registry.npmjs.org/path-key cache-miss
1662 silly fetch manifest shebang-command@^2.0.0
1663 silly packumentCache full:https://registry.npmjs.org/shebang-command cache-miss
1664 silly fetch manifest eventsource-parser@^3.0.1
1665 silly packumentCache full:https://registry.npmjs.org/eventsource-parser cache-miss
1666 silly fetch manifest qs@^6.14.0
1667 silly packumentCache full:https://registry.npmjs.org/qs cache-miss
1668 http cache https://registry.npmjs.org/eventsource-parser 29ms (cache hit)
1669 silly packumentCache full:https://registry.npmjs.org/eventsource-parser set size:72949 disposed:false
1670 silly fetch manifest depd@^2.0.0
1671 silly packumentCache full:https://registry.npmjs.org/depd cache-miss
1672 http fetch GET 200 https://registry.npmjs.org/object-assign 154ms (cache miss)
1673 silly packumentCache full:https://registry.npmjs.org/object-assign set size:undefined disposed:false
1674 silly fetch manifest etag@^1.8.1
1675 silly packumentCache full:https://registry.npmjs.org/etag cache-miss
1676 http fetch GET 200 https://registry.npmjs.org/vary 169ms (cache miss)
1677 silly packumentCache full:https://registry.npmjs.org/vary set size:undefined disposed:false
1678 silly fetch manifest once@^1.4.0
1679 silly packumentCache full:https://registry.npmjs.org/once cache-miss
1680 http fetch GET 200 https://registry.npmjs.org/path-key 178ms (cache miss)
1681 silly packumentCache full:https://registry.npmjs.org/path-key set size:undefined disposed:false
1682 silly fetch manifest send@^1.1.0
1683 silly packumentCache full:https://registry.npmjs.org/send cache-miss
1684 http fetch GET 200 https://registry.npmjs.org/depd 158ms (cache miss)
1685 silly packumentCache full:https://registry.npmjs.org/depd set size:undefined disposed:false
1686 silly fetch manifest vary@^1.1.2
1687 silly packumentCache full:https://registry.npmjs.org/vary cache-miss
1688 http fetch GET 200 https://registry.npmjs.org/shebang-command 196ms (cache miss)
1689 silly packumentCache full:https://registry.npmjs.org/shebang-command set size:undefined disposed:false
1690 silly fetch manifest fresh@^2.0.0
1691 silly packumentCache full:https://registry.npmjs.org/fresh cache-miss
1692 http fetch GET 200 https://registry.npmjs.org/which 202ms (cache miss)
1693 silly packumentCache full:https://registry.npmjs.org/which set size:undefined disposed:false
1694 silly fetch manifest cookie@^0.7.1
1695 silly packumentCache full:https://registry.npmjs.org/cookie cache-miss
1696 http cache https://registry.npmjs.org/vary 18ms (cache hit)
1697 silly packumentCache full:https://registry.npmjs.org/vary set size:15994 disposed:false
1698 silly fetch manifest router@^2.2.0
1699 silly packumentCache full:https://registry.npmjs.org/router cache-miss
1700 http fetch GET 200 https://registry.npmjs.org/once 103ms (cache miss)
1701 silly packumentCache full:https://registry.npmjs.org/once set size:undefined disposed:false
1702 silly fetch manifest accepts@^2.0.0
1703 silly packumentCache full:https://registry.npmjs.org/accepts cache-miss
1704 http fetch GET 200 https://registry.npmjs.org/etag 174ms (cache miss)
1705 silly packumentCache full:https://registry.npmjs.org/etag set size:undefined disposed:false
1706 silly fetch manifest type-is@^2.0.1
1707 silly packumentCache full:https://registry.npmjs.org/type-is cache-miss
1708 http fetch GET 200 https://registry.npmjs.org/qs 334ms (cache miss)
1709 silly packumentCache full:https://registry.npmjs.org/qs set size:undefined disposed:false
1710 silly fetch manifest parseurl@^1.3.3
1711 silly packumentCache full:https://registry.npmjs.org/parseurl cache-miss
1712 http fetch GET 200 https://registry.npmjs.org/fresh 154ms (cache miss)
1713 silly packumentCache full:https://registry.npmjs.org/fresh set size:undefined disposed:false
1714 silly fetch manifest statuses@^2.0.1
1715 silly packumentCache full:https://registry.npmjs.org/statuses cache-miss
1716 http fetch GET 200 https://registry.npmjs.org/cookie 163ms (cache miss)
1717 silly packumentCache full:https://registry.npmjs.org/cookie set size:undefined disposed:false
1718 silly fetch manifest encodeurl@^2.0.0
1719 silly packumentCache full:https://registry.npmjs.org/encodeurl cache-miss
1720 http fetch GET 200 https://registry.npmjs.org/send 196ms (cache miss)
1721 silly packumentCache full:https://registry.npmjs.org/send set size:undefined disposed:false
1722 silly fetch manifest mime-types@^3.0.0
1723 silly packumentCache full:https://registry.npmjs.org/mime-types cache-miss
1724 http fetch GET 200 https://registry.npmjs.org/router 186ms (cache miss)
1725 silly packumentCache full:https://registry.npmjs.org/router set size:undefined disposed:false
1726 silly fetch manifest proxy-addr@^2.0.7
1727 silly packumentCache full:https://registry.npmjs.org/proxy-addr cache-miss
1728 http fetch GET 200 https://registry.npmjs.org/accepts 136ms (cache miss)
1729 silly packumentCache full:https://registry.npmjs.org/accepts set size:undefined disposed:false
1730 silly fetch manifest body-parser@^2.2.1
1731 silly packumentCache full:https://registry.npmjs.org/body-parser cache-miss
1732 http fetch GET 200 https://registry.npmjs.org/parseurl 140ms (cache miss)
1733 silly packumentCache full:https://registry.npmjs.org/parseurl set size:undefined disposed:false
1734 silly fetch manifest escape-html@^1.0.3
1735 silly packumentCache full:https://registry.npmjs.org/escape-html cache-miss
1736 http fetch GET 200 https://registry.npmjs.org/statuses 133ms (cache miss)
1737 silly packumentCache full:https://registry.npmjs.org/statuses set size:undefined disposed:false
1738 silly fetch manifest http-errors@^2.0.0
1739 silly packumentCache full:https://registry.npmjs.org/http-errors cache-miss
1740 http fetch GET 200 https://registry.npmjs.org/type-is 166ms (cache miss)
1741 silly packumentCache full:https://registry.npmjs.org/type-is set size:undefined disposed:false
1742 silly fetch manifest on-finished@^2.4.1
1743 silly packumentCache full:https://registry.npmjs.org/on-finished cache-miss
1744 http fetch GET 200 https://registry.npmjs.org/encodeurl 131ms (cache miss)
1745 silly packumentCache full:https://registry.npmjs.org/encodeurl set size:undefined disposed:false
1746 silly fetch manifest finalhandler@^2.1.0
1747 silly packumentCache full:https://registry.npmjs.org/finalhandler cache-miss
1748 http fetch GET 200 https://registry.npmjs.org/mime-types 158ms (cache miss)
1749 silly packumentCache full:https://registry.npmjs.org/mime-types set size:undefined disposed:false
1750 silly fetch manifest range-parser@^1.2.1
1751 silly packumentCache full:https://registry.npmjs.org/range-parser cache-miss
1752 http fetch GET 200 https://registry.npmjs.org/escape-html 107ms (cache miss)
1753 silly packumentCache full:https://registry.npmjs.org/escape-html set size:undefined disposed:false
1754 silly fetch manifest serve-static@^2.2.0
1755 silly packumentCache full:https://registry.npmjs.org/serve-static cache-miss
1756 http fetch GET 200 https://registry.npmjs.org/proxy-addr 200ms (cache miss)
1757 silly packumentCache full:https://registry.npmjs.org/proxy-addr set size:undefined disposed:false
1758 silly fetch manifest cookie-signature@^1.2.1
1759 silly packumentCache full:https://registry.npmjs.org/cookie-signature cache-miss
1760 http fetch GET 200 https://registry.npmjs.org/body-parser 235ms (cache miss)
1761 silly packumentCache full:https://registry.npmjs.org/body-parser set size:undefined disposed:false
1762 silly fetch manifest merge-descriptors@^2.0.0
1763 silly packumentCache full:https://registry.npmjs.org/merge-descriptors cache-miss
1764 http fetch GET 200 https://registry.npmjs.org/on-finished 179ms (cache miss)
1765 silly packumentCache full:https://registry.npmjs.org/on-finished set size:undefined disposed:false
1766 silly fetch manifest content-disposition@^1.0.0
1767 silly packumentCache full:https://registry.npmjs.org/content-disposition cache-miss
1768 http fetch GET 200 https://registry.npmjs.org/http-errors 198ms (cache miss)
1769 silly packumentCache full:https://registry.npmjs.org/http-errors set size:undefined disposed:false
1770 silly fetch manifest ip-address@^10.2.0
1771 silly packumentCache full:https://registry.npmjs.org/ip-address cache-miss
1772 http fetch GET 200 https://registry.npmjs.org/range-parser 152ms (cache miss)
1773 silly packumentCache full:https://registry.npmjs.org/range-parser set size:undefined disposed:false
1774 silly fetch manifest bytes@~3.1.2
1775 silly packumentCache full:https://registry.npmjs.org/bytes cache-miss
1776 http fetch GET 200 https://registry.npmjs.org/finalhandler 199ms (cache miss)
1777 silly packumentCache full:https://registry.npmjs.org/finalhandler set size:undefined disposed:false
1778 silly fetch manifest unpipe@~1.0.0
1779 silly packumentCache full:https://registry.npmjs.org/unpipe cache-miss
1780 http fetch GET 200 https://registry.npmjs.org/cookie-signature 127ms (cache miss)
1781 silly packumentCache full:https://registry.npmjs.org/cookie-signature set size:undefined disposed:false
1782 silly fetch manifest http-errors@~2.0.1
1783 silly packumentCache full:https://registry.npmjs.org/http-errors cache-miss
1784 http cache https://registry.npmjs.org/http-errors 10ms (cache hit)
1785 silly packumentCache full:https://registry.npmjs.org/http-errors set size:71987 disposed:false
1786 http fetch GET 200 https://registry.npmjs.org/serve-static 178ms (cache miss)
1787 silly packumentCache full:https://registry.npmjs.org/serve-static set size:undefined disposed:false
1788 http fetch GET 200 https://registry.npmjs.org/merge-descriptors 124ms (cache miss)
1789 silly packumentCache full:https://registry.npmjs.org/merge-descriptors set size:undefined disposed:false
1790 http fetch GET 200 https://registry.npmjs.org/unpipe 102ms (cache miss)
1791 silly packumentCache full:https://registry.npmjs.org/unpipe set size:undefined disposed:false
1792 http fetch GET 200 https://registry.npmjs.org/content-disposition 145ms (cache miss)
1793 silly packumentCache full:https://registry.npmjs.org/content-disposition set size:undefined disposed:false
1794 http fetch GET 200 https://registry.npmjs.org/bytes 130ms (cache miss)
1795 silly packumentCache full:https://registry.npmjs.org/bytes set size:undefined disposed:false
1796 http fetch GET 200 https://registry.npmjs.org/ip-address 190ms (cache miss)
1797 silly packumentCache full:https://registry.npmjs.org/ip-address set size:undefined disposed:false
1798 silly placeDep ROOT fast-deep-equal@3.1.3 OK for: ajv@8.18.0 want: ^3.1.3
1799 silly placeDep ROOT fast-uri@3.1.2 OK for: ajv@8.18.0 want: ^3.0.1
1800 silly placeDep ROOT json-schema-traverse@1.0.0 OK for: ajv@8.18.0 want: ^1.0.0
1801 silly placeDep ROOT require-from-string@2.0.2 OK for: ajv@8.18.0 want: ^2.0.2
1802 silly placeDep ROOT @algolia/abtesting@1.14.1 OK for: algoliasearch@5.48.1 want: 1.14.1
1803 silly placeDep ROOT @algolia/client-abtesting@5.48.1 OK for: algoliasearch@5.48.1 want: 5.48.1
1804 silly placeDep ROOT @algolia/client-analytics@5.48.1 OK for: algoliasearch@5.48.1 want: 5.48.1
1805 silly placeDep ROOT @algolia/client-common@5.48.1 OK for: algoliasearch@5.48.1 want: 5.48.1
1806 silly placeDep ROOT @algolia/client-insights@5.48.1 OK for: algoliasearch@5.48.1 want: 5.48.1
1807 silly placeDep ROOT @algolia/client-personalization@5.48.1 OK for: algoliasearch@5.48.1 want: 5.48.1
1808 silly placeDep ROOT @algolia/client-query-suggestions@5.48.1 OK for: algoliasearch@5.48.1 want: 5.48.1
1809 silly placeDep ROOT @algolia/client-search@5.48.1 OK for: algoliasearch@5.48.1 want: 5.48.1
1810 silly placeDep ROOT @algolia/ingestion@1.48.1 OK for: algoliasearch@5.48.1 want: 1.48.1
1811 silly placeDep ROOT @algolia/monitoring@1.48.1 OK for: algoliasearch@5.48.1 want: 1.48.1
1812 silly placeDep ROOT @algolia/recommend@5.48.1 OK for: algoliasearch@5.48.1 want: 5.48.1
1813 silly placeDep ROOT @algolia/requester-browser-xhr@5.48.1 OK for: algoliasearch@5.48.1 want: 5.48.1
1814 silly placeDep ROOT @algolia/requester-fetch@5.48.1 OK for: algoliasearch@5.48.1 want: 5.48.1
1815 silly placeDep ROOT @algolia/requester-node-http@5.48.1 OK for: algoliasearch@5.48.1 want: 5.48.1
1816 silly placeDep ROOT css-select@6.0.0 OK for: beasties@0.4.1 want: ^6.0.0
1817 silly placeDep ROOT css-what@7.0.0 OK for: beasties@0.4.1 want: ^7.0.0
1818 silly placeDep ROOT dom-serializer@2.0.0 OK for: beasties@0.4.1 want: ^2.0.0
1819 silly placeDep ROOT domhandler@5.0.3 OK for: beasties@0.4.1 want: ^5.0.3
1820 silly placeDep ROOT htmlparser2@10.1.0 OK for: beasties@0.4.1 want: ^10.0.0
1821 silly placeDep ROOT postcss@8.5.15 OK for: beasties@0.4.1 want: ^8.4.49
1822 silly placeDep ROOT postcss-media-query-parser@0.2.3 OK for: beasties@0.4.1 want: ^0.2.3
1823 silly placeDep ROOT postcss-safe-parser@7.0.1 OK for: beasties@0.4.1 want: ^7.0.1
1824 silly fetch manifest boolbase@^1.0.0
1825 silly packumentCache full:https://registry.npmjs.org/boolbase cache-miss
1826 silly fetch manifest domutils@^3.2.2
1827 silly packumentCache full:https://registry.npmjs.org/domutils cache-miss
1828 silly fetch manifest nth-check@^2.1.1
1829 silly packumentCache full:https://registry.npmjs.org/nth-check cache-miss
1830 silly fetch manifest entities@^4.2.0
1831 silly packumentCache full:https://registry.npmjs.org/entities cache-hit
1832 silly fetch manifest domhandler@^5.0.2
1833 silly packumentCache full:https://registry.npmjs.org/domhandler cache-miss
1834 silly fetch manifest domelementtype@^2.3.0
1835 silly packumentCache full:https://registry.npmjs.org/domelementtype cache-miss
1836 silly fetch manifest domelementtype@^2.3.0
1837 silly packumentCache full:https://registry.npmjs.org/domelementtype cache-miss
1838 silly fetch manifest domutils@^3.2.2
1839 silly packumentCache full:https://registry.npmjs.org/domutils cache-miss
1840 http cache https://registry.npmjs.org/domhandler 20ms (cache hit)
1841 silly packumentCache full:https://registry.npmjs.org/domhandler set size:78187 disposed:false
1842 silly fetch manifest entities@^7.0.1
1843 silly packumentCache full:https://registry.npmjs.org/entities cache-hit
1844 silly fetch manifest domelementtype@^2.3.0
1845 silly packumentCache full:https://registry.npmjs.org/domelementtype cache-miss
1846 http fetch GET 200 https://registry.npmjs.org/boolbase 407ms (cache miss)
1847 silly packumentCache full:https://registry.npmjs.org/boolbase set size:undefined disposed:false
1848 silly fetch manifest nanoid@^3.3.12
1849 silly packumentCache full:https://registry.npmjs.org/nanoid cache-miss
1850 http fetch GET 200 https://registry.npmjs.org/nth-check 484ms (cache miss)
1851 silly packumentCache full:https://registry.npmjs.org/nth-check set size:undefined disposed:false
1852 silly fetch manifest source-map-js@^1.2.1
1853 silly packumentCache full:https://registry.npmjs.org/source-map-js cache-miss
1854 http cache https://registry.npmjs.org/source-map-js 11ms (cache hit)
1855 silly packumentCache full:https://registry.npmjs.org/source-map-js set size:62640 disposed:false
1856 http fetch GET 200 https://registry.npmjs.org/domelementtype 519ms (cache miss)
1857 silly packumentCache full:https://registry.npmjs.org/domelementtype set size:undefined disposed:false
1858 http fetch GET 200 https://registry.npmjs.org/domelementtype 509ms (cache miss)
1859 silly packumentCache full:https://registry.npmjs.org/domelementtype set size:undefined disposed:false
1860 http fetch GET 200 https://registry.npmjs.org/domutils 762ms (cache miss)
1861 silly packumentCache full:https://registry.npmjs.org/domutils set size:undefined disposed:false
1862 http fetch GET 200 https://registry.npmjs.org/domelementtype 851ms (cache miss)
1863 silly packumentCache full:https://registry.npmjs.org/domelementtype set size:undefined disposed:false
1864 http fetch GET 200 https://registry.npmjs.org/domutils 1303ms (cache miss)
1865 silly packumentCache full:https://registry.npmjs.org/domutils set size:undefined disposed:false
1866 http fetch GET 200 https://registry.npmjs.org/nanoid 1157ms (cache miss)
1867 silly packumentCache full:https://registry.npmjs.org/nanoid set size:undefined disposed:false
1868 silly fetch manifest browserslist@>= 4.21.0
1869 silly packumentCache full:https://registry.npmjs.org/browserslist cache-miss
1870 http cache https://registry.npmjs.org/browserslist 11ms (cache hit)
1871 silly packumentCache full:https://registry.npmjs.org/browserslist set size:504681 disposed:false
1872 silly placeDep ROOT baseline-browser-mapping@2.10.31 OK for: browserslist@4.28.2 want: ^2.10.12
1873 silly placeDep ROOT caniuse-lite@1.0.30001793 OK for: browserslist@4.28.2 want: ^1.0.30001782
1874 silly placeDep ROOT electron-to-chromium@1.5.360 OK for: browserslist@4.28.2 want: ^1.5.328
1875 silly placeDep ROOT node-releases@2.0.44 OK for: browserslist@4.28.2 want: ^2.0.36
1876 silly placeDep ROOT update-browserslist-db@1.2.3 OK for: browserslist@4.28.2 want: ^1.2.3
1877 silly fetch manifest escalade@^3.2.0
1878 silly packumentCache full:https://registry.npmjs.org/escalade cache-miss
1879 http cache https://registry.npmjs.org/escalade 7ms (cache hit)
1880 silly packumentCache full:https://registry.npmjs.org/escalade set size:33724 disposed:false
1881 silly placeDep ROOT @kurkle/color@0.3.4 OK for: chart.js@4.5.1 want: ^0.3.0
1882 silly placeDep ROOT readdirp@5.0.0 OK for: chokidar@5.0.0 want: ^5.0.0
1883 silly placeDep ROOT object-assign@4.1.1 OK for: cors@2.8.6 want: ^4
1884 silly placeDep ROOT vary@1.1.2 OK for: cors@2.8.6 want: ^1
1885 silly placeDep ROOT path-key@3.1.1 OK for: cross-spawn@7.0.6 want: ^3.1.0
1886 silly placeDep ROOT shebang-command@2.0.0 OK for: cross-spawn@7.0.6 want: ^2.0.0
1887 silly placeDep ROOT which@2.0.2 OK for: cross-spawn@7.0.6 want: ^2.0.1
1888 silly fetch manifest shebang-regex@^3.0.0
1889 silly packumentCache full:https://registry.npmjs.org/shebang-regex cache-miss
1890 silly fetch manifest isexe@^2.0.0
1891 silly packumentCache full:https://registry.npmjs.org/isexe cache-miss
1892 http fetch GET 200 https://registry.npmjs.org/shebang-regex 91ms (cache miss)
1893 silly packumentCache full:https://registry.npmjs.org/shebang-regex set size:undefined disposed:false
1894 http fetch GET 200 https://registry.npmjs.org/isexe 100ms (cache miss)
1895 silly packumentCache full:https://registry.npmjs.org/isexe set size:undefined disposed:false
1896 silly placeDep ROOT boolbase@1.0.0 OK for: css-select@6.0.0 want: ^1.0.0
1897 silly placeDep ROOT domutils@3.2.2 OK for: css-select@6.0.0 want: ^3.2.2
1898 silly placeDep ROOT nth-check@2.1.1 OK for: css-select@6.0.0 want: ^2.1.1
1899 silly placeDep ROOT ms@2.1.3 OK for: debug@4.4.3 want: ^2.1.3
1900 silly placeDep ROOT domelementtype@2.3.0 OK for: dom-serializer@2.0.0 want: ^2.3.0
1901 silly placeDep ROOT entities@4.5.0 OK for: dom-serializer@2.0.0 want: ^4.2.0
1902 silly placeDep ROOT @esbuild/aix-ppc64@0.27.3 OK for: esbuild@0.27.3 want: 0.27.3
1903 silly placeDep ROOT @esbuild/android-arm@0.27.3 OK for: esbuild@0.27.3 want: 0.27.3
1904 silly placeDep ROOT @esbuild/android-arm64@0.27.3 OK for: esbuild@0.27.3 want: 0.27.3
1905 silly placeDep ROOT @esbuild/android-x64@0.27.3 OK for: esbuild@0.27.3 want: 0.27.3
1906 silly placeDep ROOT @esbuild/darwin-arm64@0.27.3 OK for: esbuild@0.27.3 want: 0.27.3
1907 silly placeDep ROOT @esbuild/darwin-x64@0.27.3 OK for: esbuild@0.27.3 want: 0.27.3
1908 silly placeDep ROOT @esbuild/freebsd-arm64@0.27.3 OK for: esbuild@0.27.3 want: 0.27.3
1909 silly placeDep ROOT @esbuild/freebsd-x64@0.27.3 OK for: esbuild@0.27.3 want: 0.27.3
1910 silly placeDep ROOT @esbuild/linux-arm@0.27.3 OK for: esbuild@0.27.3 want: 0.27.3
1911 silly placeDep ROOT @esbuild/linux-arm64@0.27.3 OK for: esbuild@0.27.3 want: 0.27.3
1912 silly placeDep ROOT @esbuild/linux-ia32@0.27.3 OK for: esbuild@0.27.3 want: 0.27.3
1913 silly placeDep ROOT @esbuild/linux-loong64@0.27.3 OK for: esbuild@0.27.3 want: 0.27.3
1914 silly placeDep ROOT @esbuild/linux-mips64el@0.27.3 OK for: esbuild@0.27.3 want: 0.27.3
1915 silly placeDep ROOT @esbuild/linux-ppc64@0.27.3 OK for: esbuild@0.27.3 want: 0.27.3
1916 silly placeDep ROOT @esbuild/linux-riscv64@0.27.3 OK for: esbuild@0.27.3 want: 0.27.3
1917 silly placeDep ROOT @esbuild/linux-s390x@0.27.3 OK for: esbuild@0.27.3 want: 0.27.3
1918 silly placeDep ROOT @esbuild/linux-x64@0.27.3 OK for: esbuild@0.27.3 want: 0.27.3
1919 silly placeDep ROOT @esbuild/netbsd-arm64@0.27.3 OK for: esbuild@0.27.3 want: 0.27.3
1920 silly placeDep ROOT @esbuild/netbsd-x64@0.27.3 OK for: esbuild@0.27.3 want: 0.27.3
1921 silly placeDep ROOT @esbuild/openbsd-arm64@0.27.3 OK for: esbuild@0.27.3 want: 0.27.3
1922 silly placeDep ROOT @esbuild/openbsd-x64@0.27.3 OK for: esbuild@0.27.3 want: 0.27.3
1923 silly placeDep ROOT @esbuild/openharmony-arm64@0.27.3 OK for: esbuild@0.27.3 want: 0.27.3
1924 silly placeDep ROOT @esbuild/sunos-x64@0.27.3 OK for: esbuild@0.27.3 want: 0.27.3
1925 silly placeDep ROOT @esbuild/win32-arm64@0.27.3 OK for: esbuild@0.27.3 want: 0.27.3
1926 silly placeDep ROOT @esbuild/win32-ia32@0.27.3 OK for: esbuild@0.27.3 want: 0.27.3
1927 silly placeDep ROOT @esbuild/win32-x64@0.27.3 OK for: esbuild@0.27.3 want: 0.27.3
1928 silly placeDep ROOT accepts@2.0.0 OK for: express@5.2.1 want: ^2.0.0
1929 silly placeDep ROOT body-parser@2.2.2 OK for: express@5.2.1 want: ^2.2.1
1930 silly placeDep ROOT content-disposition@1.1.0 OK for: express@5.2.1 want: ^1.0.0
1931 silly placeDep ROOT cookie@0.7.2 OK for: express@5.2.1 want: ^0.7.1
1932 silly placeDep ROOT cookie-signature@1.2.2 OK for: express@5.2.1 want: ^1.2.1
1933 silly placeDep ROOT depd@2.0.0 OK for: express@5.2.1 want: ^2.0.0
1934 silly placeDep ROOT encodeurl@2.0.0 OK for: express@5.2.1 want: ^2.0.0
1935 silly placeDep ROOT escape-html@1.0.3 OK for: express@5.2.1 want: ^1.0.3
1936 silly placeDep ROOT etag@1.8.1 OK for: express@5.2.1 want: ^1.8.1
1937 silly placeDep ROOT finalhandler@2.1.1 OK for: express@5.2.1 want: ^2.1.0
1938 silly placeDep ROOT fresh@2.0.0 OK for: express@5.2.1 want: ^2.0.0
1939 silly placeDep ROOT http-errors@2.0.1 OK for: express@5.2.1 want: ^2.0.0
1940 silly placeDep ROOT merge-descriptors@2.0.0 OK for: express@5.2.1 want: ^2.0.0
1941 silly placeDep ROOT mime-types@3.0.2 OK for: express@5.2.1 want: ^3.0.0
1942 silly placeDep ROOT on-finished@2.4.1 OK for: express@5.2.1 want: ^2.4.1
1943 silly placeDep ROOT once@1.4.0 OK for: express@5.2.1 want: ^1.4.0
1944 silly placeDep ROOT parseurl@1.3.3 OK for: express@5.2.1 want: ^1.3.3
1945 silly placeDep ROOT proxy-addr@2.0.7 OK for: express@5.2.1 want: ^2.0.7
1946 silly placeDep ROOT qs@6.15.2 OK for: express@5.2.1 want: ^6.14.0
1947 silly placeDep ROOT range-parser@1.2.1 OK for: express@5.2.1 want: ^1.2.1
1948 silly placeDep ROOT router@2.2.0 OK for: express@5.2.1 want: ^2.2.0
1949 silly placeDep ROOT send@1.2.1 OK for: express@5.2.1 want: ^1.1.0
1950 silly placeDep ROOT serve-static@2.2.1 OK for: express@5.2.1 want: ^2.2.0
1951 silly placeDep ROOT statuses@2.0.2 OK for: express@5.2.1 want: ^2.0.1
1952 silly placeDep ROOT type-is@2.1.0 OK for: express@5.2.1 want: ^2.0.1
1953 silly fetch manifest negotiator@^1.0.0
1954 silly packumentCache full:https://registry.npmjs.org/negotiator cache-miss
1955 silly fetch manifest qs@^6.14.1
1956 silly packumentCache full:https://registry.npmjs.org/qs cache-miss
1957 silly fetch manifest bytes@^3.1.2
1958 silly packumentCache full:https://registry.npmjs.org/bytes cache-miss
1959 silly fetch manifest inherits@~2.0.4
1960 silly packumentCache full:https://registry.npmjs.org/inherits cache-miss
1961 silly fetch manifest setprototypeof@~1.2.0
1962 silly packumentCache full:https://registry.npmjs.org/setprototypeof cache-miss
1963 silly fetch manifest statuses@~2.0.2
1964 silly packumentCache full:https://registry.npmjs.org/statuses cache-miss
1965 silly fetch manifest toidentifier@~1.0.1
1966 silly packumentCache full:https://registry.npmjs.org/toidentifier cache-miss
1967 http cache https://registry.npmjs.org/statuses 45ms (cache hit)
1968 silly packumentCache full:https://registry.npmjs.org/statuses set size:37117 disposed:false
1969 silly fetch manifest mime-db@^1.54.0
1970 silly packumentCache full:https://registry.npmjs.org/mime-db cache-miss
1971 http cache https://registry.npmjs.org/bytes 58ms (cache hit)
1972 silly packumentCache full:https://registry.npmjs.org/bytes set size:37018 disposed:false
1973 silly fetch manifest ee-first@1.1.1
1974 silly packumentCache full:https://registry.npmjs.org/ee-first cache-miss
1975 http cache https://registry.npmjs.org/qs 65ms (cache hit)
1976 silly packumentCache full:https://registry.npmjs.org/qs set size:356906 disposed:false
1977 silly fetch manifest wrappy@1
1978 silly packumentCache full:https://registry.npmjs.org/wrappy cache-miss
1979 http fetch GET 200 https://registry.npmjs.org/inherits 142ms (cache miss)
1980 silly packumentCache full:https://registry.npmjs.org/inherits set size:undefined disposed:false
1981 silly fetch manifest forwarded@0.2.0
1982 silly packumentCache full:https://registry.npmjs.org/forwarded cache-miss
1983 http fetch GET 200 https://registry.npmjs.org/toidentifier 186ms (cache miss)
1984 silly packumentCache full:https://registry.npmjs.org/toidentifier set size:undefined disposed:false
1985 silly fetch manifest ipaddr.js@1.9.1
1986 silly packumentCache full:https://registry.npmjs.org/ipaddr.js cache-miss
1987 http fetch GET 200 https://registry.npmjs.org/negotiator 197ms (cache miss)
1988 silly packumentCache full:https://registry.npmjs.org/negotiator set size:undefined disposed:false
1989 silly fetch manifest side-channel@^1.1.0
1990 silly packumentCache full:https://registry.npmjs.org/side-channel cache-miss
1991 http fetch GET 200 https://registry.npmjs.org/setprototypeof 195ms (cache miss)
1992 silly packumentCache full:https://registry.npmjs.org/setprototypeof set size:undefined disposed:false
1993 silly fetch manifest is-promise@^4.0.0
1994 silly packumentCache full:https://registry.npmjs.org/is-promise cache-miss
1995 http fetch GET 200 https://registry.npmjs.org/wrappy 135ms (cache miss)
1996 silly packumentCache full:https://registry.npmjs.org/wrappy set size:undefined disposed:false
1997 silly fetch manifest path-to-regexp@^8.0.0
1998 silly packumentCache full:https://registry.npmjs.org/path-to-regexp cache-miss
1999 http fetch GET 200 https://registry.npmjs.org/ee-first 152ms (cache miss)
2000 silly packumentCache full:https://registry.npmjs.org/ee-first set size:undefined disposed:false
2001 silly fetch manifest statuses@^2.0.2
2002 silly packumentCache full:https://registry.npmjs.org/statuses cache-hit
2003 silly fetch manifest content-type@^2.0.0
2004 silly packumentCache full:https://registry.npmjs.org/content-type cache-miss
2005 http cache https://registry.npmjs.org/content-type 7ms (cache hit)
2006 silly packumentCache full:https://registry.npmjs.org/content-type set size:18994 disposed:false
2007 silly fetch manifest media-typer@^1.1.0
2008 silly packumentCache full:https://registry.npmjs.org/media-typer cache-miss
2009 http fetch GET 200 https://registry.npmjs.org/side-channel 177ms (cache miss)
2010 silly packumentCache full:https://registry.npmjs.org/side-channel set size:undefined disposed:false
2011 http fetch GET 200 https://registry.npmjs.org/media-typer 157ms (cache miss)
2012 silly packumentCache full:https://registry.npmjs.org/media-typer set size:undefined disposed:false
2013 http fetch GET 200 https://registry.npmjs.org/ipaddr.js 195ms (cache miss)
2014 silly packumentCache full:https://registry.npmjs.org/ipaddr.js set size:undefined disposed:false
2015 http fetch GET 200 https://registry.npmjs.org/is-promise 198ms (cache miss)
2016 silly packumentCache full:https://registry.npmjs.org/is-promise set size:undefined disposed:false
2017 http fetch GET 200 https://registry.npmjs.org/forwarded 317ms (cache miss)
2018 silly packumentCache full:https://registry.npmjs.org/forwarded set size:undefined disposed:false
2019 http fetch GET 200 https://registry.npmjs.org/mime-db 425ms (cache miss)
2020 silly packumentCache full:https://registry.npmjs.org/mime-db set size:undefined disposed:false
2021 http fetch GET 200 https://registry.npmjs.org/path-to-regexp 276ms (cache miss)
2022 silly packumentCache full:https://registry.npmjs.org/path-to-regexp set size:undefined disposed:false
2023 silly placeDep ROOT negotiator@1.0.0 OK for: accepts@2.0.0 want: ^1.0.0
2024 silly placeDep ROOT bytes@3.1.2 OK for: body-parser@2.2.2 want: ^3.1.2
2025 silly placeDep ROOT ip-address@10.2.0 OK for: express-rate-limit@8.5.2 want: ^10.2.0
2026 silly placeDep node_modules/htmlparser2 entities@7.0.1 OK for: htmlparser2@10.1.0 want: ^7.0.1
2027 silly placeDep ROOT inherits@2.0.4 OK for: http-errors@2.0.1 want: ~2.0.4
2028 silly placeDep ROOT setprototypeof@1.2.0 OK for: http-errors@2.0.1 want: ~1.2.0
2029 silly placeDep ROOT toidentifier@1.0.1 OK for: http-errors@2.0.1 want: ~1.0.1
2030 silly placeDep ROOT agent-base@7.1.4 OK for: https-proxy-agent@7.0.6 want: ^7.1.2
2031 silly placeDep ROOT safer-buffer@2.1.2 OK for: iconv-lite@0.7.2 want: >= 2.1.2 < 3.0.0
2032 silly placeDep ROOT @istanbuljs/schema@0.1.6 OK for: istanbul-lib-instrument@6.0.3 want: ^0.1.3
2033 silly placeDep ROOT istanbul-lib-coverage@3.2.2 OK for: istanbul-lib-instrument@6.0.3 want: ^3.2.0
2034 silly fetch manifest @noble/hashes@^1.8.0 || ^2.0.0
2035 silly packumentCache full:https://registry.npmjs.org/@noble%2fhashes cache-miss
2036 http fetch GET 200 https://registry.npmjs.org/@noble%2fhashes 244ms (cache miss)
2037 silly packumentCache full:https://registry.npmjs.org/@noble%2fhashes set size:undefined disposed:false
2038 silly placeDep ROOT @acemir/cssom@0.9.31 OK for: jsdom@28.1.0 want: ^0.9.31
2039 silly placeDep ROOT @asamuzakjp/dom-selector@6.8.1 OK for: jsdom@28.1.0 want: ^6.8.1
2040 silly placeDep ROOT @bramus/specificity@2.4.2 OK for: jsdom@28.1.0 want: ^2.4.2
2041 silly placeDep ROOT @exodus/bytes@1.15.1 OK for: jsdom@28.1.0 want: ^1.11.0
2042 silly placeDep ROOT cssstyle@6.2.0 OK for: jsdom@28.1.0 want: ^6.0.1
2043 silly placeDep ROOT data-urls@7.0.0 OK for: jsdom@28.1.0 want: ^7.0.0
2044 silly placeDep ROOT decimal.js@10.6.0 OK for: jsdom@28.1.0 want: ^10.6.0
2045 silly placeDep ROOT html-encoding-sniffer@6.0.0 OK for: jsdom@28.1.0 want: ^6.0.0
2046 silly placeDep ROOT http-proxy-agent@7.0.2 OK for: jsdom@28.1.0 want: ^7.0.2
2047 silly placeDep ROOT is-potential-custom-element-name@1.0.1 OK for: jsdom@28.1.0 want: ^1.0.1
2048 silly placeDep ROOT saxes@6.0.0 OK for: jsdom@28.1.0 want: ^6.0.0
2049 silly placeDep ROOT symbol-tree@3.2.4 OK for: jsdom@28.1.0 want: ^3.2.4
2050 silly placeDep ROOT tough-cookie@6.0.1 OK for: jsdom@28.1.0 want: ^6.0.0
2051 silly placeDep ROOT w3c-xmlserializer@5.0.0 OK for: jsdom@28.1.0 want: ^5.0.0
2052 silly placeDep ROOT webidl-conversions@8.0.1 OK for: jsdom@28.1.0 want: ^8.0.1
2053 silly placeDep ROOT whatwg-mimetype@5.0.0 OK for: jsdom@28.1.0 want: ^5.0.0
2054 silly placeDep ROOT whatwg-url@16.0.1 OK for: jsdom@28.1.0 want: ^16.0.0
2055 silly placeDep ROOT xml-name-validator@5.0.0 OK for: jsdom@28.1.0 want: ^5.0.0
2056 silly fetch manifest bidi-js@^1.0.3
2057 silly packumentCache full:https://registry.npmjs.org/bidi-js cache-miss
2058 silly fetch manifest css-tree@^3.1.0
2059 silly packumentCache full:https://registry.npmjs.org/css-tree cache-miss
2060 silly fetch manifest lru-cache@^11.2.6
2061 silly packumentCache full:https://registry.npmjs.org/lru-cache cache-miss
2062 silly fetch manifest @asamuzakjp/nwsapi@^2.3.9
2063 silly packumentCache full:https://registry.npmjs.org/@asamuzakjp%2fnwsapi cache-miss
2064 silly fetch manifest css-tree@^3.0.0
2065 silly packumentCache full:https://registry.npmjs.org/css-tree cache-miss
2066 silly fetch manifest @asamuzakjp/css-color@^5.0.1
2067 silly packumentCache full:https://registry.npmjs.org/@asamuzakjp%2fcss-color cache-miss
2068 silly fetch manifest @csstools/css-syntax-patches-for-csstree@^1.0.28
2069 silly packumentCache full:https://registry.npmjs.org/@csstools%2fcss-syntax-patches-for-csstree cache-miss
2070 http cache https://registry.npmjs.org/lru-cache 19ms (cache hit)
2071 silly packumentCache full:https://registry.npmjs.org/lru-cache set size:451987 disposed:false
2072 silly fetch manifest css-tree@^3.1.0
2073 silly packumentCache full:https://registry.npmjs.org/css-tree cache-miss
2074 http fetch GET 200 https://registry.npmjs.org/bidi-js 151ms (cache miss)
2075 silly packumentCache full:https://registry.npmjs.org/bidi-js set size:undefined disposed:false
2076 silly fetch manifest xmlchars@^2.2.0
2077 silly packumentCache full:https://registry.npmjs.org/xmlchars cache-miss
2078 http fetch GET 200 https://registry.npmjs.org/@csstools%2fcss-syntax-patches-for-csstree 261ms (cache miss)
2079 silly packumentCache full:https://registry.npmjs.org/@csstools%2fcss-syntax-patches-for-csstree set size:undefined disposed:false
2080 silly fetch manifest tldts@^7.0.5
2081 silly packumentCache full:https://registry.npmjs.org/tldts cache-miss
2082 http fetch GET 200 https://registry.npmjs.org/css-tree 347ms (cache miss)
2083 silly packumentCache full:https://registry.npmjs.org/css-tree set size:undefined disposed:false
2084 silly fetch manifest tr46@^6.0.0
2085 silly packumentCache full:https://registry.npmjs.org/tr46 cache-miss
2086 http fetch GET 200 https://registry.npmjs.org/css-tree 366ms (cache miss)
2087 silly packumentCache full:https://registry.npmjs.org/css-tree set size:undefined disposed:false
2088 http fetch GET 200 https://registry.npmjs.org/css-tree 419ms (cache miss)
2089 silly packumentCache full:https://registry.npmjs.org/css-tree set size:undefined disposed:false
2090 http fetch GET 200 https://registry.npmjs.org/@asamuzakjp%2fnwsapi 447ms (cache miss)
2091 silly packumentCache full:https://registry.npmjs.org/@asamuzakjp%2fnwsapi set size:undefined disposed:false
2092 http fetch GET 200 https://registry.npmjs.org/xmlchars 314ms (cache miss)
2093 silly packumentCache full:https://registry.npmjs.org/xmlchars set size:undefined disposed:false
2094 http fetch GET 200 https://registry.npmjs.org/tr46 191ms (cache miss)
2095 silly packumentCache full:https://registry.npmjs.org/tr46 set size:undefined disposed:false
2096 http fetch GET 200 https://registry.npmjs.org/@asamuzakjp%2fcss-color 545ms (cache miss)
2097 silly packumentCache full:https://registry.npmjs.org/@asamuzakjp%2fcss-color set size:undefined disposed:false
2098 http fetch GET 200 https://registry.npmjs.org/tldts 2961ms (cache miss)
2099 silly packumentCache full:https://registry.npmjs.org/tldts set size:undefined disposed:false
2100 silly placeDep ROOT @asamuzakjp/nwsapi@2.3.9 OK for: @asamuzakjp/dom-selector@6.8.1 want: ^2.3.9
2101 silly placeDep ROOT bidi-js@1.0.3 OK for: @asamuzakjp/dom-selector@6.8.1 want: ^1.0.3
2102 silly placeDep ROOT css-tree@3.2.1 OK for: @asamuzakjp/dom-selector@6.8.1 want: ^3.1.0
2103 silly placeDep node_modules/@asamuzakjp/dom-selector lru-cache@11.5.0 OK for: @asamuzakjp/dom-selector@6.8.1 want: ^11.2.6
2104 silly fetch manifest mdn-data@2.27.1
2105 silly packumentCache full:https://registry.npmjs.org/mdn-data cache-miss
2106 http fetch GET 200 https://registry.npmjs.org/mdn-data 206ms (cache miss)
2107 silly packumentCache full:https://registry.npmjs.org/mdn-data set size:undefined disposed:false
2108 silly placeDep ROOT mdn-data@2.27.1 OK for: css-tree@3.2.1 want: 2.27.1
2109 silly placeDep ROOT source-map-js@1.2.1 OK for: css-tree@3.2.1 want: ^1.2.1
2110 silly placeDep ROOT @asamuzakjp/css-color@5.1.11 OK for: cssstyle@6.2.0 want: ^5.0.1
2111 silly placeDep ROOT @csstools/css-syntax-patches-for-csstree@1.1.4 OK for: cssstyle@6.2.0 want: ^1.0.28
2112 silly placeDep node_modules/cssstyle lru-cache@11.5.0 OK for: cssstyle@6.2.0 want: ^11.2.6
2113 silly fetch manifest @csstools/css-calc@^3.2.0
2114 silly packumentCache full:https://registry.npmjs.org/@csstools%2fcss-calc cache-miss
2115 silly fetch manifest @csstools/css-tokenizer@^4.0.0
2116 silly packumentCache full:https://registry.npmjs.org/@csstools%2fcss-tokenizer cache-miss
2117 silly fetch manifest @csstools/css-color-parser@^4.1.0
2118 silly packumentCache full:https://registry.npmjs.org/@csstools%2fcss-color-parser cache-miss
2119 silly fetch manifest @asamuzakjp/generational-cache@^1.0.1
2120 silly packumentCache full:https://registry.npmjs.org/@asamuzakjp%2fgenerational-cache cache-miss
2121 silly fetch manifest @csstools/css-parser-algorithms@^4.0.0
2122 silly packumentCache full:https://registry.npmjs.org/@csstools%2fcss-parser-algorithms cache-miss
2123 http fetch GET 200 https://registry.npmjs.org/@asamuzakjp%2fgenerational-cache 144ms (cache miss)
2124 silly packumentCache full:https://registry.npmjs.org/@asamuzakjp%2fgenerational-cache set size:undefined disposed:false
2125 http fetch GET 200 https://registry.npmjs.org/@csstools%2fcss-calc 152ms (cache miss)
2126 silly packumentCache full:https://registry.npmjs.org/@csstools%2fcss-calc set size:undefined disposed:false
2127 http fetch GET 200 https://registry.npmjs.org/@csstools%2fcss-color-parser 154ms (cache miss)
2128 silly packumentCache full:https://registry.npmjs.org/@csstools%2fcss-color-parser set size:undefined disposed:false
2129 http fetch GET 200 https://registry.npmjs.org/@csstools%2fcss-tokenizer 222ms (cache miss)
2130 silly packumentCache full:https://registry.npmjs.org/@csstools%2fcss-tokenizer set size:undefined disposed:false
2131 http fetch GET 200 https://registry.npmjs.org/@csstools%2fcss-parser-algorithms 230ms (cache miss)
2132 silly packumentCache full:https://registry.npmjs.org/@csstools%2fcss-parser-algorithms set size:undefined disposed:false
2133 silly placeDep ROOT @asamuzakjp/generational-cache@1.0.1 OK for: @asamuzakjp/css-color@5.1.11 want: ^1.0.1
2134 silly placeDep ROOT @csstools/css-calc@3.2.1 OK for: @asamuzakjp/css-color@5.1.11 want: ^3.2.0
2135 silly placeDep ROOT @csstools/css-parser-algorithms@4.0.0 OK for: @csstools/css-calc@3.2.1 want: ^4.0.0
2136 silly placeDep ROOT @csstools/css-tokenizer@4.0.0 OK for: @csstools/css-parser-algorithms@4.0.0 want: ^4.0.0
2137 silly placeDep ROOT @csstools/css-color-parser@4.1.1 OK for: @asamuzakjp/css-color@5.1.11 want: ^4.1.0
2138 silly fetch manifest @csstools/color-helpers@^6.0.2
2139 silly packumentCache full:https://registry.npmjs.org/@csstools%2fcolor-helpers cache-miss
2140 http fetch GET 200 https://registry.npmjs.org/@csstools%2fcolor-helpers 126ms (cache miss)
2141 silly packumentCache full:https://registry.npmjs.org/@csstools%2fcolor-helpers set size:undefined disposed:false
2142 silly placeDep ROOT @csstools/color-helpers@6.0.2 OK for: @csstools/css-color-parser@4.1.1 want: ^6.0.2
2143 silly placeDep ROOT cli-truncate@5.2.0 OK for: listr2@9.0.5 want: ^5.0.0
2144 silly placeDep ROOT colorette@2.0.20 OK for: listr2@9.0.5 want: ^2.0.20
2145 silly placeDep ROOT eventemitter3@5.0.4 OK for: listr2@9.0.5 want: ^5.0.1
2146 silly placeDep ROOT log-update@6.1.0 OK for: listr2@9.0.5 want: ^6.1.0
2147 silly placeDep ROOT rfdc@1.4.1 OK for: listr2@9.0.5 want: ^1.4.1
2148 silly placeDep node_modules/listr2 wrap-ansi@9.0.2 OK for: listr2@9.0.5 want: ^9.0.0
2149 silly fetch manifest slice-ansi@^8.0.0
2150 silly packumentCache full:https://registry.npmjs.org/slice-ansi cache-miss
2151 silly fetch manifest string-width@^8.2.0
2152 silly packumentCache full:https://registry.npmjs.org/string-width cache-hit
2153 silly fetch manifest slice-ansi@^7.1.0
2154 silly packumentCache full:https://registry.npmjs.org/slice-ansi cache-miss
2155 silly fetch manifest strip-ansi@^7.1.0
2156 silly packumentCache full:https://registry.npmjs.org/strip-ansi cache-miss
2157 silly fetch manifest ansi-escapes@^7.0.0
2158 silly packumentCache full:https://registry.npmjs.org/ansi-escapes cache-miss
2159 silly fetch manifest strip-ansi@^7.1.0
2160 silly packumentCache full:https://registry.npmjs.org/strip-ansi cache-miss
2161 silly fetch manifest ansi-styles@^6.2.1
2162 silly packumentCache full:https://registry.npmjs.org/ansi-styles cache-miss
2163 silly fetch manifest string-width@^7.0.0
2164 silly packumentCache full:https://registry.npmjs.org/string-width cache-hit
2165 http cache https://registry.npmjs.org/strip-ansi 18ms (cache hit)
2166 silly packumentCache full:https://registry.npmjs.org/strip-ansi set size:44998 disposed:false
2167 http cache https://registry.npmjs.org/strip-ansi 20ms (cache hit)
2168 silly packumentCache full:https://registry.npmjs.org/strip-ansi set size:44998 disposed:false
2169 silly packumentCache full:https://registry.npmjs.org/strip-ansi dispose
2170 http cache https://registry.npmjs.org/ansi-styles 22ms (cache hit)
2171 silly packumentCache full:https://registry.npmjs.org/ansi-styles set size:63233 disposed:false
2172 http fetch GET 200 https://registry.npmjs.org/slice-ansi 116ms (cache miss)
2173 silly packumentCache full:https://registry.npmjs.org/slice-ansi set size:undefined disposed:false
2174 http fetch GET 200 https://registry.npmjs.org/slice-ansi 128ms (cache miss)
2175 silly packumentCache full:https://registry.npmjs.org/slice-ansi set size:undefined disposed:false
2176 http fetch GET 200 https://registry.npmjs.org/ansi-escapes 135ms (cache miss)
2177 silly packumentCache full:https://registry.npmjs.org/ansi-escapes set size:undefined disposed:false
2178 silly placeDep ROOT slice-ansi@8.0.0 OK for: cli-truncate@5.2.0 want: ^8.0.0
2179 silly placeDep ROOT string-width@8.2.1 OK for: cli-truncate@5.2.0 want: ^8.2.0
2180 silly fetch manifest ansi-styles@^6.2.3
2181 silly packumentCache full:https://registry.npmjs.org/ansi-styles cache-hit
2182 silly fetch manifest is-fullwidth-code-point@^5.1.0
2183 silly packumentCache full:https://registry.npmjs.org/is-fullwidth-code-point cache-miss
2184 silly fetch manifest get-east-asian-width@^1.5.0
2185 silly packumentCache full:https://registry.npmjs.org/get-east-asian-width cache-miss
2186 silly fetch manifest strip-ansi@^7.1.2
2187 silly packumentCache full:https://registry.npmjs.org/strip-ansi cache-hit
2188 http fetch GET 200 https://registry.npmjs.org/get-east-asian-width 98ms (cache miss)
2189 silly packumentCache full:https://registry.npmjs.org/get-east-asian-width set size:undefined disposed:false
2190 http fetch GET 200 https://registry.npmjs.org/is-fullwidth-code-point 118ms (cache miss)
2191 silly packumentCache full:https://registry.npmjs.org/is-fullwidth-code-point set size:undefined disposed:false
2192 silly placeDep ROOT @harperfast/extended-iterable@1.0.3 OK for: lmdb@3.5.1 want: ^1.0.3
2193 silly placeDep ROOT @lmdb/lmdb-darwin-arm64@3.5.1 OK for: lmdb@3.5.1 want: 3.5.1
2194 silly placeDep ROOT @lmdb/lmdb-darwin-x64@3.5.1 OK for: lmdb@3.5.1 want: 3.5.1
2195 silly placeDep ROOT @lmdb/lmdb-linux-arm@3.5.1 OK for: lmdb@3.5.1 want: 3.5.1
2196 silly placeDep ROOT @lmdb/lmdb-linux-arm64@3.5.1 OK for: lmdb@3.5.1 want: 3.5.1
2197 silly placeDep ROOT @lmdb/lmdb-linux-x64@3.5.1 OK for: lmdb@3.5.1 want: 3.5.1
2198 silly placeDep ROOT @lmdb/lmdb-win32-arm64@3.5.1 OK for: lmdb@3.5.1 want: 3.5.1
2199 silly placeDep ROOT @lmdb/lmdb-win32-x64@3.5.1 OK for: lmdb@3.5.1 want: 3.5.1
2200 silly placeDep ROOT msgpackr@1.11.12 OK for: lmdb@3.5.1 want: ^1.11.2
2201 silly placeDep ROOT node-addon-api@6.1.0 OK for: lmdb@3.5.1 want: ^6.1.0
2202 silly placeDep ROOT node-gyp-build-optional-packages@5.2.2 OK for: lmdb@3.5.1 want: 5.2.2
2203 silly placeDep ROOT ordered-binary@1.6.1 OK for: lmdb@3.5.1 want: ^1.5.3
2204 silly placeDep ROOT weak-lru-cache@1.2.2 OK for: lmdb@3.5.1 want: ^1.2.2
2205 silly fetch manifest msgpackr-extract@^3.0.2
2206 silly packumentCache full:https://registry.npmjs.org/msgpackr-extract cache-miss
2207 silly fetch manifest detect-libc@^2.0.1
2208 silly packumentCache full:https://registry.npmjs.org/detect-libc cache-miss
2209 http fetch GET 200 https://registry.npmjs.org/detect-libc 89ms (cache miss)
2210 silly packumentCache full:https://registry.npmjs.org/detect-libc set size:undefined disposed:false
2211 http fetch GET 200 https://registry.npmjs.org/msgpackr-extract 335ms (cache miss)
2212 silly packumentCache full:https://registry.npmjs.org/msgpackr-extract set size:undefined disposed:false
2213 silly placeDep ROOT ansi-escapes@7.3.0 OK for: log-update@6.1.0 want: ^7.0.0
2214 silly placeDep ROOT cli-cursor@5.0.0 OK for: log-update@6.1.0 want: ^5.0.0
2215 silly placeDep node_modules/log-update slice-ansi@7.1.2 OK for: log-update@6.1.0 want: ^7.1.0
2216 silly placeDep ROOT strip-ansi@7.2.0 OK for: log-update@6.1.0 want: ^7.1.0
2217 silly placeDep node_modules/log-update wrap-ansi@9.0.2 OK for: log-update@6.1.0 want: ^9.0.0
2218 silly fetch manifest environment@^1.0.0
2219 silly packumentCache full:https://registry.npmjs.org/environment cache-miss
2220 silly fetch manifest restore-cursor@^5.0.0
2221 silly packumentCache full:https://registry.npmjs.org/restore-cursor cache-miss
2222 silly fetch manifest is-fullwidth-code-point@^5.0.0
2223 silly packumentCache full:https://registry.npmjs.org/is-fullwidth-code-point cache-miss
2224 silly fetch manifest ansi-regex@^6.2.2
2225 silly packumentCache full:https://registry.npmjs.org/ansi-regex cache-miss
2226 http cache https://registry.npmjs.org/is-fullwidth-code-point 15ms (cache hit)
2227 silly packumentCache full:https://registry.npmjs.org/is-fullwidth-code-point set size:14578 disposed:false
2228 http fetch GET 200 https://registry.npmjs.org/restore-cursor 110ms (cache miss)
2229 silly packumentCache full:https://registry.npmjs.org/restore-cursor set size:undefined disposed:false
2230 http fetch GET 200 https://registry.npmjs.org/ansi-regex 112ms (cache miss)
2231 silly packumentCache full:https://registry.npmjs.org/ansi-regex set size:undefined disposed:false
2232 http fetch GET 200 https://registry.npmjs.org/environment 273ms (cache miss)
2233 silly packumentCache full:https://registry.npmjs.org/environment set size:undefined disposed:false
2234 silly placeDep ROOT environment@1.1.0 OK for: ansi-escapes@7.3.0 want: ^1.0.0
2235 silly placeDep ROOT restore-cursor@5.1.0 OK for: cli-cursor@5.0.0 want: ^5.0.0
2236 silly fetch manifest onetime@^7.0.0
2237 silly packumentCache full:https://registry.npmjs.org/onetime cache-miss
2238 http fetch GET 200 https://registry.npmjs.org/onetime 128ms (cache miss)
2239 silly packumentCache full:https://registry.npmjs.org/onetime set size:undefined disposed:false
2240 silly placeDep ROOT yallist@3.1.1 OK for: lru-cache@5.1.1 want: ^3.0.2
2241 silly placeDep ROOT mime-db@1.54.0 OK for: mime-types@3.0.2 want: ^1.54.0
2242 silly placeDep ROOT msgpackr-extract@3.0.3 OK for: msgpackr@1.11.12 want: ^3.0.2
2243 silly fetch manifest @msgpackr-extract/msgpackr-extract-darwin-arm64@3.0.3
2244 silly packumentCache full:https://registry.npmjs.org/@msgpackr-extract%2fmsgpackr-extract-darwin-arm64 cache-miss
2245 silly fetch manifest @msgpackr-extract/msgpackr-extract-darwin-x64@3.0.3
2246 silly packumentCache full:https://registry.npmjs.org/@msgpackr-extract%2fmsgpackr-extract-darwin-x64 cache-miss
2247 silly fetch manifest @msgpackr-extract/msgpackr-extract-linux-arm@3.0.3
2248 silly packumentCache full:https://registry.npmjs.org/@msgpackr-extract%2fmsgpackr-extract-linux-arm cache-miss
2249 silly fetch manifest @msgpackr-extract/msgpackr-extract-linux-arm64@3.0.3
2250 silly packumentCache full:https://registry.npmjs.org/@msgpackr-extract%2fmsgpackr-extract-linux-arm64 cache-miss
2251 silly fetch manifest @msgpackr-extract/msgpackr-extract-linux-x64@3.0.3
2252 silly packumentCache full:https://registry.npmjs.org/@msgpackr-extract%2fmsgpackr-extract-linux-x64 cache-miss
2253 silly fetch manifest @msgpackr-extract/msgpackr-extract-win32-x64@3.0.3
2254 silly packumentCache full:https://registry.npmjs.org/@msgpackr-extract%2fmsgpackr-extract-win32-x64 cache-miss
2255 http fetch GET 200 https://registry.npmjs.org/@msgpackr-extract%2fmsgpackr-extract-darwin-x64 125ms (cache miss)
2256 silly packumentCache full:https://registry.npmjs.org/@msgpackr-extract%2fmsgpackr-extract-darwin-x64 set size:undefined disposed:false
2257 http fetch GET 200 https://registry.npmjs.org/@msgpackr-extract%2fmsgpackr-extract-win32-x64 177ms (cache miss)
2258 silly packumentCache full:https://registry.npmjs.org/@msgpackr-extract%2fmsgpackr-extract-win32-x64 set size:undefined disposed:false
2259 http fetch GET 200 https://registry.npmjs.org/@msgpackr-extract%2fmsgpackr-extract-linux-arm 182ms (cache miss)
2260 silly packumentCache full:https://registry.npmjs.org/@msgpackr-extract%2fmsgpackr-extract-linux-arm set size:undefined disposed:false
2261 http fetch GET 200 https://registry.npmjs.org/@msgpackr-extract%2fmsgpackr-extract-linux-arm64 182ms (cache miss)
2262 silly packumentCache full:https://registry.npmjs.org/@msgpackr-extract%2fmsgpackr-extract-linux-arm64 set size:undefined disposed:false
2263 http fetch GET 200 https://registry.npmjs.org/@msgpackr-extract%2fmsgpackr-extract-darwin-arm64 191ms (cache miss)
2264 silly packumentCache full:https://registry.npmjs.org/@msgpackr-extract%2fmsgpackr-extract-darwin-arm64 set size:undefined disposed:false
2265 http fetch GET 200 https://registry.npmjs.org/@msgpackr-extract%2fmsgpackr-extract-linux-x64 340ms (cache miss)
2266 silly packumentCache full:https://registry.npmjs.org/@msgpackr-extract%2fmsgpackr-extract-linux-x64 set size:undefined disposed:false
2267 silly placeDep ROOT @msgpackr-extract/msgpackr-extract-darwin-arm64@3.0.3 OK for: msgpackr-extract@3.0.3 want: 3.0.3
2268 silly placeDep ROOT @msgpackr-extract/msgpackr-extract-darwin-x64@3.0.3 OK for: msgpackr-extract@3.0.3 want: 3.0.3
2269 silly placeDep ROOT @msgpackr-extract/msgpackr-extract-linux-arm@3.0.3 OK for: msgpackr-extract@3.0.3 want: 3.0.3
2270 silly placeDep ROOT @msgpackr-extract/msgpackr-extract-linux-arm64@3.0.3 OK for: msgpackr-extract@3.0.3 want: 3.0.3
2271 silly placeDep ROOT @msgpackr-extract/msgpackr-extract-linux-x64@3.0.3 OK for: msgpackr-extract@3.0.3 want: 3.0.3
2272 silly placeDep ROOT @msgpackr-extract/msgpackr-extract-win32-x64@3.0.3 OK for: msgpackr-extract@3.0.3 want: 3.0.3
2273 silly placeDep ROOT es-toolkit@1.46.1 OK for: ng2-charts@10.0.0 want: ^1.39.7
2274 silly placeDep ROOT detect-libc@2.1.2 OK for: node-gyp-build-optional-packages@5.2.2 want: ^2.0.1
2275 silly placeDep ROOT hosted-git-info@9.0.3 OK for: npm-package-arg@13.0.2 want: ^9.0.0
2276 silly placeDep ROOT proc-log@6.1.0 OK for: npm-package-arg@13.0.2 want: ^6.0.0
2277 silly placeDep ROOT validate-npm-package-name@7.0.2 OK for: npm-package-arg@13.0.2 want: ^7.0.0
2278 silly fetch manifest lru-cache@^11.1.0
2279 silly packumentCache full:https://registry.npmjs.org/lru-cache cache-hit
2280 silly placeDep node_modules/hosted-git-info lru-cache@11.5.0 OK for: hosted-git-info@9.0.3 want: ^11.1.0
2281 silly placeDep ROOT ee-first@1.1.1 OK for: on-finished@2.4.1 want: 1.1.1
2282 silly placeDep ROOT wrappy@1.0.2 OK for: once@1.4.0 want: 1
2283 silly placeDep ROOT chalk@5.6.2 OK for: ora@9.3.0 want: ^5.6.2
2284 silly placeDep ROOT cli-spinners@3.4.0 OK for: ora@9.3.0 want: ^3.2.0
2285 silly placeDep ROOT is-interactive@2.0.0 OK for: ora@9.3.0 want: ^2.0.0
2286 silly placeDep ROOT is-unicode-supported@2.1.0 OK for: ora@9.3.0 want: ^2.1.0
2287 silly placeDep ROOT log-symbols@7.0.1 OK for: ora@9.3.0 want: ^7.0.1
2288 silly placeDep ROOT stdin-discarder@0.3.2 OK for: ora@9.3.0 want: ^0.3.1
2289 silly fetch manifest yoctocolors@^2.1.1
2290 silly packumentCache full:https://registry.npmjs.org/yoctocolors cache-miss
2291 http fetch GET 200 https://registry.npmjs.org/yoctocolors 101ms (cache miss)
2292 silly packumentCache full:https://registry.npmjs.org/yoctocolors set size:undefined disposed:false
2293 silly placeDep ROOT yoctocolors@2.1.2 OK for: log-symbols@7.0.1 want: ^2.1.1
2294 silly placeDep ROOT @npmcli/git@7.0.2 OK for: pacote@21.3.1 want: ^7.0.0
2295 silly placeDep ROOT @npmcli/installed-package-contents@4.0.0 OK for: pacote@21.3.1 want: ^4.0.0
2296 silly placeDep ROOT @npmcli/package-json@7.0.5 OK for: pacote@21.3.1 want: ^7.0.0
2297 silly placeDep ROOT @npmcli/promise-spawn@9.0.1 OK for: pacote@21.3.1 want: ^9.0.0
2298 silly placeDep ROOT @npmcli/run-script@10.0.4 OK for: pacote@21.3.1 want: ^10.0.0
2299 silly placeDep ROOT cacache@20.0.4 OK for: pacote@21.3.1 want: ^20.0.0
2300 silly placeDep ROOT fs-minipass@3.0.3 OK for: pacote@21.3.1 want: ^3.0.0
2301 silly placeDep ROOT minipass@7.1.3 OK for: pacote@21.3.1 want: ^7.0.2
2302 silly placeDep ROOT npm-packlist@10.0.4 OK for: pacote@21.3.1 want: ^10.0.1
2303 silly placeDep ROOT npm-pick-manifest@11.0.3 OK for: pacote@21.3.1 want: ^11.0.1
2304 silly placeDep ROOT npm-registry-fetch@19.1.1 OK for: pacote@21.3.1 want: ^19.0.0
2305 silly placeDep ROOT promise-retry@2.0.1 OK for: pacote@21.3.1 want: ^2.0.1
2306 silly placeDep ROOT sigstore@4.1.0 OK for: pacote@21.3.1 want: ^4.0.0
2307 silly placeDep ROOT ssri@13.0.1 OK for: pacote@21.3.1 want: ^13.0.0
2308 silly placeDep ROOT tar@7.5.15 OK for: pacote@21.3.1 want: ^7.4.3
2309 silly fetch manifest which@^6.0.0
2310 silly packumentCache full:https://registry.npmjs.org/which cache-miss
2311 silly fetch manifest lru-cache@^11.2.1
2312 silly packumentCache full:https://registry.npmjs.org/lru-cache cache-hit
2313 silly fetch manifest @gar/promise-retry@^1.0.0
2314 silly packumentCache full:https://registry.npmjs.org/@gar%2fpromise-retry cache-miss
2315 silly fetch manifest npm-bundled@^5.0.0
2316 silly packumentCache full:https://registry.npmjs.org/npm-bundled cache-miss
2317 silly fetch manifest npm-normalize-package-bin@^5.0.0
2318 silly packumentCache full:https://registry.npmjs.org/npm-normalize-package-bin cache-miss
2319 silly fetch manifest glob@^13.0.0
2320 silly packumentCache full:https://registry.npmjs.org/glob cache-miss
2321 silly fetch manifest spdx-expression-parse@^4.0.0
2322 silly packumentCache full:https://registry.npmjs.org/spdx-expression-parse cache-miss
2323 silly fetch manifest json-parse-even-better-errors@^5.0.0
2324 silly packumentCache full:https://registry.npmjs.org/json-parse-even-better-errors cache-miss
2325 http cache https://registry.npmjs.org/which 23ms (cache hit)
2326 silly packumentCache full:https://registry.npmjs.org/which set size:70143 disposed:false
2327 silly fetch manifest node-gyp@^12.1.0
2328 silly packumentCache full:https://registry.npmjs.org/node-gyp cache-miss
2329 http fetch GET 200 https://registry.npmjs.org/@gar%2fpromise-retry 417ms (cache miss)
2330 silly packumentCache full:https://registry.npmjs.org/@gar%2fpromise-retry set size:undefined disposed:false
2331 silly fetch manifest @npmcli/node-gyp@^5.0.0
2332 silly packumentCache full:https://registry.npmjs.org/@npmcli%2fnode-gyp cache-miss
2333 http fetch GET 200 https://registry.npmjs.org/spdx-expression-parse 437ms (cache miss)
2334 silly packumentCache full:https://registry.npmjs.org/spdx-expression-parse set size:undefined disposed:false
2335 silly fetch manifest glob@^13.0.0
2336 silly packumentCache full:https://registry.npmjs.org/glob cache-miss
2337 http fetch GET 200 https://registry.npmjs.org/@npmcli%2fnode-gyp 236ms (cache miss)
2338 silly packumentCache full:https://registry.npmjs.org/@npmcli%2fnode-gyp set size:undefined disposed:false
2339 silly fetch manifest p-map@^7.0.2
2340 silly packumentCache full:https://registry.npmjs.org/p-map cache-miss
2341 http fetch GET 200 https://registry.npmjs.org/npm-normalize-package-bin 674ms (cache miss)
2342 silly packumentCache full:https://registry.npmjs.org/npm-normalize-package-bin set size:undefined disposed:false
2343 silly fetch manifest minipass@^7.0.3
2344 silly packumentCache full:https://registry.npmjs.org/minipass cache-miss
2345 http fetch GET 200 https://registry.npmjs.org/npm-bundled 678ms (cache miss)
2346 silly packumentCache full:https://registry.npmjs.org/npm-bundled set size:undefined disposed:false
2347 silly fetch manifest @npmcli/fs@^5.0.0
2348 silly packumentCache full:https://registry.npmjs.org/@npmcli%2ffs cache-miss
2349 http fetch GET 200 https://registry.npmjs.org/json-parse-even-better-errors 674ms (cache miss)
2350 silly packumentCache full:https://registry.npmjs.org/json-parse-even-better-errors set size:undefined disposed:false
2351 silly fetch manifest minipass-flush@^1.0.5
2352 silly packumentCache full:https://registry.npmjs.org/minipass-flush cache-miss
2353 http fetch GET 200 https://registry.npmjs.org/node-gyp 657ms (cache miss)
2354 silly packumentCache full:https://registry.npmjs.org/node-gyp set size:undefined disposed:false
2355 silly fetch manifest minipass-collect@^2.0.1
2356 silly packumentCache full:https://registry.npmjs.org/minipass-collect cache-miss
2357 http cache https://registry.npmjs.org/minipass 26ms (cache hit)
2358 silly packumentCache full:https://registry.npmjs.org/minipass set size:276925 disposed:false
2359 silly fetch manifest minipass-pipeline@^1.2.4
2360 silly packumentCache full:https://registry.npmjs.org/minipass-pipeline cache-miss
2361 http fetch GET 200 https://registry.npmjs.org/p-map 104ms (cache miss)
2362 silly packumentCache full:https://registry.npmjs.org/p-map set size:undefined disposed:false
2363 silly fetch manifest ignore-walk@^8.0.0
2364 silly packumentCache full:https://registry.npmjs.org/ignore-walk cache-miss
2365 http fetch GET 200 https://registry.npmjs.org/minipass-pipeline 108ms (cache miss)
2366 silly packumentCache full:https://registry.npmjs.org/minipass-pipeline set size:undefined disposed:false
2367 silly fetch manifest npm-install-checks@^8.0.0
2368 silly packumentCache full:https://registry.npmjs.org/npm-install-checks cache-miss
2369 http fetch GET 200 https://registry.npmjs.org/glob 826ms (cache miss)
2370 silly packumentCache full:https://registry.npmjs.org/glob set size:undefined disposed:false
2371 silly fetch manifest minizlib@^3.0.1
2372 silly packumentCache full:https://registry.npmjs.org/minizlib cache-miss
2373 http fetch GET 200 https://registry.npmjs.org/@npmcli%2ffs 201ms (cache miss)
2374 silly packumentCache full:https://registry.npmjs.org/@npmcli%2ffs set size:undefined disposed:false
2375 silly fetch manifest jsonparse@^1.3.1
2376 silly packumentCache full:https://registry.npmjs.org/jsonparse cache-miss
2377 http fetch GET 200 https://registry.npmjs.org/npm-install-checks 118ms (cache miss)
2378 silly packumentCache full:https://registry.npmjs.org/npm-install-checks set size:undefined disposed:false
2379 silly fetch manifest @npmcli/redact@^4.0.0
2380 silly packumentCache full:https://registry.npmjs.org/@npmcli%2fredact cache-miss
2381 http fetch GET 200 https://registry.npmjs.org/jsonparse 90ms (cache miss)
2382 silly packumentCache full:https://registry.npmjs.org/jsonparse set size:undefined disposed:false
2383 silly fetch manifest minipass-fetch@^5.0.0
2384 silly packumentCache full:https://registry.npmjs.org/minipass-fetch cache-miss
2385 http fetch GET 200 https://registry.npmjs.org/minizlib 166ms (cache miss)
2386 silly packumentCache full:https://registry.npmjs.org/minizlib set size:undefined disposed:false
2387 silly fetch manifest make-fetch-happen@^15.0.0
2388 silly packumentCache full:https://registry.npmjs.org/make-fetch-happen cache-miss
2389 http fetch GET 200 https://registry.npmjs.org/ignore-walk 279ms (cache miss)
2390 silly packumentCache full:https://registry.npmjs.org/ignore-walk set size:undefined disposed:false
2391 silly fetch manifest err-code@^2.0.2
2392 silly packumentCache full:https://registry.npmjs.org/err-code cache-miss
2393 http fetch GET 200 https://registry.npmjs.org/err-code 137ms (cache miss)
2394 silly packumentCache full:https://registry.npmjs.org/err-code set size:undefined disposed:false
2395 silly fetch manifest retry@^0.12.0
2396 silly packumentCache full:https://registry.npmjs.org/retry cache-miss
2397 http fetch GET 200 https://registry.npmjs.org/minipass-collect 509ms (cache miss)
2398 silly packumentCache full:https://registry.npmjs.org/minipass-collect set size:undefined disposed:false
2399 silly fetch manifest @sigstore/bundle@^4.0.0
2400 silly packumentCache full:https://registry.npmjs.org/@sigstore%2fbundle cache-miss
2401 http fetch GET 200 https://registry.npmjs.org/minipass-fetch 262ms (cache miss)
2402 silly packumentCache full:https://registry.npmjs.org/minipass-fetch set size:undefined disposed:false
2403 silly fetch manifest @sigstore/core@^3.1.0
2404 silly packumentCache full:https://registry.npmjs.org/@sigstore%2fcore cache-miss
2405 http fetch GET 200 https://registry.npmjs.org/@npmcli%2fredact 313ms (cache miss)
2406 silly packumentCache full:https://registry.npmjs.org/@npmcli%2fredact set size:undefined disposed:false
2407 silly fetch manifest @sigstore/protobuf-specs@^0.5.0
2408 silly packumentCache full:https://registry.npmjs.org/@sigstore%2fprotobuf-specs cache-miss
2409 http fetch GET 200 https://registry.npmjs.org/glob 829ms (cache miss)
2410 silly packumentCache full:https://registry.npmjs.org/glob set size:undefined disposed:false
2411 silly fetch manifest @sigstore/sign@^4.1.0
2412 silly packumentCache full:https://registry.npmjs.org/@sigstore%2fsign cache-miss
2413 http fetch GET 200 https://registry.npmjs.org/retry 117ms (cache miss)
2414 silly packumentCache full:https://registry.npmjs.org/retry set size:undefined disposed:false
2415 silly fetch manifest @sigstore/tuf@^4.0.1
2416 silly packumentCache full:https://registry.npmjs.org/@sigstore%2ftuf cache-miss
2417 http fetch GET 200 https://registry.npmjs.org/@sigstore%2fprotobuf-specs 138ms (cache miss)
2418 silly packumentCache full:https://registry.npmjs.org/@sigstore%2fprotobuf-specs set size:undefined disposed:false
2419 silly fetch manifest @sigstore/verify@^3.1.0
2420 silly packumentCache full:https://registry.npmjs.org/@sigstore%2fverify cache-miss
2421 http fetch GET 200 https://registry.npmjs.org/@sigstore%2fsign 166ms (cache miss)
2422 silly packumentCache full:https://registry.npmjs.org/@sigstore%2fsign set size:undefined disposed:false
2423 silly fetch manifest @isaacs/fs-minipass@^4.0.0
2424 silly packumentCache full:https://registry.npmjs.org/@isaacs%2ffs-minipass cache-miss
2425 http fetch GET 200 https://registry.npmjs.org/make-fetch-happen 478ms (cache miss)
2426 silly packumentCache full:https://registry.npmjs.org/make-fetch-happen set size:undefined disposed:false
2427 silly fetch manifest chownr@^3.0.0
2428 silly packumentCache full:https://registry.npmjs.org/chownr cache-miss
2429 http fetch GET 200 https://registry.npmjs.org/@sigstore%2fcore 289ms (cache miss)
2430 silly packumentCache full:https://registry.npmjs.org/@sigstore%2fcore set size:undefined disposed:false
2431 silly fetch manifest minizlib@^3.1.0
2432 silly packumentCache full:https://registry.npmjs.org/minizlib cache-miss
2433 http cache https://registry.npmjs.org/minizlib 11ms (cache hit)
2434 silly packumentCache full:https://registry.npmjs.org/minizlib set size:62862 disposed:false
2435 silly fetch manifest yallist@^5.0.0
2436 silly packumentCache full:https://registry.npmjs.org/yallist cache-miss
2437 http cache https://registry.npmjs.org/yallist 8ms (cache hit)
2438 silly packumentCache full:https://registry.npmjs.org/yallist set size:34610 disposed:false
2439 http fetch GET 200 https://registry.npmjs.org/@isaacs%2ffs-minipass 114ms (cache miss)
2440 silly packumentCache full:https://registry.npmjs.org/@isaacs%2ffs-minipass set size:undefined disposed:false
2441 http fetch GET 200 https://registry.npmjs.org/@sigstore%2fverify 196ms (cache miss)
2442 silly packumentCache full:https://registry.npmjs.org/@sigstore%2fverify set size:undefined disposed:false
2443 http fetch GET 200 https://registry.npmjs.org/@sigstore%2fbundle 400ms (cache miss)
2444 silly packumentCache full:https://registry.npmjs.org/@sigstore%2fbundle set size:undefined disposed:false
2445 http fetch GET 200 https://registry.npmjs.org/chownr 142ms (cache miss)
2446 silly packumentCache full:https://registry.npmjs.org/chownr set size:undefined disposed:false
2447 http fetch GET 200 https://registry.npmjs.org/@sigstore%2ftuf 413ms (cache miss)
2448 silly packumentCache full:https://registry.npmjs.org/@sigstore%2ftuf set size:undefined disposed:false
2449 http fetch GET 200 https://registry.npmjs.org/minipass-flush 1246ms (cache miss)
2450 silly packumentCache full:https://registry.npmjs.org/minipass-flush set size:undefined disposed:false
2451 silly placeDep ROOT @gar/promise-retry@1.0.3 OK for: @npmcli/git@7.0.2 want: ^1.0.0
2452 silly placeDep node_modules/@npmcli/git lru-cache@11.5.0 OK for: @npmcli/git@7.0.2 want: ^11.2.1
2453 silly placeDep node_modules/@npmcli/git which@6.0.1 OK for: @npmcli/git@7.0.2 want: ^6.0.0
2454 silly fetch manifest isexe@^4.0.0
2455 silly packumentCache full:https://registry.npmjs.org/isexe cache-miss
2456 http cache https://registry.npmjs.org/isexe 10ms (cache hit)
2457 silly packumentCache full:https://registry.npmjs.org/isexe set size:31756 disposed:false
2458 silly placeDep ROOT npm-bundled@5.0.0 OK for: @npmcli/installed-package-contents@4.0.0 want: ^5.0.0
2459 silly placeDep ROOT npm-normalize-package-bin@5.0.0 OK for: @npmcli/installed-package-contents@4.0.0 want: ^5.0.0
2460 silly placeDep ROOT glob@13.0.6 OK for: @npmcli/package-json@7.0.5 want: ^13.0.0
2461 silly placeDep ROOT json-parse-even-better-errors@5.0.0 OK for: @npmcli/package-json@7.0.5 want: ^5.0.0
2462 silly placeDep ROOT spdx-expression-parse@4.0.0 OK for: @npmcli/package-json@7.0.5 want: ^4.0.0
2463 silly fetch manifest minimatch@^10.2.2
2464 silly packumentCache full:https://registry.npmjs.org/minimatch cache-miss
2465 silly fetch manifest path-scurry@^2.0.2
2466 silly packumentCache full:https://registry.npmjs.org/path-scurry cache-miss
2467 silly fetch manifest spdx-exceptions@^2.1.0
2468 silly packumentCache full:https://registry.npmjs.org/spdx-exceptions cache-miss
2469 silly fetch manifest spdx-license-ids@^3.0.0
2470 silly packumentCache full:https://registry.npmjs.org/spdx-license-ids cache-miss
2471 http fetch GET 200 https://registry.npmjs.org/spdx-exceptions 154ms (cache miss)
2472 silly packumentCache full:https://registry.npmjs.org/spdx-exceptions set size:undefined disposed:false
2473 http fetch GET 200 https://registry.npmjs.org/path-scurry 309ms (cache miss)
2474 silly packumentCache full:https://registry.npmjs.org/path-scurry set size:undefined disposed:false
2475 http fetch GET 200 https://registry.npmjs.org/minimatch 561ms (cache miss)
2476 silly packumentCache full:https://registry.npmjs.org/minimatch set size:undefined disposed:false
2477 http fetch GET 200 https://registry.npmjs.org/spdx-license-ids 699ms (cache miss)
2478 silly packumentCache full:https://registry.npmjs.org/spdx-license-ids set size:undefined disposed:false
2479 silly placeDep node_modules/@npmcli/promise-spawn which@6.0.1 OK for: @npmcli/promise-spawn@9.0.1 want: ^6.0.0
2480 silly placeDep ROOT @npmcli/node-gyp@5.0.0 OK for: @npmcli/run-script@10.0.4 want: ^5.0.0
2481 silly placeDep ROOT node-gyp@12.3.0 OK for: @npmcli/run-script@10.0.4 want: ^12.1.0
2482 silly fetch manifest env-paths@^2.2.0
2483 silly packumentCache full:https://registry.npmjs.org/env-paths cache-miss
2484 silly fetch manifest exponential-backoff@^3.1.1
2485 silly packumentCache full:https://registry.npmjs.org/exponential-backoff cache-miss
2486 silly fetch manifest graceful-fs@^4.2.6
2487 silly packumentCache full:https://registry.npmjs.org/graceful-fs cache-miss
2488 silly fetch manifest nopt@^9.0.0
2489 silly packumentCache full:https://registry.npmjs.org/nopt cache-miss
2490 silly fetch manifest undici@^6.25.0
2491 silly packumentCache full:https://registry.npmjs.org/undici cache-miss
2492 http cache https://registry.npmjs.org/undici 20ms (cache hit)
2493 silly packumentCache full:https://registry.npmjs.org/undici set size:1412963 disposed:false
2494 http cache https://registry.npmjs.org/graceful-fs 39ms (cache hit)
2495 silly packumentCache full:https://registry.npmjs.org/graceful-fs set size:124285 disposed:false
2496 http fetch GET 200 https://registry.npmjs.org/env-paths 96ms (cache miss)
2497 silly packumentCache full:https://registry.npmjs.org/env-paths set size:undefined disposed:false
2498 http fetch GET 200 https://registry.npmjs.org/exponential-backoff 132ms (cache miss)
2499 silly packumentCache full:https://registry.npmjs.org/exponential-backoff set size:undefined disposed:false
2500 http fetch GET 200 https://registry.npmjs.org/nopt 1090ms (cache miss)
2501 silly packumentCache full:https://registry.npmjs.org/nopt set size:undefined disposed:false
2502 silly placeDep ROOT @npmcli/fs@5.0.0 OK for: cacache@20.0.4 want: ^5.0.0
2503 silly placeDep node_modules/cacache lru-cache@11.5.0 OK for: cacache@20.0.4 want: ^11.1.0
2504 silly placeDep ROOT minipass-collect@2.0.1 OK for: cacache@20.0.4 want: ^2.0.1
2505 silly placeDep ROOT minipass-flush@1.0.7 OK for: cacache@20.0.4 want: ^1.0.5
2506 silly placeDep ROOT minipass-pipeline@1.2.4 OK for: cacache@20.0.4 want: ^1.2.4
2507 silly placeDep ROOT p-map@7.0.4 OK for: cacache@20.0.4 want: ^7.0.2
2508 silly fetch manifest minipass@^3.0.0
2509 silly packumentCache full:https://registry.npmjs.org/minipass cache-hit
2510 silly fetch manifest minipass@^3.0.0
2511 silly packumentCache full:https://registry.npmjs.org/minipass cache-hit
2512 silly placeDep ROOT minimatch@10.2.5 OK for: glob@13.0.6 want: ^10.2.2
2513 silly placeDep ROOT path-scurry@2.0.2 OK for: glob@13.0.6 want: ^2.0.2
2514 silly fetch manifest brace-expansion@^5.0.5
2515 silly packumentCache full:https://registry.npmjs.org/brace-expansion cache-miss
2516 silly fetch manifest lru-cache@^11.0.0
2517 silly packumentCache full:https://registry.npmjs.org/lru-cache cache-hit
2518 http fetch GET 200 https://registry.npmjs.org/brace-expansion 135ms (cache miss)
2519 silly packumentCache full:https://registry.npmjs.org/brace-expansion set size:undefined disposed:false
2520 silly placeDep ROOT brace-expansion@5.0.6 OK for: minimatch@10.2.5 want: ^5.0.5
2521 silly fetch manifest balanced-match@^4.0.2
2522 silly packumentCache full:https://registry.npmjs.org/balanced-match cache-miss
2523 http fetch GET 200 https://registry.npmjs.org/balanced-match 139ms (cache miss)
2524 silly packumentCache full:https://registry.npmjs.org/balanced-match set size:undefined disposed:false
2525 silly placeDep ROOT balanced-match@4.0.4 OK for: brace-expansion@5.0.6 want: ^4.0.2
2526 silly placeDep node_modules/minipass-flush minipass@3.3.6 OK for: minipass-flush@1.0.7 want: ^3.0.0
2527 silly fetch manifest yallist@^4.0.0
2528 silly packumentCache full:https://registry.npmjs.org/yallist cache-hit
2529 silly placeDep node_modules/minipass-pipeline minipass@3.3.6 OK for: minipass-pipeline@1.2.4 want: ^3.0.0
2530 silly placeDep ROOT env-paths@2.2.1 OK for: node-gyp@12.3.0 want: ^2.2.0
2531 silly placeDep ROOT exponential-backoff@3.1.3 OK for: node-gyp@12.3.0 want: ^3.1.1
2532 silly placeDep ROOT graceful-fs@4.2.11 OK for: node-gyp@12.3.0 want: ^4.2.6
2533 silly placeDep ROOT nopt@9.0.0 OK for: node-gyp@12.3.0 want: ^9.0.0
2534 silly placeDep node_modules/node-gyp undici@6.25.0 OK for: node-gyp@12.3.0 want: ^6.25.0
2535 silly placeDep node_modules/node-gyp which@6.0.1 OK for: node-gyp@12.3.0 want: ^6.0.0
2536 silly fetch manifest abbrev@^4.0.0
2537 silly packumentCache full:https://registry.npmjs.org/abbrev cache-miss
2538 http fetch GET 200 https://registry.npmjs.org/abbrev 103ms (cache miss)
2539 silly packumentCache full:https://registry.npmjs.org/abbrev set size:undefined disposed:false
2540 silly placeDep ROOT abbrev@4.0.0 OK for: nopt@9.0.0 want: ^4.0.0
2541 silly placeDep ROOT ignore-walk@8.0.0 OK for: npm-packlist@10.0.4 want: ^8.0.0
2542 silly placeDep ROOT npm-install-checks@8.0.0 OK for: npm-pick-manifest@11.0.3 want: ^8.0.0
2543 silly placeDep ROOT @npmcli/redact@4.0.0 OK for: npm-registry-fetch@19.1.1 want: ^4.0.0
2544 silly placeDep ROOT jsonparse@1.3.1 OK for: npm-registry-fetch@19.1.1 want: ^1.3.1
2545 silly placeDep ROOT make-fetch-happen@15.0.5 OK for: npm-registry-fetch@19.1.1 want: ^15.0.0
2546 silly placeDep ROOT minipass-fetch@5.0.2 OK for: npm-registry-fetch@19.1.1 want: ^5.0.0
2547 silly placeDep ROOT minizlib@3.1.0 OK for: npm-registry-fetch@19.1.1 want: ^3.0.1
2548 silly fetch manifest @npmcli/agent@^4.0.0
2549 silly packumentCache full:https://registry.npmjs.org/@npmcli%2fagent cache-miss
2550 silly fetch manifest http-cache-semantics@^4.1.1
2551 silly packumentCache full:https://registry.npmjs.org/http-cache-semantics cache-miss
2552 silly fetch manifest minipass-sized@^2.0.0
2553 silly packumentCache full:https://registry.npmjs.org/minipass-sized cache-miss
2554 http fetch GET 200 https://registry.npmjs.org/minipass-sized 112ms (cache miss)
2555 silly packumentCache full:https://registry.npmjs.org/minipass-sized set size:undefined disposed:false
2556 http fetch GET 200 https://registry.npmjs.org/http-cache-semantics 168ms (cache miss)
2557 silly packumentCache full:https://registry.npmjs.org/http-cache-semantics set size:undefined disposed:false
2558 http fetch GET 200 https://registry.npmjs.org/@npmcli%2fagent 258ms (cache miss)
2559 silly packumentCache full:https://registry.npmjs.org/@npmcli%2fagent set size:undefined disposed:false
2560 silly placeDep ROOT @npmcli/agent@4.0.0 OK for: make-fetch-happen@15.0.5 want: ^4.0.0
2561 silly placeDep ROOT http-cache-semantics@4.2.0 OK for: make-fetch-happen@15.0.5 want: ^4.1.1
2562 silly fetch manifest socks-proxy-agent@^8.0.3
2563 silly packumentCache full:https://registry.npmjs.org/socks-proxy-agent cache-miss
2564 http fetch GET 200 https://registry.npmjs.org/socks-proxy-agent 739ms (cache miss)
2565 silly packumentCache full:https://registry.npmjs.org/socks-proxy-agent set size:undefined disposed:false
2566 silly placeDep node_modules/@npmcli/agent lru-cache@11.5.0 OK for: @npmcli/agent@4.0.0 want: ^11.2.1
2567 silly placeDep ROOT socks-proxy-agent@8.0.5 OK for: @npmcli/agent@4.0.0 want: ^8.0.3
2568 silly fetch manifest socks@^2.8.3
2569 silly packumentCache full:https://registry.npmjs.org/socks cache-miss
2570 http fetch GET 200 https://registry.npmjs.org/socks 172ms (cache miss)
2571 silly packumentCache full:https://registry.npmjs.org/socks set size:undefined disposed:false
2572 silly placeDep ROOT minipass-sized@2.0.0 OK for: minipass-fetch@5.0.2 want: ^2.0.0
2573 silly placeDep node_modules/parse5 entities@8.0.0 OK for: parse5@8.0.1 want: ^8.0.0
2574 silly placeDep node_modules/parse5-html-rewriting-stream entities@6.0.1 OK for: parse5-html-rewriting-stream@8.0.0 want: ^6.0.0
2575 silly placeDep ROOT parse5-sax-parser@8.0.0 OK for: parse5-html-rewriting-stream@8.0.0 want: ^8.0.0
2576 silly placeDep node_modules/path-scurry lru-cache@11.5.0 OK for: path-scurry@2.0.2 want: ^11.0.0
2577 silly placeDep ROOT @napi-rs/nice@1.1.1 OK for: piscina@5.1.4 want: ^1.0.4
2578 silly fetch manifest @napi-rs/nice-darwin-x64@1.1.1
2579 silly packumentCache full:https://registry.npmjs.org/@napi-rs%2fnice-darwin-x64 cache-miss
2580 silly fetch manifest @napi-rs/nice-darwin-arm64@1.1.1
2581 silly packumentCache full:https://registry.npmjs.org/@napi-rs%2fnice-darwin-arm64 cache-miss
2582 silly fetch manifest @napi-rs/nice-linux-x64-gnu@1.1.1
2583 silly packumentCache full:https://registry.npmjs.org/@napi-rs%2fnice-linux-x64-gnu cache-miss
2584 silly fetch manifest @napi-rs/nice-win32-x64-msvc@1.1.1
2585 silly packumentCache full:https://registry.npmjs.org/@napi-rs%2fnice-win32-x64-msvc cache-miss
2586 silly fetch manifest @napi-rs/nice-linux-x64-musl@1.1.1
2587 silly packumentCache full:https://registry.npmjs.org/@napi-rs%2fnice-linux-x64-musl cache-miss
2588 silly fetch manifest @napi-rs/nice-linux-arm64-gnu@1.1.1
2589 silly packumentCache full:https://registry.npmjs.org/@napi-rs%2fnice-linux-arm64-gnu cache-miss
2590 silly fetch manifest @napi-rs/nice-win32-ia32-msvc@1.1.1
2591 silly packumentCache full:https://registry.npmjs.org/@napi-rs%2fnice-win32-ia32-msvc cache-miss
2592 http fetch GET 200 https://registry.npmjs.org/@napi-rs%2fnice-linux-x64-gnu 127ms (cache miss)
2593 silly packumentCache full:https://registry.npmjs.org/@napi-rs%2fnice-linux-x64-gnu set size:undefined disposed:false
2594 silly fetch manifest @napi-rs/nice-linux-arm-gnueabihf@1.1.1
2595 silly packumentCache full:https://registry.npmjs.org/@napi-rs%2fnice-linux-arm-gnueabihf cache-miss
2596 http fetch GET 200 https://registry.npmjs.org/@napi-rs%2fnice-darwin-arm64 143ms (cache miss)
2597 silly packumentCache full:https://registry.npmjs.org/@napi-rs%2fnice-darwin-arm64 set size:undefined disposed:false
2598 silly fetch manifest @napi-rs/nice-android-arm64@1.1.1
2599 silly packumentCache full:https://registry.npmjs.org/@napi-rs%2fnice-android-arm64 cache-miss
2600 http fetch GET 200 https://registry.npmjs.org/@napi-rs%2fnice-linux-arm-gnueabihf 127ms (cache miss)
2601 silly packumentCache full:https://registry.npmjs.org/@napi-rs%2fnice-linux-arm-gnueabihf set size:undefined disposed:false
2602 silly fetch manifest @napi-rs/nice-freebsd-x64@1.1.1
2603 silly packumentCache full:https://registry.npmjs.org/@napi-rs%2fnice-freebsd-x64 cache-miss
2604 http fetch GET 200 https://registry.npmjs.org/@napi-rs%2fnice-win32-x64-msvc 279ms (cache miss)
2605 silly packumentCache full:https://registry.npmjs.org/@napi-rs%2fnice-win32-x64-msvc set size:undefined disposed:false
2606 silly fetch manifest @napi-rs/nice-linux-arm64-musl@1.1.1
2607 silly packumentCache full:https://registry.npmjs.org/@napi-rs%2fnice-linux-arm64-musl cache-miss
2608 http fetch GET 200 https://registry.npmjs.org/@napi-rs%2fnice-darwin-x64 294ms (cache miss)
2609 silly packumentCache full:https://registry.npmjs.org/@napi-rs%2fnice-darwin-x64 set size:undefined disposed:false
2610 silly fetch manifest @napi-rs/nice-android-arm-eabi@1.1.1
2611 silly packumentCache full:https://registry.npmjs.org/@napi-rs%2fnice-android-arm-eabi cache-miss
2612 http fetch GET 200 https://registry.npmjs.org/@napi-rs%2fnice-win32-ia32-msvc 335ms (cache miss)
2613 silly packumentCache full:https://registry.npmjs.org/@napi-rs%2fnice-win32-ia32-msvc set size:undefined disposed:false
2614 silly fetch manifest @napi-rs/nice-win32-arm64-msvc@1.1.1
2615 silly packumentCache full:https://registry.npmjs.org/@napi-rs%2fnice-win32-arm64-msvc cache-miss
2616 http fetch GET 200 https://registry.npmjs.org/@napi-rs%2fnice-linux-x64-musl 359ms (cache miss)
2617 silly packumentCache full:https://registry.npmjs.org/@napi-rs%2fnice-linux-x64-musl set size:undefined disposed:false
2618 silly fetch manifest @napi-rs/nice-linux-ppc64-gnu@1.1.1
2619 silly packumentCache full:https://registry.npmjs.org/@napi-rs%2fnice-linux-ppc64-gnu cache-miss
2620 http fetch GET 200 https://registry.npmjs.org/@napi-rs%2fnice-linux-arm64-gnu 382ms (cache miss)
2621 silly packumentCache full:https://registry.npmjs.org/@napi-rs%2fnice-linux-arm64-gnu set size:undefined disposed:false
2622 silly fetch manifest @napi-rs/nice-linux-s390x-gnu@1.1.1
2623 silly packumentCache full:https://registry.npmjs.org/@napi-rs%2fnice-linux-s390x-gnu cache-miss
2624 http fetch GET 200 https://registry.npmjs.org/@napi-rs%2fnice-freebsd-x64 165ms (cache miss)
2625 silly packumentCache full:https://registry.npmjs.org/@napi-rs%2fnice-freebsd-x64 set size:undefined disposed:false
2626 silly fetch manifest @napi-rs/nice-linux-riscv64-gnu@1.1.1
2627 silly packumentCache full:https://registry.npmjs.org/@napi-rs%2fnice-linux-riscv64-gnu cache-miss
2628 http fetch GET 200 https://registry.npmjs.org/@napi-rs%2fnice-android-arm64 300ms (cache miss)
2629 silly packumentCache full:https://registry.npmjs.org/@napi-rs%2fnice-android-arm64 set size:undefined disposed:false
2630 silly fetch manifest @napi-rs/nice-openharmony-arm64@1.1.1
2631 silly packumentCache full:https://registry.npmjs.org/@napi-rs%2fnice-openharmony-arm64 cache-miss
2632 http fetch GET 200 https://registry.npmjs.org/@napi-rs%2fnice-win32-arm64-msvc 257ms (cache miss)
2633 silly packumentCache full:https://registry.npmjs.org/@napi-rs%2fnice-win32-arm64-msvc set size:undefined disposed:false
2634 http fetch GET 200 https://registry.npmjs.org/@napi-rs%2fnice-linux-arm64-musl 329ms (cache miss)
2635 silly packumentCache full:https://registry.npmjs.org/@napi-rs%2fnice-linux-arm64-musl set size:undefined disposed:false
2636 http fetch GET 200 https://registry.npmjs.org/@napi-rs%2fnice-openharmony-arm64 172ms (cache miss)
2637 silly packumentCache full:https://registry.npmjs.org/@napi-rs%2fnice-openharmony-arm64 set size:undefined disposed:false
2638 http fetch GET 200 https://registry.npmjs.org/@napi-rs%2fnice-android-arm-eabi 327ms (cache miss)
2639 silly packumentCache full:https://registry.npmjs.org/@napi-rs%2fnice-android-arm-eabi set size:undefined disposed:false
2640 http fetch GET 200 https://registry.npmjs.org/@napi-rs%2fnice-linux-ppc64-gnu 354ms (cache miss)
2641 silly packumentCache full:https://registry.npmjs.org/@napi-rs%2fnice-linux-ppc64-gnu set size:undefined disposed:false
2642 http fetch GET 200 https://registry.npmjs.org/@napi-rs%2fnice-linux-s390x-gnu 352ms (cache miss)
2643 silly packumentCache full:https://registry.npmjs.org/@napi-rs%2fnice-linux-s390x-gnu set size:undefined disposed:false
2644 http fetch GET 200 https://registry.npmjs.org/@napi-rs%2fnice-linux-riscv64-gnu 482ms (cache miss)
2645 silly packumentCache full:https://registry.npmjs.org/@napi-rs%2fnice-linux-riscv64-gnu set size:undefined disposed:false
2646 silly placeDep ROOT @napi-rs/nice-android-arm-eabi@1.1.1 OK for: @napi-rs/nice@1.1.1 want: 1.1.1
2647 silly placeDep ROOT @napi-rs/nice-android-arm64@1.1.1 OK for: @napi-rs/nice@1.1.1 want: 1.1.1
2648 silly placeDep ROOT @napi-rs/nice-darwin-arm64@1.1.1 OK for: @napi-rs/nice@1.1.1 want: 1.1.1
2649 silly placeDep ROOT @napi-rs/nice-darwin-x64@1.1.1 OK for: @napi-rs/nice@1.1.1 want: 1.1.1
2650 silly placeDep ROOT @napi-rs/nice-freebsd-x64@1.1.1 OK for: @napi-rs/nice@1.1.1 want: 1.1.1
2651 silly placeDep ROOT @napi-rs/nice-linux-arm-gnueabihf@1.1.1 OK for: @napi-rs/nice@1.1.1 want: 1.1.1
2652 silly placeDep ROOT @napi-rs/nice-linux-arm64-gnu@1.1.1 OK for: @napi-rs/nice@1.1.1 want: 1.1.1
2653 silly placeDep ROOT @napi-rs/nice-linux-arm64-musl@1.1.1 OK for: @napi-rs/nice@1.1.1 want: 1.1.1
2654 silly placeDep ROOT @napi-rs/nice-linux-ppc64-gnu@1.1.1 OK for: @napi-rs/nice@1.1.1 want: 1.1.1
2655 silly placeDep ROOT @napi-rs/nice-linux-riscv64-gnu@1.1.1 OK for: @napi-rs/nice@1.1.1 want: 1.1.1
2656 silly placeDep ROOT @napi-rs/nice-linux-s390x-gnu@1.1.1 OK for: @napi-rs/nice@1.1.1 want: 1.1.1
2657 silly placeDep ROOT @napi-rs/nice-linux-x64-gnu@1.1.1 OK for: @napi-rs/nice@1.1.1 want: 1.1.1
2658 silly placeDep ROOT @napi-rs/nice-linux-x64-musl@1.1.1 OK for: @napi-rs/nice@1.1.1 want: 1.1.1
2659 silly placeDep ROOT @napi-rs/nice-openharmony-arm64@1.1.1 OK for: @napi-rs/nice@1.1.1 want: 1.1.1
2660 silly placeDep ROOT @napi-rs/nice-win32-arm64-msvc@1.1.1 OK for: @napi-rs/nice@1.1.1 want: 1.1.1
2661 silly placeDep ROOT @napi-rs/nice-win32-ia32-msvc@1.1.1 OK for: @napi-rs/nice@1.1.1 want: 1.1.1
2662 silly placeDep ROOT @napi-rs/nice-win32-x64-msvc@1.1.1 OK for: @napi-rs/nice@1.1.1 want: 1.1.1
2663 silly placeDep ROOT nanoid@3.3.12 OK for: postcss@8.5.15 want: ^3.3.12
2664 silly placeDep ROOT err-code@2.0.3 OK for: promise-retry@2.0.1 want: ^2.0.2
2665 silly placeDep ROOT retry@0.12.0 OK for: promise-retry@2.0.1 want: ^0.12.0
2666 silly placeDep ROOT forwarded@0.2.0 OK for: proxy-addr@2.0.7 want: 0.2.0
2667 silly placeDep ROOT ipaddr.js@1.9.1 OK for: proxy-addr@2.0.7 want: 1.9.1
2668 silly placeDep ROOT side-channel@1.1.0 OK for: qs@6.15.2 want: ^1.1.0
2669 silly fetch manifest es-errors@^1.3.0
2670 silly packumentCache full:https://registry.npmjs.org/es-errors cache-miss
2671 silly fetch manifest object-inspect@^1.13.3
2672 silly packumentCache full:https://registry.npmjs.org/object-inspect cache-miss
2673 silly fetch manifest side-channel-list@^1.0.0
2674 silly packumentCache full:https://registry.npmjs.org/side-channel-list cache-miss
2675 silly fetch manifest side-channel-map@^1.0.1
2676 silly packumentCache full:https://registry.npmjs.org/side-channel-map cache-miss
2677 silly fetch manifest side-channel-weakmap@^1.0.2
2678 silly packumentCache full:https://registry.npmjs.org/side-channel-weakmap cache-miss
2679 http fetch GET 200 https://registry.npmjs.org/es-errors 120ms (cache miss)
2680 silly packumentCache full:https://registry.npmjs.org/es-errors set size:undefined disposed:false
2681 http fetch GET 200 https://registry.npmjs.org/side-channel-list 135ms (cache miss)
2682 silly packumentCache full:https://registry.npmjs.org/side-channel-list set size:undefined disposed:false
2683 http fetch GET 200 https://registry.npmjs.org/side-channel-map 137ms (cache miss)
2684 silly packumentCache full:https://registry.npmjs.org/side-channel-map set size:undefined disposed:false
2685 http fetch GET 200 https://registry.npmjs.org/side-channel-weakmap 148ms (cache miss)
2686 silly packumentCache full:https://registry.npmjs.org/side-channel-weakmap set size:undefined disposed:false
2687 http fetch GET 200 https://registry.npmjs.org/object-inspect 228ms (cache miss)
2688 silly packumentCache full:https://registry.npmjs.org/object-inspect set size:undefined disposed:false
2689 silly placeDep ROOT unpipe@1.0.0 OK for: raw-body@3.0.2 want: ~1.0.0
2690 silly placeDep ROOT onetime@7.0.0 OK for: restore-cursor@5.1.0 want: ^7.0.0
2691 silly fetch manifest mimic-function@^5.0.0
2692 silly packumentCache full:https://registry.npmjs.org/mimic-function cache-miss
2693 http fetch GET 200 https://registry.npmjs.org/mimic-function 133ms (cache miss)
2694 silly packumentCache full:https://registry.npmjs.org/mimic-function set size:undefined disposed:false
2695 silly placeDep ROOT mimic-function@5.0.1 OK for: onetime@7.0.0 want: ^5.0.0
2696 silly placeDep ROOT @oxc-project/types@0.113.0 OK for: rolldown@1.0.0-rc.4 want: =0.113.0
2697 silly placeDep ROOT @rolldown/binding-android-arm64@1.0.0-rc.4 OK for: rolldown@1.0.0-rc.4 want: 1.0.0-rc.4
2698 silly placeDep ROOT @rolldown/binding-darwin-arm64@1.0.0-rc.4 OK for: rolldown@1.0.0-rc.4 want: 1.0.0-rc.4
2699 silly placeDep ROOT @rolldown/binding-darwin-x64@1.0.0-rc.4 OK for: rolldown@1.0.0-rc.4 want: 1.0.0-rc.4
2700 silly placeDep ROOT @rolldown/binding-freebsd-x64@1.0.0-rc.4 OK for: rolldown@1.0.0-rc.4 want: 1.0.0-rc.4
2701 silly placeDep ROOT @rolldown/binding-linux-arm-gnueabihf@1.0.0-rc.4 OK for: rolldown@1.0.0-rc.4 want: 1.0.0-rc.4
2702 silly placeDep ROOT @rolldown/binding-linux-arm64-gnu@1.0.0-rc.4 OK for: rolldown@1.0.0-rc.4 want: 1.0.0-rc.4
2703 silly placeDep ROOT @rolldown/binding-linux-arm64-musl@1.0.0-rc.4 OK for: rolldown@1.0.0-rc.4 want: 1.0.0-rc.4
2704 silly placeDep ROOT @rolldown/binding-linux-x64-gnu@1.0.0-rc.4 OK for: rolldown@1.0.0-rc.4 want: 1.0.0-rc.4
2705 silly placeDep ROOT @rolldown/binding-linux-x64-musl@1.0.0-rc.4 OK for: rolldown@1.0.0-rc.4 want: 1.0.0-rc.4
2706 silly placeDep ROOT @rolldown/binding-openharmony-arm64@1.0.0-rc.4 OK for: rolldown@1.0.0-rc.4 want: 1.0.0-rc.4
2707 silly placeDep ROOT @rolldown/binding-wasm32-wasi@1.0.0-rc.4 OK for: rolldown@1.0.0-rc.4 want: 1.0.0-rc.4
2708 silly placeDep ROOT @rolldown/binding-win32-arm64-msvc@1.0.0-rc.4 OK for: rolldown@1.0.0-rc.4 want: 1.0.0-rc.4
2709 silly placeDep ROOT @rolldown/binding-win32-x64-msvc@1.0.0-rc.4 OK for: rolldown@1.0.0-rc.4 want: 1.0.0-rc.4
2710 silly placeDep ROOT @rolldown/pluginutils@1.0.0-rc.4 OK for: rolldown@1.0.0-rc.4 want: 1.0.0-rc.4
2711 silly fetch manifest @napi-rs/wasm-runtime@^1.1.1
2712 silly packumentCache full:https://registry.npmjs.org/@napi-rs%2fwasm-runtime cache-miss
2713 http fetch GET 200 https://registry.npmjs.org/@napi-rs%2fwasm-runtime 141ms (cache miss)
2714 silly packumentCache full:https://registry.npmjs.org/@napi-rs%2fwasm-runtime set size:undefined disposed:false
2715 silly fetch manifest @emnapi/core@^1.7.1
2716 silly packumentCache full:https://registry.npmjs.org/@emnapi%2fcore cache-miss
2717 http fetch GET 200 https://registry.npmjs.org/@emnapi%2fcore 174ms (cache miss)
2718 silly packumentCache full:https://registry.npmjs.org/@emnapi%2fcore set size:undefined disposed:false
2719 silly fetch manifest @emnapi/runtime@^1.7.1
2720 silly packumentCache full:https://registry.npmjs.org/@emnapi%2fruntime cache-miss
2721 http fetch GET 200 https://registry.npmjs.org/@emnapi%2fruntime 206ms (cache miss)
2722 silly packumentCache full:https://registry.npmjs.org/@emnapi%2fruntime set size:undefined disposed:false
2723 silly placeDep ROOT @napi-rs/wasm-runtime@1.1.4 OK for: @rolldown/binding-wasm32-wasi@1.0.0-rc.4 want: ^1.1.1
2724 silly placeDep ROOT @emnapi/core@1.10.0 OK for: @napi-rs/wasm-runtime@1.1.4 want: ^1.7.1
2725 silly placeDep ROOT @emnapi/runtime@1.10.0 OK for: @napi-rs/wasm-runtime@1.1.4 want: ^1.7.1
2726 silly fetch manifest @tybys/wasm-util@^0.10.1
2727 silly packumentCache full:https://registry.npmjs.org/@tybys%2fwasm-util cache-miss
2728 silly fetch manifest @emnapi/wasi-threads@1.2.1
2729 silly packumentCache full:https://registry.npmjs.org/@emnapi%2fwasi-threads cache-miss
2730 http fetch GET 200 https://registry.npmjs.org/@tybys%2fwasm-util 165ms (cache miss)
2731 silly packumentCache full:https://registry.npmjs.org/@tybys%2fwasm-util set size:undefined disposed:false
2732 http fetch GET 200 https://registry.npmjs.org/@emnapi%2fwasi-threads 184ms (cache miss)
2733 silly packumentCache full:https://registry.npmjs.org/@emnapi%2fwasi-threads set size:undefined disposed:false
2734 silly placeDep ROOT @emnapi/wasi-threads@1.2.1 OK for: @emnapi/core@1.10.0 want: 1.2.1
2735 silly placeDep ROOT @tybys/wasm-util@0.10.2 OK for: @napi-rs/wasm-runtime@1.1.4 want: ^0.10.1
2736 silly placeDep ROOT is-promise@4.0.0 OK for: router@2.2.0 want: ^4.0.0
2737 silly placeDep ROOT path-to-regexp@8.4.2 OK for: router@2.2.0 want: ^8.0.0
2738 silly placeDep ROOT @parcel/watcher@2.5.6 OK for: sass@1.97.3 want: ^2.4.1
2739 silly placeDep node_modules/sass chokidar@4.0.3 OK for: sass@1.97.3 want: ^4.0.0
2740 silly placeDep ROOT immutable@5.1.5 OK for: sass@1.97.3 want: ^5.0.2
2741 silly fetch manifest is-glob@^4.0.3
2742 silly packumentCache full:https://registry.npmjs.org/is-glob cache-miss
2743 silly fetch manifest node-addon-api@^7.0.0
2744 silly packumentCache full:https://registry.npmjs.org/node-addon-api cache-miss
2745 silly fetch manifest @parcel/watcher-darwin-x64@2.5.6
2746 silly packumentCache full:https://registry.npmjs.org/@parcel%2fwatcher-darwin-x64 cache-miss
2747 silly fetch manifest @parcel/watcher-darwin-arm64@2.5.6
2748 silly packumentCache full:https://registry.npmjs.org/@parcel%2fwatcher-darwin-arm64 cache-miss
2749 silly fetch manifest @parcel/watcher-win32-x64@2.5.6
2750 silly packumentCache full:https://registry.npmjs.org/@parcel%2fwatcher-win32-x64 cache-miss
2751 silly fetch manifest @parcel/watcher-win32-arm64@2.5.6
2752 silly packumentCache full:https://registry.npmjs.org/@parcel%2fwatcher-win32-arm64 cache-miss
2753 silly fetch manifest @parcel/watcher-win32-ia32@2.5.6
2754 silly packumentCache full:https://registry.npmjs.org/@parcel%2fwatcher-win32-ia32 cache-miss
2755 http cache https://registry.npmjs.org/node-addon-api 19ms (cache hit)
2756 silly packumentCache full:https://registry.npmjs.org/node-addon-api set size:347062 disposed:false
2757 silly fetch manifest @parcel/watcher-linux-x64-glibc@2.5.6
2758 silly packumentCache full:https://registry.npmjs.org/@parcel%2fwatcher-linux-x64-glibc cache-miss
2759 http fetch GET 200 https://registry.npmjs.org/@parcel%2fwatcher-darwin-arm64 142ms (cache miss)
2760 silly packumentCache full:https://registry.npmjs.org/@parcel%2fwatcher-darwin-arm64 set size:undefined disposed:false
2761 silly fetch manifest @parcel/watcher-linux-x64-musl@2.5.6
2762 silly packumentCache full:https://registry.npmjs.org/@parcel%2fwatcher-linux-x64-musl cache-miss
2763 http fetch GET 200 https://registry.npmjs.org/is-glob 146ms (cache miss)
2764 silly packumentCache full:https://registry.npmjs.org/is-glob set size:undefined disposed:false
2765 silly fetch manifest @parcel/watcher-linux-arm64-glibc@2.5.6
2766 silly packumentCache full:https://registry.npmjs.org/@parcel%2fwatcher-linux-arm64-glibc cache-miss
2767 http fetch GET 200 https://registry.npmjs.org/@parcel%2fwatcher-win32-x64 163ms (cache miss)
2768 silly packumentCache full:https://registry.npmjs.org/@parcel%2fwatcher-win32-x64 set size:undefined disposed:false
2769 silly fetch manifest @parcel/watcher-linux-arm64-musl@2.5.6
2770 silly packumentCache full:https://registry.npmjs.org/@parcel%2fwatcher-linux-arm64-musl cache-miss
2771 http fetch GET 200 https://registry.npmjs.org/@parcel%2fwatcher-linux-x64-glibc 168ms (cache miss)
2772 silly packumentCache full:https://registry.npmjs.org/@parcel%2fwatcher-linux-x64-glibc set size:undefined disposed:false
2773 silly fetch manifest @parcel/watcher-linux-arm-glibc@2.5.6
2774 silly packumentCache full:https://registry.npmjs.org/@parcel%2fwatcher-linux-arm-glibc cache-miss
2775 http fetch GET 200 https://registry.npmjs.org/@parcel%2fwatcher-darwin-x64 247ms (cache miss)
2776 silly packumentCache full:https://registry.npmjs.org/@parcel%2fwatcher-darwin-x64 set size:undefined disposed:false
2777 silly fetch manifest @parcel/watcher-linux-arm-musl@2.5.6
2778 silly packumentCache full:https://registry.npmjs.org/@parcel%2fwatcher-linux-arm-musl cache-miss
2779 http fetch GET 200 https://registry.npmjs.org/@parcel%2fwatcher-linux-x64-musl 121ms (cache miss)
2780 silly packumentCache full:https://registry.npmjs.org/@parcel%2fwatcher-linux-x64-musl set size:undefined disposed:false
2781 silly fetch manifest @parcel/watcher-android-arm64@2.5.6
2782 silly packumentCache full:https://registry.npmjs.org/@parcel%2fwatcher-android-arm64 cache-miss
2783 http fetch GET 200 https://registry.npmjs.org/@parcel%2fwatcher-win32-ia32 280ms (cache miss)
2784 silly packumentCache full:https://registry.npmjs.org/@parcel%2fwatcher-win32-ia32 set size:undefined disposed:false
2785 silly fetch manifest @parcel/watcher-freebsd-x64@2.5.6
2786 silly packumentCache full:https://registry.npmjs.org/@parcel%2fwatcher-freebsd-x64 cache-miss
2787 http fetch GET 200 https://registry.npmjs.org/@parcel%2fwatcher-win32-arm64 304ms (cache miss)
2788 silly packumentCache full:https://registry.npmjs.org/@parcel%2fwatcher-win32-arm64 set size:undefined disposed:false
2789 silly fetch manifest readdirp@^4.0.1
2790 silly packumentCache full:https://registry.npmjs.org/readdirp cache-miss
2791 http fetch GET 200 https://registry.npmjs.org/@parcel%2fwatcher-linux-arm64-musl 155ms (cache miss)
2792 silly packumentCache full:https://registry.npmjs.org/@parcel%2fwatcher-linux-arm64-musl set size:undefined disposed:false
2793 http cache https://registry.npmjs.org/readdirp 22ms (cache hit)
2794 silly packumentCache full:https://registry.npmjs.org/readdirp set size:107589 disposed:false
2795 http fetch GET 200 https://registry.npmjs.org/@parcel%2fwatcher-android-arm64 97ms (cache miss)
2796 silly packumentCache full:https://registry.npmjs.org/@parcel%2fwatcher-android-arm64 set size:undefined disposed:false
2797 http fetch GET 200 https://registry.npmjs.org/@parcel%2fwatcher-linux-arm-glibc 174ms (cache miss)
2798 silly packumentCache full:https://registry.npmjs.org/@parcel%2fwatcher-linux-arm-glibc set size:undefined disposed:false
2799 http fetch GET 200 https://registry.npmjs.org/@parcel%2fwatcher-linux-arm-musl 163ms (cache miss)
2800 silly packumentCache full:https://registry.npmjs.org/@parcel%2fwatcher-linux-arm-musl set size:undefined disposed:false
2801 http fetch GET 200 https://registry.npmjs.org/@parcel%2fwatcher-linux-arm64-glibc 301ms (cache miss)
2802 silly packumentCache full:https://registry.npmjs.org/@parcel%2fwatcher-linux-arm64-glibc set size:undefined disposed:false
2803 http fetch GET 200 https://registry.npmjs.org/@parcel%2fwatcher-freebsd-x64 437ms (cache miss)
2804 silly packumentCache full:https://registry.npmjs.org/@parcel%2fwatcher-freebsd-x64 set size:undefined disposed:false
2805 silly placeDep ROOT @parcel/watcher-android-arm64@2.5.6 OK for: @parcel/watcher@2.5.6 want: 2.5.6
2806 silly placeDep ROOT @parcel/watcher-darwin-arm64@2.5.6 OK for: @parcel/watcher@2.5.6 want: 2.5.6
2807 silly placeDep ROOT @parcel/watcher-darwin-x64@2.5.6 OK for: @parcel/watcher@2.5.6 want: 2.5.6
2808 silly placeDep ROOT @parcel/watcher-freebsd-x64@2.5.6 OK for: @parcel/watcher@2.5.6 want: 2.5.6
2809 silly placeDep ROOT @parcel/watcher-linux-arm-glibc@2.5.6 OK for: @parcel/watcher@2.5.6 want: 2.5.6
2810 silly placeDep ROOT @parcel/watcher-linux-arm-musl@2.5.6 OK for: @parcel/watcher@2.5.6 want: 2.5.6
2811 silly placeDep ROOT @parcel/watcher-linux-arm64-glibc@2.5.6 OK for: @parcel/watcher@2.5.6 want: 2.5.6
2812 silly placeDep ROOT @parcel/watcher-linux-arm64-musl@2.5.6 OK for: @parcel/watcher@2.5.6 want: 2.5.6
2813 silly placeDep ROOT @parcel/watcher-linux-x64-glibc@2.5.6 OK for: @parcel/watcher@2.5.6 want: 2.5.6
2814 silly placeDep ROOT @parcel/watcher-linux-x64-musl@2.5.6 OK for: @parcel/watcher@2.5.6 want: 2.5.6
2815 silly placeDep ROOT @parcel/watcher-win32-arm64@2.5.6 OK for: @parcel/watcher@2.5.6 want: 2.5.6
2816 silly placeDep ROOT @parcel/watcher-win32-ia32@2.5.6 OK for: @parcel/watcher@2.5.6 want: 2.5.6
2817 silly placeDep ROOT @parcel/watcher-win32-x64@2.5.6 OK for: @parcel/watcher@2.5.6 want: 2.5.6
2818 silly placeDep ROOT is-glob@4.0.3 OK for: @parcel/watcher@2.5.6 want: ^4.0.3
2819 silly placeDep node_modules/@parcel/watcher node-addon-api@7.1.1 OK for: @parcel/watcher@2.5.6 want: ^7.0.0
2820 silly fetch manifest is-extglob@^2.1.1
2821 silly packumentCache full:https://registry.npmjs.org/is-extglob cache-miss
2822 http fetch GET 200 https://registry.npmjs.org/is-extglob 128ms (cache miss)
2823 silly packumentCache full:https://registry.npmjs.org/is-extglob set size:undefined disposed:false
2824 silly placeDep ROOT is-extglob@2.1.1 OK for: is-glob@4.0.3 want: ^2.1.1
2825 silly placeDep ROOT xmlchars@2.2.0 OK for: saxes@6.0.0 want: ^2.2.0
2826 silly placeDep ROOT shebang-regex@3.0.0 OK for: shebang-command@2.0.0 want: ^3.0.0
2827 silly placeDep ROOT es-errors@1.3.0 OK for: side-channel@1.1.0 want: ^1.3.0
2828 silly placeDep ROOT object-inspect@1.13.4 OK for: side-channel@1.1.0 want: ^1.13.3
2829 silly placeDep ROOT side-channel-list@1.0.1 OK for: side-channel@1.1.0 want: ^1.0.0
2830 silly placeDep ROOT side-channel-map@1.0.1 OK for: side-channel@1.1.0 want: ^1.0.1
2831 silly placeDep ROOT side-channel-weakmap@1.0.2 OK for: side-channel@1.1.0 want: ^1.0.2
2832 silly fetch manifest call-bound@^1.0.2
2833 silly packumentCache full:https://registry.npmjs.org/call-bound cache-miss
2834 silly fetch manifest get-intrinsic@^1.2.5
2835 silly packumentCache full:https://registry.npmjs.org/get-intrinsic cache-miss
2836 silly fetch manifest call-bound@^1.0.2
2837 silly packumentCache full:https://registry.npmjs.org/call-bound cache-miss
2838 silly fetch manifest get-intrinsic@^1.2.5
2839 silly packumentCache full:https://registry.npmjs.org/get-intrinsic cache-miss
2840 http fetch GET 200 https://registry.npmjs.org/call-bound 129ms (cache miss)
2841 silly packumentCache full:https://registry.npmjs.org/call-bound set size:undefined disposed:false
2842 http fetch GET 200 https://registry.npmjs.org/call-bound 130ms (cache miss)
2843 silly packumentCache full:https://registry.npmjs.org/call-bound set size:undefined disposed:false
2844 http fetch GET 200 https://registry.npmjs.org/get-intrinsic 130ms (cache miss)
2845 silly packumentCache full:https://registry.npmjs.org/get-intrinsic set size:undefined disposed:false
2846 http fetch GET 200 https://registry.npmjs.org/get-intrinsic 319ms (cache miss)
2847 silly packumentCache full:https://registry.npmjs.org/get-intrinsic set size:undefined disposed:false
2848 silly placeDep ROOT call-bound@1.0.4 OK for: side-channel-map@1.0.1 want: ^1.0.2
2849 silly placeDep ROOT get-intrinsic@1.3.0 OK for: side-channel-map@1.0.1 want: ^1.2.5
2850 silly fetch manifest call-bind-apply-helpers@^1.0.2
2851 silly packumentCache full:https://registry.npmjs.org/call-bind-apply-helpers cache-miss
2852 silly fetch manifest get-intrinsic@^1.3.0
2853 silly packumentCache full:https://registry.npmjs.org/get-intrinsic cache-miss
2854 silly fetch manifest gopd@^1.2.0
2855 silly packumentCache full:https://registry.npmjs.org/gopd cache-miss
2856 silly fetch manifest hasown@^2.0.2
2857 silly packumentCache full:https://registry.npmjs.org/hasown cache-miss
2858 silly fetch manifest get-proto@^1.0.1
2859 silly packumentCache full:https://registry.npmjs.org/get-proto cache-miss
2860 silly fetch manifest has-symbols@^1.1.0
2861 silly packumentCache full:https://registry.npmjs.org/has-symbols cache-miss
2862 silly fetch manifest function-bind@^1.1.2
2863 silly packumentCache full:https://registry.npmjs.org/function-bind cache-miss
2864 http cache https://registry.npmjs.org/get-intrinsic 19ms (cache hit)
2865 silly packumentCache full:https://registry.npmjs.org/get-intrinsic set size:60985 disposed:false
2866 silly fetch manifest es-object-atoms@^1.1.1
2867 silly packumentCache full:https://registry.npmjs.org/es-object-atoms cache-miss
2868 http fetch GET 200 https://registry.npmjs.org/call-bind-apply-helpers 118ms (cache miss)
2869 silly packumentCache full:https://registry.npmjs.org/call-bind-apply-helpers set size:undefined disposed:false
2870 silly fetch manifest math-intrinsics@^1.1.0
2871 silly packumentCache full:https://registry.npmjs.org/math-intrinsics cache-miss
2872 http fetch GET 200 https://registry.npmjs.org/gopd 124ms (cache miss)
2873 silly packumentCache full:https://registry.npmjs.org/gopd set size:undefined disposed:false
2874 silly fetch manifest es-define-property@^1.0.1
2875 silly packumentCache full:https://registry.npmjs.org/es-define-property cache-miss
2876 http fetch GET 200 https://registry.npmjs.org/has-symbols 132ms (cache miss)
2877 silly packumentCache full:https://registry.npmjs.org/has-symbols set size:undefined disposed:false
2878 http fetch GET 200 https://registry.npmjs.org/get-proto 135ms (cache miss)
2879 silly packumentCache full:https://registry.npmjs.org/get-proto set size:undefined disposed:false
2880 http fetch GET 200 https://registry.npmjs.org/hasown 138ms (cache miss)
2881 silly packumentCache full:https://registry.npmjs.org/hasown set size:undefined disposed:false
2882 http fetch GET 200 https://registry.npmjs.org/function-bind 145ms (cache miss)
2883 silly packumentCache full:https://registry.npmjs.org/function-bind set size:undefined disposed:false
2884 http fetch GET 200 https://registry.npmjs.org/es-object-atoms 173ms (cache miss)
2885 silly packumentCache full:https://registry.npmjs.org/es-object-atoms set size:undefined disposed:false
2886 http fetch GET 200 https://registry.npmjs.org/es-define-property 99ms (cache miss)
2887 silly packumentCache full:https://registry.npmjs.org/es-define-property set size:undefined disposed:false
2888 http fetch GET 200 https://registry.npmjs.org/math-intrinsics 107ms (cache miss)
2889 silly packumentCache full:https://registry.npmjs.org/math-intrinsics set size:undefined disposed:false
2890 silly placeDep ROOT call-bind-apply-helpers@1.0.2 OK for: call-bound@1.0.4 want: ^1.0.2
2891 silly placeDep ROOT function-bind@1.1.2 OK for: call-bind-apply-helpers@1.0.2 want: ^1.1.2
2892 silly placeDep ROOT es-define-property@1.0.1 OK for: get-intrinsic@1.3.0 want: ^1.0.1
2893 silly placeDep ROOT es-object-atoms@1.1.1 OK for: get-intrinsic@1.3.0 want: ^1.1.1
2894 silly placeDep ROOT get-proto@1.0.1 OK for: get-intrinsic@1.3.0 want: ^1.0.1
2895 silly placeDep ROOT gopd@1.2.0 OK for: get-intrinsic@1.3.0 want: ^1.2.0
2896 silly placeDep ROOT has-symbols@1.1.0 OK for: get-intrinsic@1.3.0 want: ^1.1.0
2897 silly placeDep ROOT hasown@2.0.3 OK for: get-intrinsic@1.3.0 want: ^2.0.2
2898 silly placeDep ROOT math-intrinsics@1.1.0 OK for: get-intrinsic@1.3.0 want: ^1.1.0
2899 silly fetch manifest dunder-proto@^1.0.1
2900 silly packumentCache full:https://registry.npmjs.org/dunder-proto cache-miss
2901 http fetch GET 200 https://registry.npmjs.org/dunder-proto 109ms (cache miss)
2902 silly packumentCache full:https://registry.npmjs.org/dunder-proto set size:undefined disposed:false
2903 silly placeDep ROOT dunder-proto@1.0.1 OK for: get-proto@1.0.1 want: ^1.0.1
2904 silly placeDep ROOT @sigstore/bundle@4.0.0 OK for: sigstore@4.1.0 want: ^4.0.0
2905 silly placeDep ROOT @sigstore/core@3.2.0 OK for: sigstore@4.1.0 want: ^3.1.0
2906 silly placeDep ROOT @sigstore/protobuf-specs@0.5.1 OK for: sigstore@4.1.0 want: ^0.5.0
2907 silly placeDep ROOT @sigstore/sign@4.1.1 OK for: sigstore@4.1.0 want: ^4.1.0
2908 silly placeDep ROOT @sigstore/tuf@4.0.2 OK for: sigstore@4.1.0 want: ^4.0.1
2909 silly placeDep ROOT @sigstore/verify@3.1.0 OK for: sigstore@4.1.0 want: ^3.1.0
2910 silly fetch manifest tuf-js@^4.1.0
2911 silly packumentCache full:https://registry.npmjs.org/tuf-js cache-miss
2912 http fetch GET 200 https://registry.npmjs.org/tuf-js 179ms (cache miss)
2913 silly packumentCache full:https://registry.npmjs.org/tuf-js set size:undefined disposed:false
2914 silly placeDep ROOT tuf-js@4.1.0 OK for: @sigstore/tuf@4.0.2 want: ^4.1.0
2915 silly fetch manifest @tufjs/models@4.1.0
2916 silly packumentCache full:https://registry.npmjs.org/@tufjs%2fmodels cache-miss
2917 http fetch GET 200 https://registry.npmjs.org/@tufjs%2fmodels 109ms (cache miss)
2918 silly packumentCache full:https://registry.npmjs.org/@tufjs%2fmodels set size:undefined disposed:false
2919 silly placeDep ROOT ansi-styles@6.2.3 OK for: slice-ansi@8.0.0 want: ^6.2.3
2920 silly placeDep ROOT is-fullwidth-code-point@5.1.0 OK for: slice-ansi@8.0.0 want: ^5.1.0
2921 silly fetch manifest get-east-asian-width@^1.3.1
2922 silly packumentCache full:https://registry.npmjs.org/get-east-asian-width cache-miss
2923 http cache https://registry.npmjs.org/get-east-asian-width 8ms (cache hit)
2924 silly packumentCache full:https://registry.npmjs.org/get-east-asian-width set size:20538 disposed:false
2925 silly placeDep ROOT get-east-asian-width@1.6.0 OK for: is-fullwidth-code-point@5.1.0 want: ^1.3.1
2926 silly placeDep ROOT socks@2.8.9 OK for: socks-proxy-agent@8.0.5 want: ^2.8.3
2927 silly fetch manifest smart-buffer@^4.2.0
2928 silly packumentCache full:https://registry.npmjs.org/smart-buffer cache-miss
2929 http fetch GET 200 https://registry.npmjs.org/smart-buffer 374ms (cache miss)
2930 silly packumentCache full:https://registry.npmjs.org/smart-buffer set size:undefined disposed:false
2931 silly placeDep ROOT smart-buffer@4.2.0 OK for: socks@2.8.9 want: ^4.2.0
2932 silly placeDep ROOT buffer-from@1.1.2 OK for: source-map-support@0.5.21 want: ^1.0.0
2933 silly placeDep node_modules/source-map-support source-map@0.6.1 OK for: source-map-support@0.5.21 want: ^0.6.0
2934 silly placeDep ROOT spdx-exceptions@2.5.0 OK for: spdx-expression-parse@4.0.0 want: ^2.1.0
2935 silly placeDep ROOT spdx-license-ids@3.0.23 OK for: spdx-expression-parse@4.0.0 want: ^3.0.0
2936 silly placeDep ROOT ansi-regex@6.2.2 OK for: strip-ansi@7.2.0 want: ^6.2.2
2937 silly placeDep ROOT @isaacs/fs-minipass@4.0.1 OK for: tar@7.5.15 want: ^4.0.0
2938 silly placeDep ROOT chownr@3.0.0 OK for: tar@7.5.15 want: ^3.0.0
2939 silly placeDep node_modules/tar yallist@5.0.0 OK for: tar@7.5.15 want: ^5.0.0
2940 silly placeDep ROOT fdir@6.5.0 OK for: tinyglobby@0.2.15 want: ^6.5.0
2941 silly placeDep ROOT tldts@7.0.30 OK for: tough-cookie@6.0.1 want: ^7.0.5
2942 silly fetch manifest tldts-core@^7.0.30
2943 silly packumentCache full:https://registry.npmjs.org/tldts-core cache-miss
2944 http fetch GET 200 https://registry.npmjs.org/tldts-core 3039ms (cache miss)
2945 silly packumentCache full:https://registry.npmjs.org/tldts-core set size:undefined disposed:false
2946 silly placeDep ROOT tldts-core@7.0.30 OK for: tldts@7.0.30 want: ^7.0.30
2947 silly placeDep ROOT @tufjs/models@4.1.0 OK for: tuf-js@4.1.0 want: 4.1.0
2948 silly fetch manifest @tufjs/canonical-json@2.0.0
2949 silly packumentCache full:https://registry.npmjs.org/@tufjs%2fcanonical-json cache-miss
2950 http fetch GET 200 https://registry.npmjs.org/@tufjs%2fcanonical-json 121ms (cache miss)
2951 silly packumentCache full:https://registry.npmjs.org/@tufjs%2fcanonical-json set size:undefined disposed:false
2952 silly placeDep ROOT @tufjs/canonical-json@2.0.0 OK for: @tufjs/models@4.1.0 want: 2.0.0
2953 silly placeDep node_modules/type-is content-type@2.0.0 OK for: type-is@2.1.0 want: ^2.0.0
2954 silly placeDep ROOT media-typer@1.1.0 OK for: type-is@2.1.0 want: ^1.1.0
2955 silly placeDep ROOT escalade@3.2.0 OK for: update-browserslist-db@1.2.3 want: ^3.2.0
2956 silly placeDep ROOT fsevents@2.3.3 OK for: vite@7.3.2 want: ~2.3.3
2957 silly placeDep ROOT rollup@4.60.4 OK for: vite@7.3.2 want: ^4.43.0
2958 silly fetch manifest @types/estree@1.0.8
2959 silly packumentCache full:https://registry.npmjs.org/@types%2festree cache-miss
2960 silly fetch manifest @rollup/rollup-darwin-arm64@4.60.4
2961 silly packumentCache full:https://registry.npmjs.org/@rollup%2frollup-darwin-arm64 cache-miss
2962 silly fetch manifest @rollup/rollup-android-arm64@4.60.4
2963 silly packumentCache full:https://registry.npmjs.org/@rollup%2frollup-android-arm64 cache-miss
2964 silly fetch manifest @rollup/rollup-win32-arm64-msvc@4.60.4
2965 silly packumentCache full:https://registry.npmjs.org/@rollup%2frollup-win32-arm64-msvc cache-miss
2966 silly fetch manifest @rollup/rollup-freebsd-arm64@4.60.4
2967 silly packumentCache full:https://registry.npmjs.org/@rollup%2frollup-freebsd-arm64 cache-miss
2968 silly fetch manifest @rollup/rollup-linux-arm64-gnu@4.60.4
2969 silly packumentCache full:https://registry.npmjs.org/@rollup%2frollup-linux-arm64-gnu cache-miss
2970 silly fetch manifest @rollup/rollup-linux-arm64-musl@4.60.4
2971 silly packumentCache full:https://registry.npmjs.org/@rollup%2frollup-linux-arm64-musl cache-miss
2972 http fetch GET 200 https://registry.npmjs.org/@types%2festree 267ms (cache miss)
2973 silly packumentCache full:https://registry.npmjs.org/@types%2festree set size:undefined disposed:false
2974 silly fetch manifest @rollup/rollup-android-arm-eabi@4.60.4
2975 silly packumentCache full:https://registry.npmjs.org/@rollup%2frollup-android-arm-eabi cache-miss
2976 http fetch GET 200 https://registry.npmjs.org/@rollup%2frollup-win32-arm64-msvc 279ms (cache miss)
2977 silly packumentCache full:https://registry.npmjs.org/@rollup%2frollup-win32-arm64-msvc set size:undefined disposed:false
2978 silly fetch manifest @rollup/rollup-linux-arm-gnueabihf@4.60.4
2979 silly packumentCache full:https://registry.npmjs.org/@rollup%2frollup-linux-arm-gnueabihf cache-miss
2980 http fetch GET 200 https://registry.npmjs.org/@rollup%2frollup-linux-arm64-gnu 286ms (cache miss)
2981 silly packumentCache full:https://registry.npmjs.org/@rollup%2frollup-linux-arm64-gnu set size:undefined disposed:false
2982 silly fetch manifest @rollup/rollup-linux-arm-musleabihf@4.60.4
2983 silly packumentCache full:https://registry.npmjs.org/@rollup%2frollup-linux-arm-musleabihf cache-miss
2984 http fetch GET 200 https://registry.npmjs.org/@rollup%2frollup-android-arm64 305ms (cache miss)
2985 silly packumentCache full:https://registry.npmjs.org/@rollup%2frollup-android-arm64 set size:undefined disposed:false
2986 silly fetch manifest @rollup/rollup-win32-ia32-msvc@4.60.4
2987 silly packumentCache full:https://registry.npmjs.org/@rollup%2frollup-win32-ia32-msvc cache-miss
2988 http fetch GET 200 https://registry.npmjs.org/@rollup%2frollup-linux-arm64-musl 376ms (cache miss)
2989 silly packumentCache full:https://registry.npmjs.org/@rollup%2frollup-linux-arm64-musl set size:undefined disposed:false
2990 silly fetch manifest @rollup/rollup-linux-loong64-gnu@4.60.4
2991 silly packumentCache full:https://registry.npmjs.org/@rollup%2frollup-linux-loong64-gnu cache-miss
2992 http fetch GET 200 https://registry.npmjs.org/@rollup%2frollup-freebsd-arm64 473ms (cache miss)
2993 silly packumentCache full:https://registry.npmjs.org/@rollup%2frollup-freebsd-arm64 set size:undefined disposed:false
2994 silly fetch manifest @rollup/rollup-linux-loong64-musl@4.60.4
2995 silly packumentCache full:https://registry.npmjs.org/@rollup%2frollup-linux-loong64-musl cache-miss
2996 http fetch GET 200 https://registry.npmjs.org/@rollup%2frollup-darwin-arm64 491ms (cache miss)
2997 silly packumentCache full:https://registry.npmjs.org/@rollup%2frollup-darwin-arm64 set size:undefined disposed:false
2998 silly fetch manifest @rollup/rollup-linux-riscv64-gnu@4.60.4
2999 silly packumentCache full:https://registry.npmjs.org/@rollup%2frollup-linux-riscv64-gnu cache-miss
3000 http fetch GET 200 https://registry.npmjs.org/@rollup%2frollup-linux-arm-musleabihf 259ms (cache miss)
3001 silly packumentCache full:https://registry.npmjs.org/@rollup%2frollup-linux-arm-musleabihf set size:undefined disposed:false
3002 silly fetch manifest @rollup/rollup-linux-riscv64-musl@4.60.4
3003 silly packumentCache full:https://registry.npmjs.org/@rollup%2frollup-linux-riscv64-musl cache-miss
3004 http fetch GET 200 https://registry.npmjs.org/@rollup%2frollup-linux-loong64-gnu 188ms (cache miss)
3005 silly packumentCache full:https://registry.npmjs.org/@rollup%2frollup-linux-loong64-gnu set size:undefined disposed:false
3006 silly fetch manifest @rollup/rollup-linux-ppc64-gnu@4.60.4
3007 silly packumentCache full:https://registry.npmjs.org/@rollup%2frollup-linux-ppc64-gnu cache-miss
3008 http fetch GET 200 https://registry.npmjs.org/@rollup%2frollup-linux-arm-gnueabihf 302ms (cache miss)
3009 silly packumentCache full:https://registry.npmjs.org/@rollup%2frollup-linux-arm-gnueabihf set size:undefined disposed:false
3010 silly fetch manifest @rollup/rollup-linux-ppc64-musl@4.60.4
3011 silly packumentCache full:https://registry.npmjs.org/@rollup%2frollup-linux-ppc64-musl cache-miss
3012 http fetch GET 200 https://registry.npmjs.org/@rollup%2frollup-win32-ia32-msvc 287ms (cache miss)
3013 silly packumentCache full:https://registry.npmjs.org/@rollup%2frollup-win32-ia32-msvc set size:undefined disposed:false
3014 silly fetch manifest @rollup/rollup-linux-s390x-gnu@4.60.4
3015 silly packumentCache full:https://registry.npmjs.org/@rollup%2frollup-linux-s390x-gnu cache-miss
3016 http fetch GET 200 https://registry.npmjs.org/@rollup%2frollup-linux-loong64-musl 138ms (cache miss)
3017 silly packumentCache full:https://registry.npmjs.org/@rollup%2frollup-linux-loong64-musl set size:undefined disposed:false
3018 silly fetch manifest @rollup/rollup-darwin-x64@4.60.4
3019 silly packumentCache full:https://registry.npmjs.org/@rollup%2frollup-darwin-x64 cache-miss
3020 http fetch GET 200 https://registry.npmjs.org/@rollup%2frollup-android-arm-eabi 415ms (cache miss)
3021 silly packumentCache full:https://registry.npmjs.org/@rollup%2frollup-android-arm-eabi set size:undefined disposed:false
3022 silly fetch manifest @rollup/rollup-win32-x64-gnu@4.60.4
3023 silly packumentCache full:https://registry.npmjs.org/@rollup%2frollup-win32-x64-gnu cache-miss
3024 http fetch GET 200 https://registry.npmjs.org/@rollup%2frollup-linux-riscv64-musl 168ms (cache miss)
3025 silly packumentCache full:https://registry.npmjs.org/@rollup%2frollup-linux-riscv64-musl set size:undefined disposed:false
3026 silly fetch manifest @rollup/rollup-win32-x64-msvc@4.60.4
3027 silly packumentCache full:https://registry.npmjs.org/@rollup%2frollup-win32-x64-msvc cache-miss
3028 http fetch GET 200 https://registry.npmjs.org/@rollup%2frollup-linux-ppc64-gnu 183ms (cache miss)
3029 silly packumentCache full:https://registry.npmjs.org/@rollup%2frollup-linux-ppc64-gnu set size:undefined disposed:false
3030 silly fetch manifest @rollup/rollup-freebsd-x64@4.60.4
3031 silly packumentCache full:https://registry.npmjs.org/@rollup%2frollup-freebsd-x64 cache-miss
3032 http fetch GET 200 https://registry.npmjs.org/@rollup%2frollup-linux-ppc64-musl 245ms (cache miss)
3033 silly packumentCache full:https://registry.npmjs.org/@rollup%2frollup-linux-ppc64-musl set size:undefined disposed:false
3034 silly fetch manifest @rollup/rollup-linux-x64-gnu@4.60.4
3035 silly packumentCache full:https://registry.npmjs.org/@rollup%2frollup-linux-x64-gnu cache-miss
3036 http fetch GET 200 https://registry.npmjs.org/@rollup%2frollup-linux-s390x-gnu 314ms (cache miss)
3037 silly packumentCache full:https://registry.npmjs.org/@rollup%2frollup-linux-s390x-gnu set size:undefined disposed:false
3038 silly fetch manifest @rollup/rollup-linux-x64-musl@4.60.4
3039 silly packumentCache full:https://registry.npmjs.org/@rollup%2frollup-linux-x64-musl cache-miss
3040 http fetch GET 200 https://registry.npmjs.org/@rollup%2frollup-linux-riscv64-gnu 455ms (cache miss)
3041 silly packumentCache full:https://registry.npmjs.org/@rollup%2frollup-linux-riscv64-gnu set size:undefined disposed:false
3042 silly fetch manifest @rollup/rollup-openbsd-x64@4.60.4
3043 silly packumentCache full:https://registry.npmjs.org/@rollup%2frollup-openbsd-x64 cache-miss
3044 http fetch GET 200 https://registry.npmjs.org/@rollup%2frollup-win32-x64-gnu 271ms (cache miss)
3045 silly packumentCache full:https://registry.npmjs.org/@rollup%2frollup-win32-x64-gnu set size:undefined disposed:false
3046 silly fetch manifest @rollup/rollup-openharmony-arm64@4.60.4
3047 silly packumentCache full:https://registry.npmjs.org/@rollup%2frollup-openharmony-arm64 cache-miss
3048 http fetch GET 200 https://registry.npmjs.org/@rollup%2frollup-win32-x64-msvc 289ms (cache miss)
3049 silly packumentCache full:https://registry.npmjs.org/@rollup%2frollup-win32-x64-msvc set size:undefined disposed:false
3050 http fetch GET 200 https://registry.npmjs.org/@rollup%2frollup-freebsd-x64 274ms (cache miss)
3051 silly packumentCache full:https://registry.npmjs.org/@rollup%2frollup-freebsd-x64 set size:undefined disposed:false
3052 http fetch GET 200 https://registry.npmjs.org/@rollup%2frollup-openbsd-x64 191ms (cache miss)
3053 silly packumentCache full:https://registry.npmjs.org/@rollup%2frollup-openbsd-x64 set size:undefined disposed:false
3054 http fetch GET 200 https://registry.npmjs.org/@rollup%2frollup-linux-x64-gnu 338ms (cache miss)
3055 silly packumentCache full:https://registry.npmjs.org/@rollup%2frollup-linux-x64-gnu set size:undefined disposed:false
3056 http fetch GET 200 https://registry.npmjs.org/@rollup%2frollup-openharmony-arm64 225ms (cache miss)
3057 silly packumentCache full:https://registry.npmjs.org/@rollup%2frollup-openharmony-arm64 set size:undefined disposed:false
3058 http fetch GET 200 https://registry.npmjs.org/@rollup%2frollup-linux-x64-musl 268ms (cache miss)
3059 silly packumentCache full:https://registry.npmjs.org/@rollup%2frollup-linux-x64-musl set size:undefined disposed:false
3060 http fetch GET 200 https://registry.npmjs.org/@rollup%2frollup-darwin-x64 639ms (cache miss)
3061 silly packumentCache full:https://registry.npmjs.org/@rollup%2frollup-darwin-x64 set size:undefined disposed:false
3062 silly placeDep ROOT @rollup/rollup-android-arm-eabi@4.60.4 OK for: rollup@4.60.4 want: 4.60.4
3063 silly placeDep ROOT @rollup/rollup-android-arm64@4.60.4 OK for: rollup@4.60.4 want: 4.60.4
3064 silly placeDep ROOT @rollup/rollup-darwin-arm64@4.60.4 OK for: rollup@4.60.4 want: 4.60.4
3065 silly placeDep ROOT @rollup/rollup-darwin-x64@4.60.4 OK for: rollup@4.60.4 want: 4.60.4
3066 silly placeDep ROOT @rollup/rollup-freebsd-arm64@4.60.4 OK for: rollup@4.60.4 want: 4.60.4
3067 silly placeDep ROOT @rollup/rollup-freebsd-x64@4.60.4 OK for: rollup@4.60.4 want: 4.60.4
3068 silly placeDep ROOT @rollup/rollup-linux-arm-gnueabihf@4.60.4 OK for: rollup@4.60.4 want: 4.60.4
3069 silly placeDep ROOT @rollup/rollup-linux-arm-musleabihf@4.60.4 OK for: rollup@4.60.4 want: 4.60.4
3070 silly placeDep ROOT @rollup/rollup-linux-arm64-gnu@4.60.4 OK for: rollup@4.60.4 want: 4.60.4
3071 silly placeDep ROOT @rollup/rollup-linux-arm64-musl@4.60.4 OK for: rollup@4.60.4 want: 4.60.4
3072 silly placeDep ROOT @rollup/rollup-linux-loong64-gnu@4.60.4 OK for: rollup@4.60.4 want: 4.60.4
3073 silly placeDep ROOT @rollup/rollup-linux-loong64-musl@4.60.4 OK for: rollup@4.60.4 want: 4.60.4
3074 silly placeDep ROOT @rollup/rollup-linux-ppc64-gnu@4.60.4 OK for: rollup@4.60.4 want: 4.60.4
3075 silly placeDep ROOT @rollup/rollup-linux-ppc64-musl@4.60.4 OK for: rollup@4.60.4 want: 4.60.4
3076 silly placeDep ROOT @rollup/rollup-linux-riscv64-gnu@4.60.4 OK for: rollup@4.60.4 want: 4.60.4
3077 silly placeDep ROOT @rollup/rollup-linux-riscv64-musl@4.60.4 OK for: rollup@4.60.4 want: 4.60.4
3078 silly placeDep ROOT @rollup/rollup-linux-s390x-gnu@4.60.4 OK for: rollup@4.60.4 want: 4.60.4
3079 silly placeDep ROOT @rollup/rollup-linux-x64-gnu@4.60.4 OK for: rollup@4.60.4 want: 4.60.4
3080 silly placeDep ROOT @rollup/rollup-linux-x64-musl@4.60.4 OK for: rollup@4.60.4 want: 4.60.4
3081 silly placeDep ROOT @rollup/rollup-openbsd-x64@4.60.4 OK for: rollup@4.60.4 want: 4.60.4
3082 silly placeDep ROOT @rollup/rollup-openharmony-arm64@4.60.4 OK for: rollup@4.60.4 want: 4.60.4
3083 silly placeDep ROOT @rollup/rollup-win32-arm64-msvc@4.60.4 OK for: rollup@4.60.4 want: 4.60.4
3084 silly placeDep ROOT @rollup/rollup-win32-ia32-msvc@4.60.4 OK for: rollup@4.60.4 want: 4.60.4
3085 silly placeDep ROOT @rollup/rollup-win32-x64-gnu@4.60.4 OK for: rollup@4.60.4 want: 4.60.4
3086 silly placeDep ROOT @rollup/rollup-win32-x64-msvc@4.60.4 OK for: rollup@4.60.4 want: 4.60.4
3087 silly placeDep ROOT @types/estree@1.0.8 OK for: rollup@4.60.4 want: 1.0.8
3088 silly fetch manifest msw@^2.4.9
3089 silly packumentCache full:https://registry.npmjs.org/msw cache-miss
3090 http fetch GET 200 https://registry.npmjs.org/msw 646ms (cache miss)
3091 silly packumentCache full:https://registry.npmjs.org/msw set size:undefined disposed:false
3092 silly fetch manifest typescript@>= 4.8.x
3093 silly packumentCache full:https://registry.npmjs.org/typescript cache-miss
3094 http cache https://registry.npmjs.org/typescript 82ms (cache hit)
3095 silly packumentCache full:https://registry.npmjs.org/typescript set size:15409943 disposed:false
3096 silly fetch manifest @vitejs/devtools@^0.1.18
3097 silly packumentCache full:https://registry.npmjs.org/@vitejs%2fdevtools cache-miss
3098 http fetch GET 200 https://registry.npmjs.org/@vitejs%2fdevtools 222ms (cache miss)
3099 silly packumentCache full:https://registry.npmjs.org/@vitejs%2fdevtools set size:undefined disposed:false
3100 silly fetch manifest esbuild@^0.27.0 || ^0.28.0
3101 silly packumentCache full:https://registry.npmjs.org/esbuild cache-miss
3102 http cache https://registry.npmjs.org/esbuild 19ms (cache hit)
3103 silly packumentCache full:https://registry.npmjs.org/esbuild set size:1254708 disposed:false
3104 silly fetch manifest less@^4.0.0
3105 silly packumentCache full:https://registry.npmjs.org/less cache-miss
3106 http cache https://registry.npmjs.org/less 14ms (cache hit)
3107 silly packumentCache full:https://registry.npmjs.org/less set size:461684 disposed:false
3108 silly fetch manifest sass@^1.70.0
3109 silly packumentCache full:https://registry.npmjs.org/sass cache-miss
3110 http cache https://registry.npmjs.org/sass 10ms (cache hit)
3111 silly packumentCache full:https://registry.npmjs.org/sass set size:726244 disposed:false
3112 silly fetch manifest postcss@^8.3.3
3113 silly packumentCache full:https://registry.npmjs.org/postcss cache-hit
3114 silly placeDep ROOT @vitest/expect@4.1.7 OK for: vitest@4.1.7 want: 4.1.7
3115 silly placeDep ROOT @vitest/mocker@4.1.7 OK for: vitest@4.1.7 want: 4.1.7
3116 silly placeDep ROOT @vitest/pretty-format@4.1.7 OK for: vitest@4.1.7 want: 4.1.7
3117 silly placeDep ROOT @vitest/runner@4.1.7 OK for: vitest@4.1.7 want: 4.1.7
3118 silly placeDep ROOT @vitest/snapshot@4.1.7 OK for: vitest@4.1.7 want: 4.1.7
3119 silly placeDep ROOT @vitest/spy@4.1.7 OK for: vitest@4.1.7 want: 4.1.7
3120 silly placeDep ROOT @vitest/utils@4.1.7 OK for: vitest@4.1.7 want: 4.1.7
3121 silly placeDep ROOT es-module-lexer@2.1.0 OK for: vitest@4.1.7 want: ^2.0.0
3122 silly placeDep ROOT expect-type@1.3.0 OK for: vitest@4.1.7 want: ^1.3.0
3123 silly placeDep ROOT obug@2.1.1 OK for: vitest@4.1.7 want: ^2.1.1
3124 silly placeDep ROOT pathe@2.0.3 OK for: vitest@4.1.7 want: ^2.0.3
3125 silly placeDep ROOT std-env@4.1.0 OK for: vitest@4.1.7 want: ^4.0.0-rc.1
3126 silly placeDep ROOT tinybench@2.9.0 OK for: vitest@4.1.7 want: ^2.9.0
3127 silly placeDep ROOT tinyexec@1.1.2 OK for: vitest@4.1.7 want: ^1.0.2
3128 silly placeDep ROOT tinyrainbow@3.1.0 OK for: vitest@4.1.7 want: ^3.1.0
3129 silly placeDep ROOT why-is-node-running@2.3.0 OK for: vitest@4.1.7 want: ^2.3.0
3130 silly fetch manifest @types/chai@^5.2.2
3131 silly packumentCache full:https://registry.npmjs.org/@types%2fchai cache-miss
3132 silly fetch manifest chai@^6.2.2
3133 silly packumentCache full:https://registry.npmjs.org/chai cache-miss
3134 silly fetch manifest estree-walker@^3.0.3
3135 silly packumentCache full:https://registry.npmjs.org/estree-walker cache-miss
3136 silly fetch manifest siginfo@^2.0.0
3137 silly packumentCache full:https://registry.npmjs.org/siginfo cache-miss
3138 silly fetch manifest stackback@0.0.2
3139 silly packumentCache full:https://registry.npmjs.org/stackback cache-miss
3140 http fetch GET 200 https://registry.npmjs.org/stackback 409ms (cache miss)
3141 silly packumentCache full:https://registry.npmjs.org/stackback set size:undefined disposed:false
3142 http fetch GET 200 https://registry.npmjs.org/siginfo 411ms (cache miss)
3143 silly packumentCache full:https://registry.npmjs.org/siginfo set size:undefined disposed:false
3144 http fetch GET 200 https://registry.npmjs.org/@types%2fchai 694ms (cache miss)
3145 silly packumentCache full:https://registry.npmjs.org/@types%2fchai set size:undefined disposed:false
3146 http fetch GET 200 https://registry.npmjs.org/chai 752ms (cache miss)
3147 silly packumentCache full:https://registry.npmjs.org/chai set size:undefined disposed:false
3148 http fetch GET 200 https://registry.npmjs.org/estree-walker 1157ms (cache miss)
3149 silly packumentCache full:https://registry.npmjs.org/estree-walker set size:undefined disposed:false
3150 silly placeDep ROOT @types/chai@5.2.3 OK for: @vitest/expect@4.1.7 want: ^5.2.2
3151 silly placeDep ROOT chai@6.2.2 OK for: @vitest/expect@4.1.7 want: ^6.2.2
3152 silly fetch manifest @types/deep-eql@*
3153 silly packumentCache full:https://registry.npmjs.org/@types%2fdeep-eql cache-miss
3154 silly fetch manifest assertion-error@^2.0.1
3155 silly packumentCache full:https://registry.npmjs.org/assertion-error cache-miss
3156 http fetch GET 200 https://registry.npmjs.org/assertion-error 106ms (cache miss)
3157 silly packumentCache full:https://registry.npmjs.org/assertion-error set size:undefined disposed:false
3158 http fetch GET 200 https://registry.npmjs.org/@types%2fdeep-eql 134ms (cache miss)
3159 silly packumentCache full:https://registry.npmjs.org/@types%2fdeep-eql set size:undefined disposed:false
3160 silly placeDep ROOT @types/deep-eql@4.0.2 OK for: @types/chai@5.2.3 want: *
3161 silly placeDep ROOT assertion-error@2.0.1 OK for: @types/chai@5.2.3 want: ^2.0.1
3162 silly placeDep ROOT estree-walker@3.0.3 OK for: @vitest/mocker@4.1.7 want: ^3.0.3
3163 silly placeDep node_modules/@vitest/utils convert-source-map@2.0.0 OK for: @vitest/utils@4.1.7 want: ^2.0.0
3164 silly placeDep ROOT glob-to-regexp@0.4.1 OK for: watchpack@2.5.1 want: ^0.4.1
3165 silly placeDep ROOT tr46@6.0.0 OK for: whatwg-url@16.0.1 want: ^6.0.0
3166 silly fetch manifest punycode@^2.3.1
3167 silly packumentCache full:https://registry.npmjs.org/punycode cache-miss
3168 http fetch GET 200 https://registry.npmjs.org/punycode 213ms (cache miss)
3169 silly packumentCache full:https://registry.npmjs.org/punycode set size:undefined disposed:false
3170 silly placeDep ROOT punycode@2.3.1 OK for: tr46@6.0.0 want: ^2.3.1
3171 silly placeDep ROOT isexe@2.0.0 OK for: which@2.0.2 want: ^2.0.0
3172 silly placeDep ROOT siginfo@2.0.0 OK for: why-is-node-running@2.3.0 want: ^2.0.0
3173 silly placeDep ROOT stackback@0.0.2 OK for: why-is-node-running@2.3.0 want: 0.0.2
3174 silly placeDep node_modules/wrap-ansi ansi-styles@4.3.0 OK for: wrap-ansi@6.2.0 want: ^4.0.0
3175 silly placeDep node_modules/wrap-ansi string-width@4.2.3 OK for: wrap-ansi@6.2.0 want: ^4.1.0
3176 silly placeDep node_modules/wrap-ansi strip-ansi@6.0.1 OK for: wrap-ansi@6.2.0 want: ^6.0.0
3177 silly fetch manifest color-convert@^2.0.1
3178 silly packumentCache full:https://registry.npmjs.org/color-convert cache-miss
3179 silly fetch manifest strip-ansi@^6.0.1
3180 silly packumentCache full:https://registry.npmjs.org/strip-ansi cache-hit
3181 silly fetch manifest emoji-regex@^8.0.0
3182 silly packumentCache full:https://registry.npmjs.org/emoji-regex cache-miss
3183 silly fetch manifest is-fullwidth-code-point@^3.0.0
3184 silly packumentCache full:https://registry.npmjs.org/is-fullwidth-code-point cache-hit
3185 silly fetch manifest ansi-regex@^5.0.1
3186 silly packumentCache full:https://registry.npmjs.org/ansi-regex cache-miss
3187 http cache https://registry.npmjs.org/ansi-regex 15ms (cache hit)
3188 silly packumentCache full:https://registry.npmjs.org/ansi-regex set size:43572 disposed:false
3189 http fetch GET 200 https://registry.npmjs.org/color-convert 135ms (cache miss)
3190 silly packumentCache full:https://registry.npmjs.org/color-convert set size:undefined disposed:false
3191 http fetch GET 200 https://registry.npmjs.org/emoji-regex 194ms (cache miss)
3192 silly packumentCache full:https://registry.npmjs.org/emoji-regex set size:undefined disposed:false
3193 silly placeDep ROOT cliui@9.0.1 OK for: yargs@18.0.0 want: ^9.0.1
3194 silly placeDep ROOT get-caller-file@2.0.5 OK for: yargs@18.0.0 want: ^2.0.5
3195 silly placeDep node_modules/yargs string-width@7.2.0 OK for: yargs@18.0.0 want: ^7.2.0
3196 silly placeDep ROOT y18n@5.0.8 OK for: yargs@18.0.0 want: ^5.0.5
3197 silly placeDep ROOT yargs-parser@22.0.0 OK for: yargs@18.0.0 want: ^22.0.0
3198 silly fetch manifest emoji-regex@^10.3.0
3199 silly packumentCache full:https://registry.npmjs.org/emoji-regex cache-miss
3200 http cache https://registry.npmjs.org/emoji-regex 9ms (cache hit)
3201 silly packumentCache full:https://registry.npmjs.org/emoji-regex set size:89064 disposed:false
3202 silly placeDep node_modules/cliui string-width@7.2.0 OK for: cliui@9.0.1 want: ^7.2.0
3203 silly placeDep node_modules/cliui wrap-ansi@9.0.2 OK for: cliui@9.0.1 want: ^9.0.0
3204 silly placeDep node_modules/@npmcli/git isexe@4.0.0 OK for: which@6.0.1 want: ^4.0.0
3205 silly placeDep node_modules/@npmcli/promise-spawn isexe@4.0.0 OK for: which@6.0.1 want: ^4.0.0
3206 silly placeDep ROOT emoji-regex@10.6.0 OK for: string-width@7.2.0 want: ^10.3.0
3207 silly placeDep node_modules/listr2 string-width@7.2.0 OK for: wrap-ansi@9.0.2 want: ^7.0.0
3208 silly placeDep node_modules/log-update string-width@7.2.0 OK for: wrap-ansi@9.0.2 want: ^7.0.0
3209 silly placeDep node_modules/minipass-flush yallist@4.0.0 OK for: minipass@3.3.6 want: ^4.0.0
3210 silly placeDep node_modules/minipass-pipeline yallist@4.0.0 OK for: minipass@3.3.6 want: ^4.0.0
3211 silly placeDep node_modules/node-gyp isexe@4.0.0 OK for: which@6.0.1 want: ^4.0.0
3212 silly placeDep node_modules/sass readdirp@4.1.2 OK for: chokidar@4.0.3 want: ^4.0.1
3213 silly placeDep ROOT color-convert@2.0.1 OK for: ansi-styles@4.3.0 want: ^2.0.1
3214 silly fetch manifest color-name@~1.1.4
3215 silly packumentCache full:https://registry.npmjs.org/color-name cache-miss
3216 http fetch GET 200 https://registry.npmjs.org/color-name 138ms (cache miss)
3217 silly packumentCache full:https://registry.npmjs.org/color-name set size:undefined disposed:false
3218 silly placeDep ROOT color-name@1.1.4 OK for: color-convert@2.0.1 want: ~1.1.4
3219 silly placeDep node_modules/wrap-ansi emoji-regex@8.0.0 OK for: string-width@4.2.3 want: ^8.0.0
3220 silly placeDep node_modules/wrap-ansi is-fullwidth-code-point@3.0.0 OK for: string-width@4.2.3 want: ^3.0.0
3221 silly placeDep node_modules/wrap-ansi ansi-regex@5.0.1 OK for: strip-ansi@6.0.1 want: ^5.0.1
3222 silly reify moves {}
3223 silly audit bulk request {
3223 silly audit   '@angular/build': [ '21.2.11' ],
3223 silly audit   tslib: [ '2.8.1' ],
3223 silly audit   typescript: [ '5.9.3' ],
3223 silly audit   '@angular/compiler': [ '21.2.13' ],
3223 silly audit   '@angular/compiler-cli': [ '21.2.13' ],
3223 silly audit   '@angular/cli': [ '21.2.11' ],
3223 silly audit   '@angular/common': [ '21.2.13' ],
3223 silly audit   rxjs: [ '7.8.2' ],
3223 silly audit   '@angular/core': [ '21.2.13' ],
3223 silly audit   '@angular/forms': [ '21.2.13' ],
3223 silly audit   '@angular/platform-browser': [ '21.2.13' ],
3223 silly audit   '@angular/router': [ '21.2.13' ],
3223 silly audit   'chart.js': [ '4.5.1' ],
3223 silly audit   jsdom: [ '28.1.0' ],
3223 silly audit   'ng2-charts': [ '10.0.0' ],
3223 silly audit   '@angular/cdk': [ '21.2.11' ],
3223 silly audit   prettier: [ '3.8.3' ],
3223 silly audit   vitest: [ '4.1.7' ],
3223 silly audit   '@ampproject/remapping': [ '2.3.0' ],
3223 silly audit   '@angular-devkit/architect': [ '0.2102.11' ],
3223 silly audit   '@babel/core': [ '7.29.0' ],
3223 silly audit   '@babel/helper-annotate-as-pure': [ '7.27.3' ],
3223 silly audit   '@babel/helper-split-export-declaration': [ '7.24.7' ],
3223 silly audit   '@inquirer/confirm': [ '5.1.21' ],
3223 silly audit   '@vitejs/plugin-basic-ssl': [ '2.1.4' ],
3223 silly audit   vite: [ '7.3.2' ],
3223 silly audit   beasties: [ '0.4.1' ],
3223 silly audit   browserslist: [ '4.28.2' ],
3223 silly audit   esbuild: [ '0.27.3' ],
3223 silly audit   'https-proxy-agent': [ '7.0.6' ],
3223 silly audit   'istanbul-lib-instrument': [ '6.0.3' ],
3223 silly audit   'jsonc-parser': [ '3.3.1' ],
3223 silly audit   listr2: [ '9.0.5' ],
3223 silly audit   lmdb: [ '3.5.1' ],
3223 silly audit   'magic-string': [ '0.30.21' ],
3223 silly audit   mrmime: [ '2.0.1' ],
3223 silly audit   'parse5-html-rewriting-stream': [ '8.0.0' ],
3223 silly audit   picomatch: [ '4.0.4' ],
3223 silly audit   piscina: [ '5.1.4' ],
3223 silly audit   rolldown: [ '1.0.0-rc.4' ],
3223 silly audit   sass: [ '1.97.3' ],
3223 silly audit   semver: [ '7.7.4', '6.3.1' ],
3223 silly audit   'source-map-support': [ '0.5.21' ],
3223 silly audit   tinyglobby: [ '0.2.15' ],
3223 silly audit   undici: [ '7.24.4', '6.25.0' ],
3223 silly audit   watchpack: [ '2.5.1' ],
3223 silly audit   '@jridgewell/gen-mapping': [ '0.3.13' ],
3223 silly audit   '@jridgewell/trace-mapping': [ '0.3.31' ],
3223 silly audit   '@angular-devkit/core': [ '21.2.11' ],
3223 silly audit   ajv: [ '8.18.0' ],
3223 silly audit   'ajv-formats': [ '3.0.1' ],
3223 silly audit   'source-map': [ '0.7.6', '0.6.1' ],
3223 silly audit   parse5: [ '8.0.1' ],
3223 silly audit   '@angular-devkit/schematics': [ '21.2.11' ],
3223 silly audit   '@inquirer/prompts': [ '7.10.1' ],
3223 silly audit   '@listr2/prompt-adapter-inquirer': [ '3.0.5' ],
3223 silly audit   '@modelcontextprotocol/sdk': [ '1.26.0' ],
3223 silly audit   '@schematics/angular': [ '21.2.11' ],
3223 silly audit   '@yarnpkg/lockfile': [ '1.1.0' ],
3223 silly audit   algoliasearch: [ '5.48.1' ],
3223 silly audit   ini: [ '6.0.0' ],
3223 silly audit   'npm-package-arg': [ '13.0.2' ],
3223 silly audit   pacote: [ '21.3.1' ],
3223 silly audit   yargs: [ '18.0.0' ],
3223 silly audit   zod: [ '4.3.6' ],
3223 silly audit   ora: [ '9.3.0' ],
3223 silly audit   '@jridgewell/sourcemap-codec': [ '1.5.5' ],
3223 silly audit   chokidar: [ '5.0.0', '4.0.3' ],
3223 silly audit   'convert-source-map': [ '1.9.0', '2.0.0' ],
3223 silly audit   'reflect-metadata': [ '0.2.2' ],
3223 silly audit   '@standard-schema/spec': [ '1.1.0' ],
3223 silly audit   '@babel/code-frame': [ '7.29.0' ],
3223 silly audit   '@babel/generator': [ '7.29.1' ],
3223 silly audit   '@babel/helper-compilation-targets': [ '7.28.6' ],
3223 silly audit   '@babel/helper-module-transforms': [ '7.28.6' ],
3223 silly audit   '@babel/helpers': [ '7.29.2' ],
3223 silly audit   '@babel/parser': [ '7.29.3' ],
3223 silly audit   '@babel/template': [ '7.28.6' ],
3223 silly audit   '@babel/traverse': [ '7.29.0' ],
3223 silly audit   '@babel/types': [ '7.29.0' ],
3223 silly audit   '@jridgewell/remapping': [ '2.3.5' ],
3223 silly audit   debug: [ '4.4.3' ],
3223 silly audit   gensync: [ '1.0.0-beta.2' ],
3223 silly audit   json5: [ '2.2.3' ],
3223 silly audit   '@babel/helper-validator-identifier': [ '7.28.5' ],
3223 silly audit   'js-tokens': [ '4.0.0' ],
3223 silly audit   picocolors: [ '1.1.1' ],
3223 silly audit   jsesc: [ '3.1.0' ],
3223 silly audit   '@babel/compat-data': [ '7.29.3' ],
3223 silly audit   '@babel/helper-validator-option': [ '7.27.1' ],
3223 silly audit   'lru-cache': [ '5.1.1', '11.5.0' ],
3223 silly audit   '@babel/helper-module-imports': [ '7.28.6' ],
3223 silly audit   '@babel/helper-globals': [ '7.28.0' ],
3223 silly audit   '@babel/helper-string-parser': [ '7.27.1' ],
3223 silly audit   '@inquirer/core': [ '10.3.2' ],
3223 silly audit   '@inquirer/type': [ '3.0.10' ],
3223 silly audit   '@inquirer/ansi': [ '1.0.2' ],
3223 silly audit   '@inquirer/figures': [ '1.0.15' ],
3223 silly audit   'cli-width': [ '4.1.0' ],
3223 silly audit   'mute-stream': [ '2.0.0' ],
3223 silly audit   'signal-exit': [ '4.1.0' ],
3223 silly audit   'wrap-ansi': [ '6.2.0', '9.0.2' ],
3223 silly audit   'yoctocolors-cjs': [ '2.1.3' ],
3223 silly audit   '@inquirer/checkbox': [ '4.3.2' ],
3223 silly audit   '@inquirer/editor': [ '4.2.23' ],
3223 silly audit   '@inquirer/expand': [ '4.0.23' ],
3223 silly audit   '@inquirer/input': [ '4.3.1' ],
3223 silly audit   '@inquirer/number': [ '3.0.23' ],
3223 silly audit   '@inquirer/password': [ '4.0.23' ],
3223 silly audit   '@inquirer/rawlist': [ '4.1.11' ],
3223 silly audit   '@inquirer/search': [ '3.2.2' ],
3223 silly audit   '@inquirer/select': [ '4.4.2' ],
3223 silly audit   '@inquirer/external-editor': [ '1.0.3' ],
3223 silly audit   chardet: [ '2.1.1' ],
3223 silly audit   'iconv-lite': [ '0.7.2' ],
3223 silly audit   '@jridgewell/resolve-uri': [ '3.1.2' ],
3223 silly audit   '@hono/node-server': [ '1.19.14' ],
3223 silly audit   hono: [ '4.12.21' ],
3223 silly audit   'content-type': [ '1.0.5', '2.0.0' ],
3223 silly audit   cors: [ '2.8.6' ],
3223 silly audit   'cross-spawn': [ '7.0.6' ],
3223 silly audit   eventsource: [ '3.0.7' ],
3223 silly audit   'eventsource-parser': [ '3.0.8' ],
3223 silly audit   express: [ '5.2.1' ],
3223 silly audit   'express-rate-limit': [ '8.5.2' ],
3223 silly audit   jose: [ '6.2.3' ],
3223 silly audit   'json-schema-typed': [ '8.0.2' ],
3223 silly audit   'pkce-challenge': [ '5.0.1' ],
3223 silly audit   'raw-body': [ '3.0.2' ],
3223 silly audit   'zod-to-json-schema': [ '3.25.2' ],
3223 silly audit   'fast-deep-equal': [ '3.1.3' ],
3223 silly audit   'fast-uri': [ '3.1.2' ],
3223 silly audit   'json-schema-traverse': [ '1.0.0' ],
3223 silly audit   'require-from-string': [ '2.0.2' ],
3223 silly audit   '@algolia/abtesting': [ '1.14.1' ],
3223 silly audit   '@algolia/client-abtesting': [ '5.48.1' ],
3223 silly audit   '@algolia/client-analytics': [ '5.48.1' ],
3223 silly audit   '@algolia/client-common': [ '5.48.1' ],
3223 silly audit   '@algolia/client-insights': [ '5.48.1' ],
3223 silly audit   '@algolia/client-personalization': [ '5.48.1' ],
3223 silly audit   '@algolia/client-query-suggestions': [ '5.48.1' ],
3223 silly audit   '@algolia/client-search': [ '5.48.1' ],
3223 silly audit   '@algolia/ingestion': [ '1.48.1' ],
3223 silly audit   '@algolia/monitoring': [ '1.48.1' ],
3223 silly audit   '@algolia/recommend': [ '5.48.1' ],
3223 silly audit   '@algolia/requester-browser-xhr': [ '5.48.1' ],
3223 silly audit   '@algolia/requester-fetch': [ '5.48.1' ],
3223 silly audit   '@algolia/requester-node-http': [ '5.48.1' ],
3223 silly audit   'css-select': [ '6.0.0' ],
3223 silly audit   'css-what': [ '7.0.0' ],
3223 silly audit   'dom-serializer': [ '2.0.0' ],
3223 silly audit   domhandler: [ '5.0.3' ],
3223 silly audit   htmlparser2: [ '10.1.0' ],
3223 silly audit   postcss: [ '8.5.15' ],
3223 silly audit   'postcss-media-query-parser': [ '0.2.3' ],
3223 silly audit   'postcss-safe-parser': [ '7.0.1' ],
3223 silly audit   'baseline-browser-mapping': [ '2.10.31' ],
3223 silly audit   'caniuse-lite': [ '1.0.30001793' ],
3223 silly audit   'electron-to-chromium': [ '1.5.360' ],
3223 silly audit   'node-releases': [ '2.0.44' ],
3223 silly audit   'update-browserslist-db': [ '1.2.3' ],
3223 silly audit   '@kurkle/color': [ '0.3.4' ],
3223 silly audit   readdirp: [ '5.0.0', '4.1.2' ],
3223 silly audit   'object-assign': [ '4.1.1' ],
3223 silly audit   vary: [ '1.1.2' ],
3223 silly audit   'path-key': [ '3.1.1' ],
3223 silly audit   'shebang-command': [ '2.0.0' ],
3223 silly audit   which: [ '2.0.2', '6.0.1' ],
3223 silly audit   boolbase: [ '1.0.0' ],
3223 silly audit   domutils: [ '3.2.2' ],
3223 silly audit   'nth-check': [ '2.1.1' ],
3223 silly audit   ms: [ '2.1.3' ],
3223 silly audit   domelementtype: [ '2.3.0' ],
3223 silly audit   entities: [ '4.5.0', '7.0.1', '8.0.0', '6.0.1' ],
3223 silly audit   '@esbuild/aix-ppc64': [ '0.27.3' ],
3223 silly audit   '@esbuild/android-arm': [ '0.27.3' ],
3223 silly audit   '@esbuild/android-arm64': [ '0.27.3' ],
3223 silly audit   '@esbuild/android-x64': [ '0.27.3' ],
3223 silly audit   '@esbuild/darwin-arm64': [ '0.27.3' ],
3223 silly audit   '@esbuild/darwin-x64': [ '0.27.3' ],
3223 silly audit   '@esbuild/freebsd-arm64': [ '0.27.3' ],
3223 silly audit   '@esbuild/freebsd-x64': [ '0.27.3' ],
3223 silly audit   '@esbuild/linux-arm': [ '0.27.3' ],
3223 silly audit   '@esbuild/linux-arm64': [ '0.27.3' ],
3223 silly audit   '@esbuild/linux-ia32': [ '0.27.3' ],
3223 silly audit   '@esbuild/linux-loong64': [ '0.27.3' ],
3223 silly audit   '@esbuild/linux-mips64el': [ '0.27.3' ],
3223 silly audit   '@esbuild/linux-ppc64': [ '0.27.3' ],
3223 silly audit   '@esbuild/linux-riscv64': [ '0.27.3' ],
3223 silly audit   '@esbuild/linux-s390x': [ '0.27.3' ],
3223 silly audit   '@esbuild/linux-x64': [ '0.27.3' ],
3223 silly audit   '@esbuild/netbsd-arm64': [ '0.27.3' ],
3223 silly audit   '@esbuild/netbsd-x64': [ '0.27.3' ],
3223 silly audit   '@esbuild/openbsd-arm64': [ '0.27.3' ],
3223 silly audit   '@esbuild/openbsd-x64': [ '0.27.3' ],
3223 silly audit   '@esbuild/openharmony-arm64': [ '0.27.3' ],
3223 silly audit   '@esbuild/sunos-x64': [ '0.27.3' ],
3223 silly audit   '@esbuild/win32-arm64': [ '0.27.3' ],
3223 silly audit   '@esbuild/win32-ia32': [ '0.27.3' ],
3223 silly audit   '@esbuild/win32-x64': [ '0.27.3' ],
3223 silly audit   accepts: [ '2.0.0' ],
3223 silly audit   'body-parser': [ '2.2.2' ],
3223 silly audit   'content-disposition': [ '1.1.0' ],
3223 silly audit   cookie: [ '0.7.2' ],
3223 silly audit   'cookie-signature': [ '1.2.2' ],
3223 silly audit   depd: [ '2.0.0' ],
3223 silly audit   encodeurl: [ '2.0.0' ],
3223 silly audit   'escape-html': [ '1.0.3' ],
3223 silly audit   etag: [ '1.8.1' ],
3223 silly audit   finalhandler: [ '2.1.1' ],
3223 silly audit   fresh: [ '2.0.0' ],
3223 silly audit   'http-errors': [ '2.0.1' ],
3223 silly audit   'merge-descriptors': [ '2.0.0' ],
3223 silly audit   'mime-types': [ '3.0.2' ],
3223 silly audit   'on-finished': [ '2.4.1' ],
3223 silly audit   once: [ '1.4.0' ],
3223 silly audit   parseurl: [ '1.3.3' ],
3223 silly audit   'proxy-addr': [ '2.0.7' ],
3223 silly audit   qs: [ '6.15.2' ],
3223 silly audit   'range-parser': [ '1.2.1' ],
3223 silly audit   router: [ '2.2.0' ],
3223 silly audit   send: [ '1.2.1' ],
3223 silly audit   'serve-static': [ '2.2.1' ],
3223 silly audit   statuses: [ '2.0.2' ],
3223 silly audit   'type-is': [ '2.1.0' ],
3223 silly audit   negotiator: [ '1.0.0' ],
3223 silly audit   bytes: [ '3.1.2' ],
3223 silly audit   'ip-address': [ '10.2.0' ],
3223 silly audit   inherits: [ '2.0.4' ],
3223 silly audit   setprototypeof: [ '1.2.0' ],
3223 silly audit   toidentifier: [ '1.0.1' ],
3223 silly audit   'agent-base': [ '7.1.4' ],
3223 silly audit   'safer-buffer': [ '2.1.2' ],
3223 silly audit   '@istanbuljs/schema': [ '0.1.6' ],
3223 silly audit   'istanbul-lib-coverage': [ '3.2.2' ],
3223 silly audit   '@acemir/cssom': [ '0.9.31' ],
3223 silly audit   '@asamuzakjp/dom-selector': [ '6.8.1' ],
3223 silly audit   '@bramus/specificity': [ '2.4.2' ],
3223 silly audit   '@exodus/bytes': [ '1.15.1' ],
3223 silly audit   cssstyle: [ '6.2.0' ],
3223 silly audit   'data-urls': [ '7.0.0' ],
3223 silly audit   'decimal.js': [ '10.6.0' ],
3223 silly audit   'html-encoding-sniffer': [ '6.0.0' ],
3223 silly audit   'http-proxy-agent': [ '7.0.2' ],
3223 silly audit   'is-potential-custom-element-name': [ '1.0.1' ],
3223 silly audit   saxes: [ '6.0.0' ],
3223 silly audit   'symbol-tree': [ '3.2.4' ],
3223 silly audit   'tough-cookie': [ '6.0.1' ],
3223 silly audit   'w3c-xmlserializer': [ '5.0.0' ],
3223 silly audit   'webidl-conversions': [ '8.0.1' ],
3223 silly audit   'whatwg-mimetype': [ '5.0.0' ],
3223 silly audit   'whatwg-url': [ '16.0.1' ],
3223 silly audit   'xml-name-validator': [ '5.0.0' ],
3223 silly audit   '@asamuzakjp/nwsapi': [ '2.3.9' ],
3223 silly audit   'bidi-js': [ '1.0.3' ],
3223 silly audit   'css-tree': [ '3.2.1' ],
3223 silly audit   'mdn-data': [ '2.27.1' ],
3223 silly audit   'source-map-js': [ '1.2.1' ],
3223 silly audit   '@asamuzakjp/css-color': [ '5.1.11' ],
3223 silly audit   '@csstools/css-syntax-patches-for-csstree': [ '1.1.4' ],
3223 silly audit   '@asamuzakjp/generational-cache': [ '1.0.1' ],
3223 silly audit   '@csstools/css-calc': [ '3.2.1' ],
3223 silly audit   '@csstools/css-parser-algorithms': [ '4.0.0' ],
3223 silly audit   '@csstools/css-tokenizer': [ '4.0.0' ],
3223 silly audit   '@csstools/css-color-parser': [ '4.1.1' ],
3223 silly audit   '@csstools/color-helpers': [ '6.0.2' ],
3223 silly audit   'cli-truncate': [ '5.2.0' ],
3223 silly audit   colorette: [ '2.0.20' ],
3223 silly audit   eventemitter3: [ '5.0.4' ],
3223 silly audit   'log-update': [ '6.1.0' ],
3223 silly audit   rfdc: [ '1.4.1' ],
3223 silly audit   'slice-ansi': [ '8.0.0', '7.1.2' ],
3223 silly audit   'string-width': [ '8.2.1', '4.2.3', '7.2.0' ],
3223 silly audit   '@harperfast/extended-iterable': [ '1.0.3' ],
3223 silly audit   '@lmdb/lmdb-darwin-arm64': [ '3.5.1' ],
3223 silly audit   '@lmdb/lmdb-darwin-x64': [ '3.5.1' ],
3223 silly audit   '@lmdb/lmdb-linux-arm': [ '3.5.1' ],
3223 silly audit   '@lmdb/lmdb-linux-arm64': [ '3.5.1' ],
3223 silly audit   '@lmdb/lmdb-linux-x64': [ '3.5.1' ],
3223 silly audit   '@lmdb/lmdb-win32-arm64': [ '3.5.1' ],
3223 silly audit   '@lmdb/lmdb-win32-x64': [ '3.5.1' ],
3223 silly audit   msgpackr: [ '1.11.12' ],
3223 silly audit   'node-addon-api': [ '6.1.0', '7.1.1' ],
3223 silly audit   'node-gyp-build-optional-packages': [ '5.2.2' ],
3223 silly audit   'ordered-binary': [ '1.6.1' ],
3223 silly audit   'weak-lru-cache': [ '1.2.2' ],
3223 silly audit   'ansi-escapes': [ '7.3.0' ],
3223 silly audit   'cli-cursor': [ '5.0.0' ],
3223 silly audit   'strip-ansi': [ '7.2.0', '6.0.1' ],
3223 silly audit   environment: [ '1.1.0' ],
3223 silly audit   'restore-cursor': [ '5.1.0' ],
3223 silly audit   yallist: [ '3.1.1', '5.0.0', '4.0.0' ],
3223 silly audit   'mime-db': [ '1.54.0' ],
3223 silly audit   'msgpackr-extract': [ '3.0.3' ],
3223 silly audit   '@msgpackr-extract/msgpackr-extract-darwin-arm64': [ '3.0.3' ],
3223 silly audit   '@msgpackr-extract/msgpackr-extract-darwin-x64': [ '3.0.3' ],
3223 silly audit   '@msgpackr-extract/msgpackr-extract-linux-arm': [ '3.0.3' ],
3223 silly audit   '@msgpackr-extract/msgpackr-extract-linux-arm64': [ '3.0.3' ],
3223 silly audit   '@msgpackr-extract/msgpackr-extract-linux-x64': [ '3.0.3' ],
3223 silly audit   '@msgpackr-extract/msgpackr-extract-win32-x64': [ '3.0.3' ],
3223 silly audit   'es-toolkit': [ '1.46.1' ],
3223 silly audit   'detect-libc': [ '2.1.2' ],
3223 silly audit   'hosted-git-info': [ '9.0.3' ],
3223 silly audit   'proc-log': [ '6.1.0' ],
3223 silly audit   'validate-npm-package-name': [ '7.0.2' ],
3223 silly audit   'ee-first': [ '1.1.1' ],
3223 silly audit   wrappy: [ '1.0.2' ],
3223 silly audit   chalk: [ '5.6.2' ],
3223 silly audit   'cli-spinners': [ '3.4.0' ],
3223 silly audit   'is-interactive': [ '2.0.0' ],
3223 silly audit   'is-unicode-supported': [ '2.1.0' ],
3223 silly audit   'log-symbols': [ '7.0.1' ],
3223 silly audit   'stdin-discarder': [ '0.3.2' ],
3223 silly audit   yoctocolors: [ '2.1.2' ],
3223 silly audit   '@npmcli/git': [ '7.0.2' ],
3223 silly audit   '@npmcli/installed-package-contents': [ '4.0.0' ],
3223 silly audit   '@npmcli/package-json': [ '7.0.5' ],
3223 silly audit   '@npmcli/promise-spawn': [ '9.0.1' ],
3223 silly audit   '@npmcli/run-script': [ '10.0.4' ],
3223 silly audit   cacache: [ '20.0.4' ],
3223 silly audit   'fs-minipass': [ '3.0.3' ],
3223 silly audit   minipass: [ '7.1.3', '3.3.6' ],
3223 silly audit   'npm-packlist': [ '10.0.4' ],
3223 silly audit   'npm-pick-manifest': [ '11.0.3' ],
3223 silly audit   'npm-registry-fetch': [ '19.1.1' ],
3223 silly audit   'promise-retry': [ '2.0.1' ],
3223 silly audit   sigstore: [ '4.1.0' ],
3223 silly audit   ssri: [ '13.0.1' ],
3223 silly audit   tar: [ '7.5.15' ],
3223 silly audit   '@gar/promise-retry': [ '1.0.3' ],
3223 silly audit   'npm-bundled': [ '5.0.0' ],
3223 silly audit   'npm-normalize-package-bin': [ '5.0.0' ],
3223 silly audit   glob: [ '13.0.6' ],
3223 silly audit   'json-parse-even-better-errors': [ '5.0.0' ],
3223 silly audit   'spdx-expression-parse': [ '4.0.0' ],
3223 silly audit   '@npmcli/node-gyp': [ '5.0.0' ],
3223 silly audit   'node-gyp': [ '12.3.0' ],
3223 silly audit   '@npmcli/fs': [ '5.0.0' ],
3223 silly audit   'minipass-collect': [ '2.0.1' ],
3223 silly audit   'minipass-flush': [ '1.0.7' ],
3223 silly audit   'minipass-pipeline': [ '1.2.4' ],
3223 silly audit   'p-map': [ '7.0.4' ],
3223 silly audit   minimatch: [ '10.2.5' ],
3223 silly audit   'path-scurry': [ '2.0.2' ],
3223 silly audit   'brace-expansion': [ '5.0.6' ],
3223 silly audit   'balanced-match': [ '4.0.4' ],
3223 silly audit   'env-paths': [ '2.2.1' ],
3223 silly audit   'exponential-backoff': [ '3.1.3' ],
3223 silly audit   'graceful-fs': [ '4.2.11' ],
3223 silly audit   nopt: [ '9.0.0' ],
3223 silly audit   abbrev: [ '4.0.0' ],
3223 silly audit   'ignore-walk': [ '8.0.0' ],
3223 silly audit   'npm-install-checks': [ '8.0.0' ],
3223 silly audit   '@npmcli/redact': [ '4.0.0' ],
3223 silly audit   jsonparse: [ '1.3.1' ],
3223 silly audit   'make-fetch-happen': [ '15.0.5' ],
3223 silly audit   'minipass-fetch': [ '5.0.2' ],
3223 silly audit   minizlib: [ '3.1.0' ],
3223 silly audit   '@npmcli/agent': [ '4.0.0' ],
3223 silly audit   'http-cache-semantics': [ '4.2.0' ],
3223 silly audit   'socks-proxy-agent': [ '8.0.5' ],
3223 silly audit   'minipass-sized': [ '2.0.0' ],
3223 silly audit   'parse5-sax-parser': [ '8.0.0' ],
3223 silly audit   '@napi-rs/nice': [ '1.1.1' ],
3223 silly audit   '@napi-rs/nice-android-arm-eabi': [ '1.1.1' ],
3223 silly audit   '@napi-rs/nice-android-arm64': [ '1.1.1' ],
3223 silly audit   '@napi-rs/nice-darwin-arm64': [ '1.1.1' ],
3223 silly audit   '@napi-rs/nice-darwin-x64': [ '1.1.1' ],
3223 silly audit   '@napi-rs/nice-freebsd-x64': [ '1.1.1' ],
3223 silly audit   '@napi-rs/nice-linux-arm-gnueabihf': [ '1.1.1' ],
3223 silly audit   '@napi-rs/nice-linux-arm64-gnu': [ '1.1.1' ],
3223 silly audit   '@napi-rs/nice-linux-arm64-musl': [ '1.1.1' ],
3223 silly audit   '@napi-rs/nice-linux-ppc64-gnu': [ '1.1.1' ],
3223 silly audit   '@napi-rs/nice-linux-riscv64-gnu': [ '1.1.1' ],
3223 silly audit   '@napi-rs/nice-linux-s390x-gnu': [ '1.1.1' ],
3223 silly audit   '@napi-rs/nice-linux-x64-gnu': [ '1.1.1' ],
3223 silly audit   '@napi-rs/nice-linux-x64-musl': [ '1.1.1' ],
3223 silly audit   '@napi-rs/nice-openharmony-arm64': [ '1.1.1' ],
3223 silly audit   '@napi-rs/nice-win32-arm64-msvc': [ '1.1.1' ],
3223 silly audit   '@napi-rs/nice-win32-ia32-msvc': [ '1.1.1' ],
3223 silly audit   '@napi-rs/nice-win32-x64-msvc': [ '1.1.1' ],
3223 silly audit   nanoid: [ '3.3.12' ],
3223 silly audit   'err-code': [ '2.0.3' ],
3223 silly audit   retry: [ '0.12.0' ],
3223 silly audit   forwarded: [ '0.2.0' ],
3223 silly audit   'ipaddr.js': [ '1.9.1' ],
3223 silly audit   'side-channel': [ '1.1.0' ],
3223 silly audit   unpipe: [ '1.0.0' ],
3223 silly audit   onetime: [ '7.0.0' ],
3223 silly audit   'mimic-function': [ '5.0.1' ],
3223 silly audit   '@oxc-project/types': [ '0.113.0' ],
3223 silly audit   '@rolldown/binding-android-arm64': [ '1.0.0-rc.4' ],
3223 silly audit   '@rolldown/binding-darwin-arm64': [ '1.0.0-rc.4' ],
3223 silly audit   '@rolldown/binding-darwin-x64': [ '1.0.0-rc.4' ],
3223 silly audit   '@rolldown/binding-freebsd-x64': [ '1.0.0-rc.4' ],
3223 silly audit   '@rolldown/binding-linux-arm-gnueabihf': [ '1.0.0-rc.4' ],
3223 silly audit   '@rolldown/binding-linux-arm64-gnu': [ '1.0.0-rc.4' ],
3223 silly audit   '@rolldown/binding-linux-arm64-musl': [ '1.0.0-rc.4' ],
3223 silly audit   '@rolldown/binding-linux-x64-gnu': [ '1.0.0-rc.4' ],
3223 silly audit   '@rolldown/binding-linux-x64-musl': [ '1.0.0-rc.4' ],
3223 silly audit   '@rolldown/binding-openharmony-arm64': [ '1.0.0-rc.4' ],
3223 silly audit   '@rolldown/binding-wasm32-wasi': [ '1.0.0-rc.4' ],
3223 silly audit   '@rolldown/binding-win32-arm64-msvc': [ '1.0.0-rc.4' ],
3223 silly audit   '@rolldown/binding-win32-x64-msvc': [ '1.0.0-rc.4' ],
3223 silly audit   '@rolldown/pluginutils': [ '1.0.0-rc.4' ],
3223 silly audit   '@napi-rs/wasm-runtime': [ '1.1.4' ],
3223 silly audit   '@emnapi/core': [ '1.10.0' ],
3223 silly audit   '@emnapi/runtime': [ '1.10.0' ],
3223 silly audit   '@emnapi/wasi-threads': [ '1.2.1' ],
3223 silly audit   '@tybys/wasm-util': [ '0.10.2' ],
3223 silly audit   'is-promise': [ '4.0.0' ],
3223 silly audit   'path-to-regexp': [ '8.4.2' ],
3223 silly audit   '@parcel/watcher': [ '2.5.6' ],
3223 silly audit   immutable: [ '5.1.5' ],
3223 silly audit   '@parcel/watcher-android-arm64': [ '2.5.6' ],
3223 silly audit   '@parcel/watcher-darwin-arm64': [ '2.5.6' ],
3223 silly audit   '@parcel/watcher-darwin-x64': [ '2.5.6' ],
3223 silly audit   '@parcel/watcher-freebsd-x64': [ '2.5.6' ],
3223 silly audit   '@parcel/watcher-linux-arm-glibc': [ '2.5.6' ],
3223 silly audit   '@parcel/watcher-linux-arm-musl': [ '2.5.6' ],
3223 silly audit   '@parcel/watcher-linux-arm64-glibc': [ '2.5.6' ],
3223 silly audit   '@parcel/watcher-linux-arm64-musl': [ '2.5.6' ],
3223 silly audit   '@parcel/watcher-linux-x64-glibc': [ '2.5.6' ],
3223 silly audit   '@parcel/watcher-linux-x64-musl': [ '2.5.6' ],
3223 silly audit   '@parcel/watcher-win32-arm64': [ '2.5.6' ],
3223 silly audit   '@parcel/watcher-win32-ia32': [ '2.5.6' ],
3223 silly audit   '@parcel/watcher-win32-x64': [ '2.5.6' ],
3223 silly audit   'is-glob': [ '4.0.3' ],
3223 silly audit   'is-extglob': [ '2.1.1' ],
3223 silly audit   xmlchars: [ '2.2.0' ],
3223 silly audit   'shebang-regex': [ '3.0.0' ],
3223 silly audit   'es-errors': [ '1.3.0' ],
3223 silly audit   'object-inspect': [ '1.13.4' ],
3223 silly audit   'side-channel-list': [ '1.0.1' ],
3223 silly audit   'side-channel-map': [ '1.0.1' ],
3223 silly audit   'side-channel-weakmap': [ '1.0.2' ],
3223 silly audit   'call-bound': [ '1.0.4' ],
3223 silly audit   'get-intrinsic': [ '1.3.0' ],
3223 silly audit   'call-bind-apply-helpers': [ '1.0.2' ],
3223 silly audit   'function-bind': [ '1.1.2' ],
3223 silly audit   'es-define-property': [ '1.0.1' ],
3223 silly audit   'es-object-atoms': [ '1.1.1' ],
3223 silly audit   'get-proto': [ '1.0.1' ],
3223 silly audit   gopd: [ '1.2.0' ],
3223 silly audit   'has-symbols': [ '1.1.0' ],
3223 silly audit   hasown: [ '2.0.3' ],
3223 silly audit   'math-intrinsics': [ '1.1.0' ],
3223 silly audit   'dunder-proto': [ '1.0.1' ],
3223 silly audit   '@sigstore/bundle': [ '4.0.0' ],
3223 silly audit   '@sigstore/core': [ '3.2.0' ],
3223 silly audit   '@sigstore/protobuf-specs': [ '0.5.1' ],
3223 silly audit   '@sigstore/sign': [ '4.1.1' ],
3223 silly audit   '@sigstore/tuf': [ '4.0.2' ],
3223 silly audit   '@sigstore/verify': [ '3.1.0' ],
3223 silly audit   'tuf-js': [ '4.1.0' ],
3223 silly audit   'ansi-styles': [ '6.2.3', '4.3.0' ],
3223 silly audit   'is-fullwidth-code-point': [ '5.1.0', '3.0.0' ],
3223 silly audit   'get-east-asian-width': [ '1.6.0' ],
3223 silly audit   socks: [ '2.8.9' ],
3223 silly audit   'smart-buffer': [ '4.2.0' ],
3223 silly audit   'buffer-from': [ '1.1.2' ],
3223 silly audit   'spdx-exceptions': [ '2.5.0' ],
3223 silly audit   'spdx-license-ids': [ '3.0.23' ],
3223 silly audit   'ansi-regex': [ '6.2.2', '5.0.1' ],
3223 silly audit   '@isaacs/fs-minipass': [ '4.0.1' ],
3223 silly audit   chownr: [ '3.0.0' ],
3223 silly audit   fdir: [ '6.5.0' ],
3223 silly audit   tldts: [ '7.0.30' ],
3223 silly audit   'tldts-core': [ '7.0.30' ],
3223 silly audit   '@tufjs/models': [ '4.1.0' ],
3223 silly audit   '@tufjs/canonical-json': [ '2.0.0' ],
3223 silly audit   'media-typer': [ '1.1.0' ],
3223 silly audit   escalade: [ '3.2.0' ],
3223 silly audit   fsevents: [ '2.3.3' ],
3223 silly audit   rollup: [ '4.60.4' ],
3223 silly audit   '@rollup/rollup-android-arm-eabi': [ '4.60.4' ],
3223 silly audit   '@rollup/rollup-android-arm64': [ '4.60.4' ],
3223 silly audit   '@rollup/rollup-darwin-arm64': [ '4.60.4' ],
3223 silly audit   '@rollup/rollup-darwin-x64': [ '4.60.4' ],
3223 silly audit   '@rollup/rollup-freebsd-arm64': [ '4.60.4' ],
3223 silly audit   '@rollup/rollup-freebsd-x64': [ '4.60.4' ],
3223 silly audit   '@rollup/rollup-linux-arm-gnueabihf': [ '4.60.4' ],
3223 silly audit   '@rollup/rollup-linux-arm-musleabihf': [ '4.60.4' ],
3223 silly audit   '@rollup/rollup-linux-arm64-gnu': [ '4.60.4' ],
3223 silly audit   '@rollup/rollup-linux-arm64-musl': [ '4.60.4' ],
3223 silly audit   '@rollup/rollup-linux-loong64-gnu': [ '4.60.4' ],
3223 silly audit   '@rollup/rollup-linux-loong64-musl': [ '4.60.4' ],
3223 silly audit   '@rollup/rollup-linux-ppc64-gnu': [ '4.60.4' ],
3223 silly audit   '@rollup/rollup-linux-ppc64-musl': [ '4.60.4' ],
3223 silly audit   '@rollup/rollup-linux-riscv64-gnu': [ '4.60.4' ],
3223 silly audit   '@rollup/rollup-linux-riscv64-musl': [ '4.60.4' ],
3223 silly audit   '@rollup/rollup-linux-s390x-gnu': [ '4.60.4' ],
3223 silly audit   '@rollup/rollup-linux-x64-gnu': [ '4.60.4' ],
3223 silly audit   '@rollup/rollup-linux-x64-musl': [ '4.60.4' ],
3223 silly audit   '@rollup/rollup-openbsd-x64': [ '4.60.4' ],
3223 silly audit   '@rollup/rollup-openharmony-arm64': [ '4.60.4' ],
3223 silly audit   '@rollup/rollup-win32-arm64-msvc': [ '4.60.4' ],
3223 silly audit   '@rollup/rollup-win32-ia32-msvc': [ '4.60.4' ],
3223 silly audit   '@rollup/rollup-win32-x64-gnu': [ '4.60.4' ],
3223 silly audit   '@rollup/rollup-win32-x64-msvc': [ '4.60.4' ],
3223 silly audit   '@types/estree': [ '1.0.8' ],
3223 silly audit   '@vitest/expect': [ '4.1.7' ],
3223 silly audit   '@vitest/mocker': [ '4.1.7' ],
3223 silly audit   '@vitest/pretty-format': [ '4.1.7' ],
3223 silly audit   '@vitest/runner': [ '4.1.7' ],
3223 silly audit   '@vitest/snapshot': [ '4.1.7' ],
3223 silly audit   '@vitest/spy': [ '4.1.7' ],
3223 silly audit   '@vitest/utils': [ '4.1.7' ],
3223 silly audit   'es-module-lexer': [ '2.1.0' ],
3223 silly audit   'expect-type': [ '1.3.0' ],
3223 silly audit   obug: [ '2.1.1' ],
3223 silly audit   pathe: [ '2.0.3' ],
3223 silly audit   'std-env': [ '4.1.0' ],
3223 silly audit   tinybench: [ '2.9.0' ],
3223 silly audit   tinyexec: [ '1.1.2' ],
3223 silly audit   tinyrainbow: [ '3.1.0' ],
3223 silly audit   'why-is-node-running': [ '2.3.0' ],
3223 silly audit   '@types/chai': [ '5.2.3' ],
3223 silly audit   chai: [ '6.2.2' ],
3223 silly audit   '@types/deep-eql': [ '4.0.2' ],
3223 silly audit   'assertion-error': [ '2.0.1' ],
3223 silly audit   'estree-walker': [ '3.0.3' ],
3223 silly audit   'glob-to-regexp': [ '0.4.1' ],
3223 silly audit   tr46: [ '6.0.0' ],
3223 silly audit   punycode: [ '2.3.1' ],
3223 silly audit   isexe: [ '2.0.0', '4.0.0' ],
3223 silly audit   siginfo: [ '2.0.0' ],
3223 silly audit   stackback: [ '0.0.2' ],
3223 silly audit   cliui: [ '9.0.1' ],
3223 silly audit   'get-caller-file': [ '2.0.5' ],
3223 silly audit   y18n: [ '5.0.8' ],
3223 silly audit   'yargs-parser': [ '22.0.0' ],
3223 silly audit   'emoji-regex': [ '10.6.0', '8.0.0' ],
3223 silly audit   'color-convert': [ '2.0.1' ],
3223 silly audit   'color-name': [ '1.1.4' ]
3223 silly audit }
3224 http cache color-name@https://registry.npmjs.org/color-name/-/color-name-1.1.4.tgz 0ms (cache hit)
3225 http cache emoji-regex@https://registry.npmjs.org/emoji-regex/-/emoji-regex-10.6.0.tgz 0ms (cache hit)
3226 http cache y18n@https://registry.npmjs.org/y18n/-/y18n-5.0.8.tgz 0ms (cache hit)
3227 http cache color-convert@https://registry.npmjs.org/color-convert/-/color-convert-2.0.1.tgz 0ms (cache hit)
3228 http cache yargs-parser@https://registry.npmjs.org/yargs-parser/-/yargs-parser-22.0.0.tgz 0ms (cache hit)
3229 http cache get-caller-file@https://registry.npmjs.org/get-caller-file/-/get-caller-file-2.0.5.tgz 0ms (cache hit)
3230 http cache stackback@https://registry.npmjs.org/stackback/-/stackback-0.0.2.tgz 0ms (cache hit)
3231 http cache cliui@https://registry.npmjs.org/cliui/-/cliui-9.0.1.tgz 0ms (cache hit)
3232 http cache siginfo@https://registry.npmjs.org/siginfo/-/siginfo-2.0.0.tgz 0ms (cache hit)
3233 http cache tr46@https://registry.npmjs.org/tr46/-/tr46-6.0.0.tgz 0ms (cache hit)
3234 http cache isexe@https://registry.npmjs.org/isexe/-/isexe-2.0.0.tgz 0ms (cache hit)
3235 http cache punycode@https://registry.npmjs.org/punycode/-/punycode-2.3.1.tgz 0ms (cache hit)
3236 http cache assertion-error@https://registry.npmjs.org/assertion-error/-/assertion-error-2.0.1.tgz 0ms (cache hit)
3237 http cache glob-to-regexp@https://registry.npmjs.org/glob-to-regexp/-/glob-to-regexp-0.4.1.tgz 0ms (cache hit)
3238 http cache @types/chai@https://registry.npmjs.org/@types/chai/-/chai-5.2.3.tgz 0ms (cache hit)
3239 http cache @types/deep-eql@https://registry.npmjs.org/@types/deep-eql/-/deep-eql-4.0.2.tgz 0ms (cache hit)
3240 http cache chai@https://registry.npmjs.org/chai/-/chai-6.2.2.tgz 0ms (cache hit)
3241 http cache why-is-node-running@https://registry.npmjs.org/why-is-node-running/-/why-is-node-running-2.3.0.tgz 0ms (cache hit)
3242 http cache estree-walker@https://registry.npmjs.org/estree-walker/-/estree-walker-3.0.3.tgz 0ms (cache hit)
3243 http cache tinyexec@https://registry.npmjs.org/tinyexec/-/tinyexec-1.1.2.tgz 0ms (cache hit)
3244 http cache tinybench@https://registry.npmjs.org/tinybench/-/tinybench-2.9.0.tgz 0ms (cache hit)
3245 http cache std-env@https://registry.npmjs.org/std-env/-/std-env-4.1.0.tgz 0ms (cache hit)
3246 http cache tinyrainbow@https://registry.npmjs.org/tinyrainbow/-/tinyrainbow-3.1.0.tgz 0ms (cache hit)
3247 http cache pathe@https://registry.npmjs.org/pathe/-/pathe-2.0.3.tgz 0ms (cache hit)
3248 http cache @vitest/utils@https://registry.npmjs.org/@vitest/utils/-/utils-4.1.7.tgz 0ms (cache hit)
3249 http cache obug@https://registry.npmjs.org/obug/-/obug-2.1.1.tgz 0ms (cache hit)
3250 http cache @vitest/spy@https://registry.npmjs.org/@vitest/spy/-/spy-4.1.7.tgz 0ms (cache hit)
3251 http cache @vitest/snapshot@https://registry.npmjs.org/@vitest/snapshot/-/snapshot-4.1.7.tgz 0ms (cache hit)
3252 http cache expect-type@https://registry.npmjs.org/expect-type/-/expect-type-1.3.0.tgz 0ms (cache hit)
3253 http cache es-module-lexer@https://registry.npmjs.org/es-module-lexer/-/es-module-lexer-2.1.0.tgz 0ms (cache hit)
3254 http cache @types/estree@https://registry.npmjs.org/@types/estree/-/estree-1.0.8.tgz 0ms (cache hit)
3255 http cache @vitest/expect@https://registry.npmjs.org/@vitest/expect/-/expect-4.1.7.tgz 0ms (cache hit)
3256 http cache @vitest/runner@https://registry.npmjs.org/@vitest/runner/-/runner-4.1.7.tgz 0ms (cache hit)
3257 http cache @vitest/pretty-format@https://registry.npmjs.org/@vitest/pretty-format/-/pretty-format-4.1.7.tgz 0ms (cache hit)
3258 http cache @vitest/mocker@https://registry.npmjs.org/@vitest/mocker/-/mocker-4.1.7.tgz 0ms (cache hit)
3259 http cache escalade@https://registry.npmjs.org/escalade/-/escalade-3.2.0.tgz 0ms (cache hit)
3260 http cache rollup@https://registry.npmjs.org/rollup/-/rollup-4.60.4.tgz 0ms (cache hit)
3261 http cache @rollup/rollup-win32-x64-gnu@https://registry.npmjs.org/@rollup/rollup-win32-x64-gnu/-/rollup-win32-x64-gnu-4.60.4.tgz 0ms (cache hit)
3262 http cache media-typer@https://registry.npmjs.org/media-typer/-/media-typer-1.1.0.tgz 0ms (cache hit)
3263 http cache @rollup/rollup-win32-x64-msvc@https://registry.npmjs.org/@rollup/rollup-win32-x64-msvc/-/rollup-win32-x64-msvc-4.60.4.tgz 0ms (cache hit)
3264 http cache @tufjs/canonical-json@https://registry.npmjs.org/@tufjs/canonical-json/-/canonical-json-2.0.0.tgz 0ms (cache hit)
3265 http cache @tufjs/models@https://registry.npmjs.org/@tufjs/models/-/models-4.1.0.tgz 0ms (cache hit)
3266 http cache fdir@https://registry.npmjs.org/fdir/-/fdir-6.5.0.tgz 0ms (cache hit)
3267 http cache tldts-core@https://registry.npmjs.org/tldts-core/-/tldts-core-7.0.30.tgz 0ms (cache hit)
3268 http cache tldts@https://registry.npmjs.org/tldts/-/tldts-7.0.30.tgz 0ms (cache hit)
3269 http cache spdx-license-ids@https://registry.npmjs.org/spdx-license-ids/-/spdx-license-ids-3.0.23.tgz 0ms (cache hit)
3270 http cache @isaacs/fs-minipass@https://registry.npmjs.org/@isaacs/fs-minipass/-/fs-minipass-4.0.1.tgz 0ms (cache hit)
3271 http cache ansi-regex@https://registry.npmjs.org/ansi-regex/-/ansi-regex-6.2.2.tgz 0ms (cache hit)
3272 http cache spdx-exceptions@https://registry.npmjs.org/spdx-exceptions/-/spdx-exceptions-2.5.0.tgz 0ms (cache hit)
3273 http cache chownr@https://registry.npmjs.org/chownr/-/chownr-3.0.0.tgz 0ms (cache hit)
3274 http cache socks@https://registry.npmjs.org/socks/-/socks-2.8.9.tgz 0ms (cache hit)
3275 http cache smart-buffer@https://registry.npmjs.org/smart-buffer/-/smart-buffer-4.2.0.tgz 0ms (cache hit)
3276 http cache is-fullwidth-code-point@https://registry.npmjs.org/is-fullwidth-code-point/-/is-fullwidth-code-point-5.1.0.tgz 0ms (cache hit)
3277 http cache buffer-from@https://registry.npmjs.org/buffer-from/-/buffer-from-1.1.2.tgz 0ms (cache hit)
3278 http cache tuf-js@https://registry.npmjs.org/tuf-js/-/tuf-js-4.1.0.tgz 0ms (cache hit)
3279 http cache get-east-asian-width@https://registry.npmjs.org/get-east-asian-width/-/get-east-asian-width-1.6.0.tgz 0ms (cache hit)
3280 http cache ansi-styles@https://registry.npmjs.org/ansi-styles/-/ansi-styles-6.2.3.tgz 0ms (cache hit)
3281 http cache @sigstore/tuf@https://registry.npmjs.org/@sigstore/tuf/-/tuf-4.0.2.tgz 0ms (cache hit)
3282 http cache @sigstore/verify@https://registry.npmjs.org/@sigstore/verify/-/verify-3.1.0.tgz 0ms (cache hit)
3283 http cache @sigstore/core@https://registry.npmjs.org/@sigstore/core/-/core-3.2.0.tgz 0ms (cache hit)
3284 http cache @sigstore/protobuf-specs@https://registry.npmjs.org/@sigstore/protobuf-specs/-/protobuf-specs-0.5.1.tgz 0ms (cache hit)
3285 http cache @sigstore/sign@https://registry.npmjs.org/@sigstore/sign/-/sign-4.1.1.tgz 0ms (cache hit)
3286 http cache dunder-proto@https://registry.npmjs.org/dunder-proto/-/dunder-proto-1.0.1.tgz 0ms (cache hit)
3287 http cache @sigstore/bundle@https://registry.npmjs.org/@sigstore/bundle/-/bundle-4.0.0.tgz 0ms (cache hit)
3288 http cache has-symbols@https://registry.npmjs.org/has-symbols/-/has-symbols-1.1.0.tgz 0ms (cache hit)
3289 http cache get-proto@https://registry.npmjs.org/get-proto/-/get-proto-1.0.1.tgz 0ms (cache hit)
3290 http cache math-intrinsics@https://registry.npmjs.org/math-intrinsics/-/math-intrinsics-1.1.0.tgz 0ms (cache hit)
3291 http cache gopd@https://registry.npmjs.org/gopd/-/gopd-1.2.0.tgz 0ms (cache hit)
3292 http cache hasown@https://registry.npmjs.org/hasown/-/hasown-2.0.3.tgz 0ms (cache hit)
3293 http cache es-define-property@https://registry.npmjs.org/es-define-property/-/es-define-property-1.0.1.tgz 0ms (cache hit)
3294 http cache call-bound@https://registry.npmjs.org/call-bound/-/call-bound-1.0.4.tgz 0ms (cache hit)
3295 http cache function-bind@https://registry.npmjs.org/function-bind/-/function-bind-1.1.2.tgz 0ms (cache hit)
3296 http cache side-channel-weakmap@https://registry.npmjs.org/side-channel-weakmap/-/side-channel-weakmap-1.0.2.tgz 0ms (cache hit)
3297 http cache es-object-atoms@https://registry.npmjs.org/es-object-atoms/-/es-object-atoms-1.1.1.tgz 0ms (cache hit)
3298 http cache get-intrinsic@https://registry.npmjs.org/get-intrinsic/-/get-intrinsic-1.3.0.tgz 0ms (cache hit)
3299 http cache side-channel-map@https://registry.npmjs.org/side-channel-map/-/side-channel-map-1.0.1.tgz 0ms (cache hit)
3300 http cache call-bind-apply-helpers@https://registry.npmjs.org/call-bind-apply-helpers/-/call-bind-apply-helpers-1.0.2.tgz 0ms (cache hit)
3301 http cache shebang-regex@https://registry.npmjs.org/shebang-regex/-/shebang-regex-3.0.0.tgz 0ms (cache hit)
3302 http cache es-errors@https://registry.npmjs.org/es-errors/-/es-errors-1.3.0.tgz 0ms (cache hit)
3303 http cache is-extglob@https://registry.npmjs.org/is-extglob/-/is-extglob-2.1.1.tgz 0ms (cache hit)
3304 http cache object-inspect@https://registry.npmjs.org/object-inspect/-/object-inspect-1.13.4.tgz 0ms (cache hit)
3305 http cache xmlchars@https://registry.npmjs.org/xmlchars/-/xmlchars-2.2.0.tgz 0ms (cache hit)
3306 http cache is-glob@https://registry.npmjs.org/is-glob/-/is-glob-4.0.3.tgz 0ms (cache hit)
3307 http cache side-channel-list@https://registry.npmjs.org/side-channel-list/-/side-channel-list-1.0.1.tgz 0ms (cache hit)
3308 http cache path-to-regexp@https://registry.npmjs.org/path-to-regexp/-/path-to-regexp-8.4.2.tgz 0ms (cache hit)
3309 http cache is-promise@https://registry.npmjs.org/is-promise/-/is-promise-4.0.0.tgz 0ms (cache hit)
3310 http cache immutable@https://registry.npmjs.org/immutable/-/immutable-5.1.5.tgz 0ms (cache hit)
3311 http cache @parcel/watcher@https://registry.npmjs.org/@parcel/watcher/-/watcher-2.5.6.tgz 0ms (cache hit)
3312 http cache @parcel/watcher-win32-x64@https://registry.npmjs.org/@parcel/watcher-win32-x64/-/watcher-win32-x64-2.5.6.tgz 0ms (cache hit)
3313 http cache mimic-function@https://registry.npmjs.org/mimic-function/-/mimic-function-5.0.1.tgz 0ms (cache hit)
3314 http cache @rolldown/pluginutils@https://registry.npmjs.org/@rolldown/pluginutils/-/pluginutils-1.0.0-rc.4.tgz 0ms (cache hit)
3315 http cache @rolldown/binding-win32-x64-msvc@https://registry.npmjs.org/@rolldown/binding-win32-x64-msvc/-/binding-win32-x64-msvc-1.0.0-rc.4.tgz 0ms (cache hit)
3316 http cache onetime@https://registry.npmjs.org/onetime/-/onetime-7.0.0.tgz 0ms (cache hit)
3317 http cache side-channel@https://registry.npmjs.org/side-channel/-/side-channel-1.1.0.tgz 0ms (cache hit)
3318 http cache @oxc-project/types@https://registry.npmjs.org/@oxc-project/types/-/types-0.113.0.tgz 0ms (cache hit)
3319 http cache forwarded@https://registry.npmjs.org/forwarded/-/forwarded-0.2.0.tgz 0ms (cache hit)
3320 http cache unpipe@https://registry.npmjs.org/unpipe/-/unpipe-1.0.0.tgz 0ms (cache hit)
3321 http cache ipaddr.js@https://registry.npmjs.org/ipaddr.js/-/ipaddr.js-1.9.1.tgz 0ms (cache hit)
3322 http cache retry@https://registry.npmjs.org/retry/-/retry-0.12.0.tgz 0ms (cache hit)
3323 http cache err-code@https://registry.npmjs.org/err-code/-/err-code-2.0.3.tgz 0ms (cache hit)
3324 http cache nanoid@https://registry.npmjs.org/nanoid/-/nanoid-3.3.12.tgz 0ms (cache hit)
3325 http cache @napi-rs/nice-win32-x64-msvc@https://registry.npmjs.org/@napi-rs/nice-win32-x64-msvc/-/nice-win32-x64-msvc-1.1.1.tgz 0ms (cache hit)
3326 http cache @napi-rs/nice@https://registry.npmjs.org/@napi-rs/nice/-/nice-1.1.1.tgz 0ms (cache hit)
3327 http cache minipass-sized@https://registry.npmjs.org/minipass-sized/-/minipass-sized-2.0.0.tgz 0ms (cache hit)
3328 http cache parse5-sax-parser@https://registry.npmjs.org/parse5-sax-parser/-/parse5-sax-parser-8.0.0.tgz 0ms (cache hit)
3329 http cache @npmcli/agent@https://registry.npmjs.org/@npmcli/agent/-/agent-4.0.0.tgz 0ms (cache hit)
3330 http cache socks-proxy-agent@https://registry.npmjs.org/socks-proxy-agent/-/socks-proxy-agent-8.0.5.tgz 1ms (cache hit)
3331 http cache minipass-fetch@https://registry.npmjs.org/minipass-fetch/-/minipass-fetch-5.0.2.tgz 0ms (cache hit)
3332 http cache http-cache-semantics@https://registry.npmjs.org/http-cache-semantics/-/http-cache-semantics-4.2.0.tgz 0ms (cache hit)
3333 http cache minizlib@https://registry.npmjs.org/minizlib/-/minizlib-3.1.0.tgz 0ms (cache hit)
3334 http cache make-fetch-happen@https://registry.npmjs.org/make-fetch-happen/-/make-fetch-happen-15.0.5.tgz 0ms (cache hit)
3335 http cache @npmcli/redact@https://registry.npmjs.org/@npmcli/redact/-/redact-4.0.0.tgz 0ms (cache hit)
3336 http cache jsonparse@https://registry.npmjs.org/jsonparse/-/jsonparse-1.3.1.tgz 0ms (cache hit)
3337 http cache abbrev@https://registry.npmjs.org/abbrev/-/abbrev-4.0.0.tgz 0ms (cache hit)
3338 http cache ignore-walk@https://registry.npmjs.org/ignore-walk/-/ignore-walk-8.0.0.tgz 0ms (cache hit)
3339 http cache npm-install-checks@https://registry.npmjs.org/npm-install-checks/-/npm-install-checks-8.0.0.tgz 0ms (cache hit)
3340 http cache nopt@https://registry.npmjs.org/nopt/-/nopt-9.0.0.tgz 0ms (cache hit)
3341 http cache graceful-fs@https://registry.npmjs.org/graceful-fs/-/graceful-fs-4.2.11.tgz 0ms (cache hit)
3342 http cache env-paths@https://registry.npmjs.org/env-paths/-/env-paths-2.2.1.tgz 0ms (cache hit)
3343 http cache balanced-match@https://registry.npmjs.org/balanced-match/-/balanced-match-4.0.4.tgz 0ms (cache hit)
3344 http cache exponential-backoff@https://registry.npmjs.org/exponential-backoff/-/exponential-backoff-3.1.3.tgz 0ms (cache hit)
3345 http cache brace-expansion@https://registry.npmjs.org/brace-expansion/-/brace-expansion-5.0.6.tgz 0ms (cache hit)
3346 http cache path-scurry@https://registry.npmjs.org/path-scurry/-/path-scurry-2.0.2.tgz 0ms (cache hit)
3347 http cache minimatch@https://registry.npmjs.org/minimatch/-/minimatch-10.2.5.tgz 0ms (cache hit)
3348 http cache minipass-pipeline@https://registry.npmjs.org/minipass-pipeline/-/minipass-pipeline-1.2.4.tgz 0ms (cache hit)
3349 http cache @npmcli/fs@https://registry.npmjs.org/@npmcli/fs/-/fs-5.0.0.tgz 0ms (cache hit)
3350 http cache minipass-flush@https://registry.npmjs.org/minipass-flush/-/minipass-flush-1.0.7.tgz 0ms (cache hit)
3351 http cache @npmcli/node-gyp@https://registry.npmjs.org/@npmcli/node-gyp/-/node-gyp-5.0.0.tgz 0ms (cache hit)
3352 http cache p-map@https://registry.npmjs.org/p-map/-/p-map-7.0.4.tgz 0ms (cache hit)
3353 http cache node-gyp@https://registry.npmjs.org/node-gyp/-/node-gyp-12.3.0.tgz 0ms (cache hit)
3354 http cache minipass-collect@https://registry.npmjs.org/minipass-collect/-/minipass-collect-2.0.1.tgz 0ms (cache hit)
3355 http cache spdx-expression-parse@https://registry.npmjs.org/spdx-expression-parse/-/spdx-expression-parse-4.0.0.tgz 0ms (cache hit)
3356 http cache json-parse-even-better-errors@https://registry.npmjs.org/json-parse-even-better-errors/-/json-parse-even-better-errors-5.0.0.tgz 0ms (cache hit)
3357 http cache glob@https://registry.npmjs.org/glob/-/glob-13.0.6.tgz 0ms (cache hit)
3358 http cache npm-bundled@https://registry.npmjs.org/npm-bundled/-/npm-bundled-5.0.0.tgz 0ms (cache hit)
3359 http cache tar@https://registry.npmjs.org/tar/-/tar-7.5.15.tgz 0ms (cache hit)
3360 http cache @gar/promise-retry@https://registry.npmjs.org/@gar/promise-retry/-/promise-retry-1.0.3.tgz 0ms (cache hit)
3361 http cache npm-normalize-package-bin@https://registry.npmjs.org/npm-normalize-package-bin/-/npm-normalize-package-bin-5.0.0.tgz 0ms (cache hit)
3362 http cache ssri@https://registry.npmjs.org/ssri/-/ssri-13.0.1.tgz 0ms (cache hit)
3363 http cache promise-retry@https://registry.npmjs.org/promise-retry/-/promise-retry-2.0.1.tgz 0ms (cache hit)
3364 http cache npm-pick-manifest@https://registry.npmjs.org/npm-pick-manifest/-/npm-pick-manifest-11.0.3.tgz 0ms (cache hit)
3365 http cache sigstore@https://registry.npmjs.org/sigstore/-/sigstore-4.1.0.tgz 0ms (cache hit)
3366 http cache npm-registry-fetch@https://registry.npmjs.org/npm-registry-fetch/-/npm-registry-fetch-19.1.1.tgz 0ms (cache hit)
3367 http cache npm-packlist@https://registry.npmjs.org/npm-packlist/-/npm-packlist-10.0.4.tgz 0ms (cache hit)
3368 http cache @npmcli/run-script@https://registry.npmjs.org/@npmcli/run-script/-/run-script-10.0.4.tgz 0ms (cache hit)
3369 http cache fs-minipass@https://registry.npmjs.org/fs-minipass/-/fs-minipass-3.0.3.tgz 0ms (cache hit)
3370 http cache minipass@https://registry.npmjs.org/minipass/-/minipass-7.1.3.tgz 0ms (cache hit)
3371 http cache cacache@https://registry.npmjs.org/cacache/-/cacache-20.0.4.tgz 0ms (cache hit)
3372 http cache @npmcli/promise-spawn@https://registry.npmjs.org/@npmcli/promise-spawn/-/promise-spawn-9.0.1.tgz 0ms (cache hit)
3373 http cache @npmcli/installed-package-contents@https://registry.npmjs.org/@npmcli/installed-package-contents/-/installed-package-contents-4.0.0.tgz 0ms (cache hit)
3374 http cache @npmcli/package-json@https://registry.npmjs.org/@npmcli/package-json/-/package-json-7.0.5.tgz 0ms (cache hit)
3375 http cache @npmcli/git@https://registry.npmjs.org/@npmcli/git/-/git-7.0.2.tgz 0ms (cache hit)
3376 http cache yoctocolors@https://registry.npmjs.org/yoctocolors/-/yoctocolors-2.1.2.tgz 0ms (cache hit)
3377 http cache stdin-discarder@https://registry.npmjs.org/stdin-discarder/-/stdin-discarder-0.3.2.tgz 0ms (cache hit)
3378 http cache log-symbols@https://registry.npmjs.org/log-symbols/-/log-symbols-7.0.1.tgz 0ms (cache hit)
3379 http cache cli-spinners@https://registry.npmjs.org/cli-spinners/-/cli-spinners-3.4.0.tgz 0ms (cache hit)
3380 http cache is-unicode-supported@https://registry.npmjs.org/is-unicode-supported/-/is-unicode-supported-2.1.0.tgz 0ms (cache hit)
3381 http cache is-interactive@https://registry.npmjs.org/is-interactive/-/is-interactive-2.0.0.tgz 0ms (cache hit)
3382 http cache wrappy@https://registry.npmjs.org/wrappy/-/wrappy-1.0.2.tgz 0ms (cache hit)
3383 http cache proc-log@https://registry.npmjs.org/proc-log/-/proc-log-6.1.0.tgz 0ms (cache hit)
3384 http cache validate-npm-package-name@https://registry.npmjs.org/validate-npm-package-name/-/validate-npm-package-name-7.0.2.tgz 0ms (cache hit)
3385 http cache chalk@https://registry.npmjs.org/chalk/-/chalk-5.6.2.tgz 0ms (cache hit)
3386 http cache hosted-git-info@https://registry.npmjs.org/hosted-git-info/-/hosted-git-info-9.0.3.tgz 1ms (cache hit)
3387 http cache es-toolkit@https://registry.npmjs.org/es-toolkit/-/es-toolkit-1.46.1.tgz 0ms (cache hit)
3388 http cache ee-first@https://registry.npmjs.org/ee-first/-/ee-first-1.1.1.tgz 0ms (cache hit)
3389 http cache @msgpackr-extract/msgpackr-extract-win32-x64@https://registry.npmjs.org/@msgpackr-extract/msgpackr-extract-win32-x64/-/msgpackr-extract-win32-x64-3.0.3.tgz 0ms (cache hit)
3390 http cache mime-db@https://registry.npmjs.org/mime-db/-/mime-db-1.54.0.tgz 0ms (cache hit)
3391 http cache restore-cursor@https://registry.npmjs.org/restore-cursor/-/restore-cursor-5.1.0.tgz 0ms (cache hit)
3392 http cache msgpackr-extract@https://registry.npmjs.org/msgpackr-extract/-/msgpackr-extract-3.0.3.tgz 0ms (cache hit)
3393 http cache yallist@https://registry.npmjs.org/yallist/-/yallist-3.1.1.tgz 0ms (cache hit)
3394 http cache detect-libc@https://registry.npmjs.org/detect-libc/-/detect-libc-2.1.2.tgz 0ms (cache hit)
3395 http cache cli-cursor@https://registry.npmjs.org/cli-cursor/-/cli-cursor-5.0.0.tgz 0ms (cache hit)
3396 http cache weak-lru-cache@https://registry.npmjs.org/weak-lru-cache/-/weak-lru-cache-1.2.2.tgz 0ms (cache hit)
3397 http cache strip-ansi@https://registry.npmjs.org/strip-ansi/-/strip-ansi-7.2.0.tgz 0ms (cache hit)
3398 http cache environment@https://registry.npmjs.org/environment/-/environment-1.1.0.tgz 0ms (cache hit)
3399 http cache ansi-escapes@https://registry.npmjs.org/ansi-escapes/-/ansi-escapes-7.3.0.tgz 0ms (cache hit)
3400 http cache ordered-binary@https://registry.npmjs.org/ordered-binary/-/ordered-binary-1.6.1.tgz 0ms (cache hit)
3401 http cache node-gyp-build-optional-packages@https://registry.npmjs.org/node-gyp-build-optional-packages/-/node-gyp-build-optional-packages-5.2.2.tgz 0ms (cache hit)
3402 http cache node-addon-api@https://registry.npmjs.org/node-addon-api/-/node-addon-api-6.1.0.tgz 0ms (cache hit)
3403 http cache @harperfast/extended-iterable@https://registry.npmjs.org/@harperfast/extended-iterable/-/extended-iterable-1.0.3.tgz 0ms (cache hit)
3404 http cache msgpackr@https://registry.npmjs.org/msgpackr/-/msgpackr-1.11.12.tgz 0ms (cache hit)
3405 http cache slice-ansi@https://registry.npmjs.org/slice-ansi/-/slice-ansi-8.0.0.tgz 0ms (cache hit)
3406 http cache log-update@https://registry.npmjs.org/log-update/-/log-update-6.1.0.tgz 0ms (cache hit)
3407 http cache @lmdb/lmdb-win32-x64@https://registry.npmjs.org/@lmdb/lmdb-win32-x64/-/lmdb-win32-x64-3.5.1.tgz 0ms (cache hit)
3408 http cache @csstools/css-color-parser@https://registry.npmjs.org/@csstools/css-color-parser/-/css-color-parser-4.1.1.tgz 0ms (cache hit)
3409 http cache eventemitter3@https://registry.npmjs.org/eventemitter3/-/eventemitter3-5.0.4.tgz 0ms (cache hit)
3410 http cache rfdc@https://registry.npmjs.org/rfdc/-/rfdc-1.4.1.tgz 0ms (cache hit)
3411 http cache @csstools/color-helpers@https://registry.npmjs.org/@csstools/color-helpers/-/color-helpers-6.0.2.tgz 0ms (cache hit)
3412 http cache string-width@https://registry.npmjs.org/string-width/-/string-width-8.2.1.tgz 0ms (cache hit)
3413 http cache colorette@https://registry.npmjs.org/colorette/-/colorette-2.0.20.tgz 0ms (cache hit)
3414 http cache cli-truncate@https://registry.npmjs.org/cli-truncate/-/cli-truncate-5.2.0.tgz 0ms (cache hit)
3415 http cache @asamuzakjp/generational-cache@https://registry.npmjs.org/@asamuzakjp/generational-cache/-/generational-cache-1.0.1.tgz 0ms (cache hit)
3416 http cache @csstools/css-parser-algorithms@https://registry.npmjs.org/@csstools/css-parser-algorithms/-/css-parser-algorithms-4.0.0.tgz 0ms (cache hit)
3417 http cache @csstools/css-tokenizer@https://registry.npmjs.org/@csstools/css-tokenizer/-/css-tokenizer-4.0.0.tgz 0ms (cache hit)
3418 http cache source-map-js@https://registry.npmjs.org/source-map-js/-/source-map-js-1.2.1.tgz 0ms (cache hit)
3419 http cache @csstools/css-calc@https://registry.npmjs.org/@csstools/css-calc/-/css-calc-3.2.1.tgz 0ms (cache hit)
3420 http cache @csstools/css-syntax-patches-for-csstree@https://registry.npmjs.org/@csstools/css-syntax-patches-for-csstree/-/css-syntax-patches-for-csstree-1.1.4.tgz 0ms (cache hit)
3421 http cache css-tree@https://registry.npmjs.org/css-tree/-/css-tree-3.2.1.tgz 0ms (cache hit)
3422 http cache @asamuzakjp/css-color@https://registry.npmjs.org/@asamuzakjp/css-color/-/css-color-5.1.11.tgz 0ms (cache hit)
3423 http cache @asamuzakjp/nwsapi@https://registry.npmjs.org/@asamuzakjp/nwsapi/-/nwsapi-2.3.9.tgz 0ms (cache hit)
3424 http cache mdn-data@https://registry.npmjs.org/mdn-data/-/mdn-data-2.27.1.tgz 0ms (cache hit)
3425 http cache bidi-js@https://registry.npmjs.org/bidi-js/-/bidi-js-1.0.3.tgz 0ms (cache hit)
3426 http cache xml-name-validator@https://registry.npmjs.org/xml-name-validator/-/xml-name-validator-5.0.0.tgz 0ms (cache hit)
3427 http cache whatwg-url@https://registry.npmjs.org/whatwg-url/-/whatwg-url-16.0.1.tgz 0ms (cache hit)
3428 http cache whatwg-mimetype@https://registry.npmjs.org/whatwg-mimetype/-/whatwg-mimetype-5.0.0.tgz 0ms (cache hit)
3429 http cache w3c-xmlserializer@https://registry.npmjs.org/w3c-xmlserializer/-/w3c-xmlserializer-5.0.0.tgz 0ms (cache hit)
3430 http cache symbol-tree@https://registry.npmjs.org/symbol-tree/-/symbol-tree-3.2.4.tgz 0ms (cache hit)
3431 http cache tough-cookie@https://registry.npmjs.org/tough-cookie/-/tough-cookie-6.0.1.tgz 0ms (cache hit)
3432 http cache http-proxy-agent@https://registry.npmjs.org/http-proxy-agent/-/http-proxy-agent-7.0.2.tgz 0ms (cache hit)
3433 http cache saxes@https://registry.npmjs.org/saxes/-/saxes-6.0.0.tgz 0ms (cache hit)
3434 http cache is-potential-custom-element-name@https://registry.npmjs.org/is-potential-custom-element-name/-/is-potential-custom-element-name-1.0.1.tgz 0ms (cache hit)
3435 http cache html-encoding-sniffer@https://registry.npmjs.org/html-encoding-sniffer/-/html-encoding-sniffer-6.0.0.tgz 0ms (cache hit)
3436 http cache decimal.js@https://registry.npmjs.org/decimal.js/-/decimal.js-10.6.0.tgz 0ms (cache hit)
3437 http cache webidl-conversions@https://registry.npmjs.org/webidl-conversions/-/webidl-conversions-8.0.1.tgz 0ms (cache hit)
3438 http cache data-urls@https://registry.npmjs.org/data-urls/-/data-urls-7.0.0.tgz 0ms (cache hit)
3439 http cache @exodus/bytes@https://registry.npmjs.org/@exodus/bytes/-/bytes-1.15.1.tgz 0ms (cache hit)
3440 http cache @asamuzakjp/dom-selector@https://registry.npmjs.org/@asamuzakjp/dom-selector/-/dom-selector-6.8.1.tgz 0ms (cache hit)
3441 http cache cssstyle@https://registry.npmjs.org/cssstyle/-/cssstyle-6.2.0.tgz 0ms (cache hit)
3442 http cache @bramus/specificity@https://registry.npmjs.org/@bramus/specificity/-/specificity-2.4.2.tgz 0ms (cache hit)
3443 http cache istanbul-lib-coverage@https://registry.npmjs.org/istanbul-lib-coverage/-/istanbul-lib-coverage-3.2.2.tgz 0ms (cache hit)
3444 http cache @acemir/cssom@https://registry.npmjs.org/@acemir/cssom/-/cssom-0.9.31.tgz 0ms (cache hit)
3445 http cache agent-base@https://registry.npmjs.org/agent-base/-/agent-base-7.1.4.tgz 0ms (cache hit)
3446 http cache safer-buffer@https://registry.npmjs.org/safer-buffer/-/safer-buffer-2.1.2.tgz 0ms (cache hit)
3447 http cache @istanbuljs/schema@https://registry.npmjs.org/@istanbuljs/schema/-/schema-0.1.6.tgz 0ms (cache hit)
3448 http cache inherits@https://registry.npmjs.org/inherits/-/inherits-2.0.4.tgz 0ms (cache hit)
3449 http cache toidentifier@https://registry.npmjs.org/toidentifier/-/toidentifier-1.0.1.tgz 0ms (cache hit)
3450 http cache setprototypeof@https://registry.npmjs.org/setprototypeof/-/setprototypeof-1.2.0.tgz 0ms (cache hit)
3451 http cache negotiator@https://registry.npmjs.org/negotiator/-/negotiator-1.0.0.tgz 0ms (cache hit)
3452 http cache ip-address@https://registry.npmjs.org/ip-address/-/ip-address-10.2.0.tgz 0ms (cache hit)
3453 http cache type-is@https://registry.npmjs.org/type-is/-/type-is-2.1.0.tgz 0ms (cache hit)
3454 http cache serve-static@https://registry.npmjs.org/serve-static/-/serve-static-2.2.1.tgz 0ms (cache hit)
3455 http cache bytes@https://registry.npmjs.org/bytes/-/bytes-3.1.2.tgz 0ms (cache hit)
3456 http cache statuses@https://registry.npmjs.org/statuses/-/statuses-2.0.2.tgz 0ms (cache hit)
3457 http cache qs@https://registry.npmjs.org/qs/-/qs-6.15.2.tgz 0ms (cache hit)
3458 http cache range-parser@https://registry.npmjs.org/range-parser/-/range-parser-1.2.1.tgz 0ms (cache hit)
3459 http cache send@https://registry.npmjs.org/send/-/send-1.2.1.tgz 0ms (cache hit)
3460 http cache router@https://registry.npmjs.org/router/-/router-2.2.0.tgz 0ms (cache hit)
3461 http cache proxy-addr@https://registry.npmjs.org/proxy-addr/-/proxy-addr-2.0.7.tgz 0ms (cache hit)
3462 http cache merge-descriptors@https://registry.npmjs.org/merge-descriptors/-/merge-descriptors-2.0.0.tgz 0ms (cache hit)
3463 http cache once@https://registry.npmjs.org/once/-/once-1.4.0.tgz 0ms (cache hit)
3464 http cache mime-types@https://registry.npmjs.org/mime-types/-/mime-types-3.0.2.tgz 0ms (cache hit)
3465 http cache parseurl@https://registry.npmjs.org/parseurl/-/parseurl-1.3.3.tgz 0ms (cache hit)
3466 http cache finalhandler@https://registry.npmjs.org/finalhandler/-/finalhandler-2.1.1.tgz 0ms (cache hit)
3467 http cache fresh@https://registry.npmjs.org/fresh/-/fresh-2.0.0.tgz 0ms (cache hit)
3468 http cache http-errors@https://registry.npmjs.org/http-errors/-/http-errors-2.0.1.tgz 0ms (cache hit)
3469 http cache on-finished@https://registry.npmjs.org/on-finished/-/on-finished-2.4.1.tgz 0ms (cache hit)
3470 http cache encodeurl@https://registry.npmjs.org/encodeurl/-/encodeurl-2.0.0.tgz 0ms (cache hit)
3471 http cache depd@https://registry.npmjs.org/depd/-/depd-2.0.0.tgz 0ms (cache hit)
3472 http cache etag@https://registry.npmjs.org/etag/-/etag-1.8.1.tgz 0ms (cache hit)
3473 http cache escape-html@https://registry.npmjs.org/escape-html/-/escape-html-1.0.3.tgz 0ms (cache hit)
3474 http cache cookie@https://registry.npmjs.org/cookie/-/cookie-0.7.2.tgz 0ms (cache hit)
3475 http cache cookie-signature@https://registry.npmjs.org/cookie-signature/-/cookie-signature-1.2.2.tgz 0ms (cache hit)
3476 http cache content-disposition@https://registry.npmjs.org/content-disposition/-/content-disposition-1.1.0.tgz 0ms (cache hit)
3477 http cache entities@https://registry.npmjs.org/entities/-/entities-4.5.0.tgz 0ms (cache hit)
3478 http cache accepts@https://registry.npmjs.org/accepts/-/accepts-2.0.0.tgz 0ms (cache hit)
3479 http cache body-parser@https://registry.npmjs.org/body-parser/-/body-parser-2.2.2.tgz 0ms (cache hit)
3480 http cache domutils@https://registry.npmjs.org/domutils/-/domutils-3.2.2.tgz 0ms (cache hit)
3481 http cache @esbuild/win32-x64@https://registry.npmjs.org/@esbuild/win32-x64/-/win32-x64-0.27.3.tgz 0ms (cache hit)
3482 http cache nth-check@https://registry.npmjs.org/nth-check/-/nth-check-2.1.1.tgz 0ms (cache hit)
3483 http cache domelementtype@https://registry.npmjs.org/domelementtype/-/domelementtype-2.3.0.tgz 0ms (cache hit)
3484 http cache boolbase@https://registry.npmjs.org/boolbase/-/boolbase-1.0.0.tgz 0ms (cache hit)
3485 http cache ms@https://registry.npmjs.org/ms/-/ms-2.1.3.tgz 0ms (cache hit)
3486 http cache shebang-command@https://registry.npmjs.org/shebang-command/-/shebang-command-2.0.0.tgz 0ms (cache hit)
3487 http cache path-key@https://registry.npmjs.org/path-key/-/path-key-3.1.1.tgz 0ms (cache hit)
3488 http cache vary@https://registry.npmjs.org/vary/-/vary-1.1.2.tgz 0ms (cache hit)
3489 http cache which@https://registry.npmjs.org/which/-/which-2.0.2.tgz 0ms (cache hit)
3490 http cache @kurkle/color@https://registry.npmjs.org/@kurkle/color/-/color-0.3.4.tgz 0ms (cache hit)
3491 http cache readdirp@https://registry.npmjs.org/readdirp/-/readdirp-5.0.0.tgz 0ms (cache hit)
3492 http cache update-browserslist-db@https://registry.npmjs.org/update-browserslist-db/-/update-browserslist-db-1.2.3.tgz 0ms (cache hit)
3493 http cache object-assign@https://registry.npmjs.org/object-assign/-/object-assign-4.1.1.tgz 0ms (cache hit)
3494 http cache caniuse-lite@https://registry.npmjs.org/caniuse-lite/-/caniuse-lite-1.0.30001793.tgz 0ms (cache hit)
3495 http cache node-releases@https://registry.npmjs.org/node-releases/-/node-releases-2.0.44.tgz 0ms (cache hit)
3496 http cache electron-to-chromium@https://registry.npmjs.org/electron-to-chromium/-/electron-to-chromium-1.5.360.tgz 0ms (cache hit)
3497 http cache postcss-safe-parser@https://registry.npmjs.org/postcss-safe-parser/-/postcss-safe-parser-7.0.1.tgz 0ms (cache hit)
3498 http cache postcss-media-query-parser@https://registry.npmjs.org/postcss-media-query-parser/-/postcss-media-query-parser-0.2.3.tgz 1ms (cache hit)
3499 http cache postcss@https://registry.npmjs.org/postcss/-/postcss-8.5.15.tgz 0ms (cache hit)
3500 http cache baseline-browser-mapping@https://registry.npmjs.org/baseline-browser-mapping/-/baseline-browser-mapping-2.10.31.tgz 0ms (cache hit)
3501 http cache htmlparser2@https://registry.npmjs.org/htmlparser2/-/htmlparser2-10.1.0.tgz 0ms (cache hit)
3502 http cache @algolia/requester-node-http@https://registry.npmjs.org/@algolia/requester-node-http/-/requester-node-http-5.48.1.tgz 0ms (cache hit)
3503 http cache domhandler@https://registry.npmjs.org/domhandler/-/domhandler-5.0.3.tgz 0ms (cache hit)
3504 http cache dom-serializer@https://registry.npmjs.org/dom-serializer/-/dom-serializer-2.0.0.tgz 0ms (cache hit)
3505 http cache @algolia/requester-fetch@https://registry.npmjs.org/@algolia/requester-fetch/-/requester-fetch-5.48.1.tgz 0ms (cache hit)
3506 http cache css-select@https://registry.npmjs.org/css-select/-/css-select-6.0.0.tgz 0ms (cache hit)
3507 http cache @algolia/recommend@https://registry.npmjs.org/@algolia/recommend/-/recommend-5.48.1.tgz 0ms (cache hit)
3508 http cache @algolia/client-search@https://registry.npmjs.org/@algolia/client-search/-/client-search-5.48.1.tgz 0ms (cache hit)
3509 http cache @algolia/ingestion@https://registry.npmjs.org/@algolia/ingestion/-/ingestion-1.48.1.tgz 0ms (cache hit)
3510 http cache @algolia/requester-browser-xhr@https://registry.npmjs.org/@algolia/requester-browser-xhr/-/requester-browser-xhr-5.48.1.tgz 0ms (cache hit)
3511 http cache css-what@https://registry.npmjs.org/css-what/-/css-what-7.0.0.tgz 0ms (cache hit)
3512 http cache @algolia/monitoring@https://registry.npmjs.org/@algolia/monitoring/-/monitoring-1.48.1.tgz 0ms (cache hit)
3513 http cache @algolia/client-personalization@https://registry.npmjs.org/@algolia/client-personalization/-/client-personalization-5.48.1.tgz 0ms (cache hit)
3514 http cache @algolia/client-analytics@https://registry.npmjs.org/@algolia/client-analytics/-/client-analytics-5.48.1.tgz 0ms (cache hit)
3515 http cache @algolia/client-insights@https://registry.npmjs.org/@algolia/client-insights/-/client-insights-5.48.1.tgz 0ms (cache hit)
3516 http cache require-from-string@https://registry.npmjs.org/require-from-string/-/require-from-string-2.0.2.tgz 0ms (cache hit)
3517 http cache @algolia/client-query-suggestions@https://registry.npmjs.org/@algolia/client-query-suggestions/-/client-query-suggestions-5.48.1.tgz 0ms (cache hit)
3518 http cache @algolia/abtesting@https://registry.npmjs.org/@algolia/abtesting/-/abtesting-1.14.1.tgz 0ms (cache hit)
3519 http cache @algolia/client-abtesting@https://registry.npmjs.org/@algolia/client-abtesting/-/client-abtesting-5.48.1.tgz 0ms (cache hit)
3520 http cache @algolia/client-common@https://registry.npmjs.org/@algolia/client-common/-/client-common-5.48.1.tgz 0ms (cache hit)
3521 http cache fast-uri@https://registry.npmjs.org/fast-uri/-/fast-uri-3.1.2.tgz 0ms (cache hit)
3522 http cache fast-deep-equal@https://registry.npmjs.org/fast-deep-equal/-/fast-deep-equal-3.1.3.tgz 0ms (cache hit)
3523 http cache json-schema-traverse@https://registry.npmjs.org/json-schema-traverse/-/json-schema-traverse-1.0.0.tgz 0ms (cache hit)
3524 http cache raw-body@https://registry.npmjs.org/raw-body/-/raw-body-3.0.2.tgz 0ms (cache hit)
3525 http cache pkce-challenge@https://registry.npmjs.org/pkce-challenge/-/pkce-challenge-5.0.1.tgz 0ms (cache hit)
3526 http cache zod-to-json-schema@https://registry.npmjs.org/zod-to-json-schema/-/zod-to-json-schema-3.25.2.tgz 0ms (cache hit)
3527 http cache json-schema-typed@https://registry.npmjs.org/json-schema-typed/-/json-schema-typed-8.0.2.tgz 0ms (cache hit)
3528 http cache express-rate-limit@https://registry.npmjs.org/express-rate-limit/-/express-rate-limit-8.5.2.tgz 0ms (cache hit)
3529 http cache jose@https://registry.npmjs.org/jose/-/jose-6.2.3.tgz 0ms (cache hit)
3530 http cache eventsource-parser@https://registry.npmjs.org/eventsource-parser/-/eventsource-parser-3.0.8.tgz 0ms (cache hit)
3531 http cache cross-spawn@https://registry.npmjs.org/cross-spawn/-/cross-spawn-7.0.6.tgz 0ms (cache hit)
3532 http cache eventsource@https://registry.npmjs.org/eventsource/-/eventsource-3.0.7.tgz 0ms (cache hit)
3533 http cache express@https://registry.npmjs.org/express/-/express-5.2.1.tgz 0ms (cache hit)
3534 http cache cors@https://registry.npmjs.org/cors/-/cors-2.8.6.tgz 0ms (cache hit)
3535 http cache content-type@https://registry.npmjs.org/content-type/-/content-type-1.0.5.tgz 0ms (cache hit)
3536 http cache @jridgewell/resolve-uri@https://registry.npmjs.org/@jridgewell/resolve-uri/-/resolve-uri-3.1.2.tgz 0ms (cache hit)
3537 http cache chardet@https://registry.npmjs.org/chardet/-/chardet-2.1.1.tgz 0ms (cache hit)
3538 http cache @hono/node-server@https://registry.npmjs.org/@hono/node-server/-/node-server-1.19.14.tgz 0ms (cache hit)
3539 http cache hono@https://registry.npmjs.org/hono/-/hono-4.12.21.tgz 0ms (cache hit)
3540 http cache iconv-lite@https://registry.npmjs.org/iconv-lite/-/iconv-lite-0.7.2.tgz 0ms (cache hit)
3541 http cache @inquirer/external-editor@https://registry.npmjs.org/@inquirer/external-editor/-/external-editor-1.0.3.tgz 0ms (cache hit)
3542 http cache @inquirer/select@https://registry.npmjs.org/@inquirer/select/-/select-4.4.2.tgz 0ms (cache hit)
3543 http cache @inquirer/search@https://registry.npmjs.org/@inquirer/search/-/search-3.2.2.tgz 0ms (cache hit)
3544 http cache @inquirer/password@https://registry.npmjs.org/@inquirer/password/-/password-4.0.23.tgz 0ms (cache hit)
3545 http cache @inquirer/rawlist@https://registry.npmjs.org/@inquirer/rawlist/-/rawlist-4.1.11.tgz 0ms (cache hit)
3546 http cache @inquirer/number@https://registry.npmjs.org/@inquirer/number/-/number-3.0.23.tgz 0ms (cache hit)
3547 http cache @inquirer/input@https://registry.npmjs.org/@inquirer/input/-/input-4.3.1.tgz 0ms (cache hit)
3548 http cache @inquirer/expand@https://registry.npmjs.org/@inquirer/expand/-/expand-4.0.23.tgz 0ms (cache hit)
3549 http cache @inquirer/checkbox@https://registry.npmjs.org/@inquirer/checkbox/-/checkbox-4.3.2.tgz 0ms (cache hit)
3550 http cache @inquirer/editor@https://registry.npmjs.org/@inquirer/editor/-/editor-4.2.23.tgz 0ms (cache hit)
3551 http cache yoctocolors-cjs@https://registry.npmjs.org/yoctocolors-cjs/-/yoctocolors-cjs-2.1.3.tgz 0ms (cache hit)
3552 http cache wrap-ansi@https://registry.npmjs.org/wrap-ansi/-/wrap-ansi-6.2.0.tgz 0ms (cache hit)
3553 http cache signal-exit@https://registry.npmjs.org/signal-exit/-/signal-exit-4.1.0.tgz 0ms (cache hit)
3554 http cache @inquirer/figures@https://registry.npmjs.org/@inquirer/figures/-/figures-1.0.15.tgz 0ms (cache hit)
3555 http cache cli-width@https://registry.npmjs.org/cli-width/-/cli-width-4.1.0.tgz 0ms (cache hit)
3556 http cache mute-stream@https://registry.npmjs.org/mute-stream/-/mute-stream-2.0.0.tgz 0ms (cache hit)
3557 http cache @babel/helper-module-imports@https://registry.npmjs.org/@babel/helper-module-imports/-/helper-module-imports-7.28.6.tgz 0ms (cache hit)
3558 http cache @babel/helper-globals@https://registry.npmjs.org/@babel/helper-globals/-/helper-globals-7.28.0.tgz 0ms (cache hit)
3559 http cache @babel/helper-string-parser@https://registry.npmjs.org/@babel/helper-string-parser/-/helper-string-parser-7.27.1.tgz 0ms (cache hit)
3560 http cache @inquirer/ansi@https://registry.npmjs.org/@inquirer/ansi/-/ansi-1.0.2.tgz 0ms (cache hit)
3561 http cache @inquirer/type@https://registry.npmjs.org/@inquirer/type/-/type-3.0.10.tgz 0ms (cache hit)
3562 http cache @inquirer/core@https://registry.npmjs.org/@inquirer/core/-/core-10.3.2.tgz 0ms (cache hit)
3563 http cache @babel/compat-data@https://registry.npmjs.org/@babel/compat-data/-/compat-data-7.29.3.tgz 0ms (cache hit)
3564 http cache lru-cache@https://registry.npmjs.org/lru-cache/-/lru-cache-5.1.1.tgz 0ms (cache hit)
3565 http cache @babel/helper-validator-option@https://registry.npmjs.org/@babel/helper-validator-option/-/helper-validator-option-7.27.1.tgz 0ms (cache hit)
3566 http cache jsesc@https://registry.npmjs.org/jsesc/-/jsesc-3.1.0.tgz 0ms (cache hit)
3567 http cache @babel/helper-validator-identifier@https://registry.npmjs.org/@babel/helper-validator-identifier/-/helper-validator-identifier-7.28.5.tgz 0ms (cache hit)
3568 http cache js-tokens@https://registry.npmjs.org/js-tokens/-/js-tokens-4.0.0.tgz 0ms (cache hit)
3569 http cache picocolors@https://registry.npmjs.org/picocolors/-/picocolors-1.1.1.tgz 0ms (cache hit)
3570 http cache @jridgewell/remapping@https://registry.npmjs.org/@jridgewell/remapping/-/remapping-2.3.5.tgz 0ms (cache hit)
3571 http cache @babel/traverse@https://registry.npmjs.org/@babel/traverse/-/traverse-7.29.0.tgz 0ms (cache hit)
3572 http cache gensync@https://registry.npmjs.org/gensync/-/gensync-1.0.0-beta.2.tgz 0ms (cache hit)
3573 http cache json5@https://registry.npmjs.org/json5/-/json5-2.2.3.tgz 0ms (cache hit)
3574 http cache debug@https://registry.npmjs.org/debug/-/debug-4.4.3.tgz 0ms (cache hit)
3575 http cache @babel/template@https://registry.npmjs.org/@babel/template/-/template-7.28.6.tgz 0ms (cache hit)
3576 http cache @babel/types@https://registry.npmjs.org/@babel/types/-/types-7.29.0.tgz 1ms (cache hit)
3577 http cache @babel/parser@https://registry.npmjs.org/@babel/parser/-/parser-7.29.3.tgz 0ms (cache hit)
3578 http cache @babel/helpers@https://registry.npmjs.org/@babel/helpers/-/helpers-7.29.2.tgz 0ms (cache hit)
3579 http cache @babel/helper-module-transforms@https://registry.npmjs.org/@babel/helper-module-transforms/-/helper-module-transforms-7.28.6.tgz 0ms (cache hit)
3580 http cache @babel/generator@https://registry.npmjs.org/@babel/generator/-/generator-7.29.1.tgz 0ms (cache hit)
3581 http cache @babel/helper-compilation-targets@https://registry.npmjs.org/@babel/helper-compilation-targets/-/helper-compilation-targets-7.28.6.tgz 0ms (cache hit)
3582 http cache @babel/code-frame@https://registry.npmjs.org/@babel/code-frame/-/code-frame-7.29.0.tgz 0ms (cache hit)
3583 http cache @jridgewell/sourcemap-codec@https://registry.npmjs.org/@jridgewell/sourcemap-codec/-/sourcemap-codec-1.5.5.tgz 0ms (cache hit)
3584 http cache reflect-metadata@https://registry.npmjs.org/reflect-metadata/-/reflect-metadata-0.2.2.tgz 0ms (cache hit)
3585 http cache chokidar@https://registry.npmjs.org/chokidar/-/chokidar-5.0.0.tgz 0ms (cache hit)
3586 http cache @standard-schema/spec@https://registry.npmjs.org/@standard-schema/spec/-/spec-1.1.0.tgz 0ms (cache hit)
3587 http cache ora@https://registry.npmjs.org/ora/-/ora-9.3.0.tgz 0ms (cache hit)
3588 http cache convert-source-map@https://registry.npmjs.org/convert-source-map/-/convert-source-map-1.9.0.tgz 0ms (cache hit)
3589 http cache yargs@https://registry.npmjs.org/yargs/-/yargs-18.0.0.tgz 0ms (cache hit)
3590 http cache zod@https://registry.npmjs.org/zod/-/zod-4.3.6.tgz 1ms (cache hit)
3591 http cache pacote@https://registry.npmjs.org/pacote/-/pacote-21.3.1.tgz 0ms (cache hit)
3592 http cache npm-package-arg@https://registry.npmjs.org/npm-package-arg/-/npm-package-arg-13.0.2.tgz 0ms (cache hit)
3593 http cache @inquirer/prompts@https://registry.npmjs.org/@inquirer/prompts/-/prompts-7.10.1.tgz 0ms (cache hit)
3594 http cache @schematics/angular@https://registry.npmjs.org/@schematics/angular/-/angular-21.2.11.tgz 0ms (cache hit)
3595 http cache ini@https://registry.npmjs.org/ini/-/ini-6.0.0.tgz 0ms (cache hit)
3596 http cache algoliasearch@https://registry.npmjs.org/algoliasearch/-/algoliasearch-5.48.1.tgz 0ms (cache hit)
3597 http cache @modelcontextprotocol/sdk@https://registry.npmjs.org/@modelcontextprotocol/sdk/-/sdk-1.26.0.tgz 0ms (cache hit)
3598 http cache parse5@https://registry.npmjs.org/parse5/-/parse5-8.0.1.tgz 0ms (cache hit)
3599 http cache @listr2/prompt-adapter-inquirer@https://registry.npmjs.org/@listr2/prompt-adapter-inquirer/-/prompt-adapter-inquirer-3.0.5.tgz 0ms (cache hit)
3600 http cache @jridgewell/trace-mapping@https://registry.npmjs.org/@jridgewell/trace-mapping/-/trace-mapping-0.3.31.tgz 0ms (cache hit)
3601 http cache @yarnpkg/lockfile@https://registry.npmjs.org/@yarnpkg/lockfile/-/lockfile-1.1.0.tgz 0ms (cache hit)
3602 http cache @angular-devkit/schematics@https://registry.npmjs.org/@angular-devkit/schematics/-/schematics-21.2.11.tgz 0ms (cache hit)
3603 http cache source-map@https://registry.npmjs.org/source-map/-/source-map-0.7.6.tgz 0ms (cache hit)
3604 http cache watchpack@https://registry.npmjs.org/watchpack/-/watchpack-2.5.1.tgz 0ms (cache hit)
3605 http cache ajv-formats@https://registry.npmjs.org/ajv-formats/-/ajv-formats-3.0.1.tgz 0ms (cache hit)
3606 http cache ajv@https://registry.npmjs.org/ajv/-/ajv-8.18.0.tgz 0ms (cache hit)
3607 http cache @angular-devkit/core@https://registry.npmjs.org/@angular-devkit/core/-/core-21.2.11.tgz 0ms (cache hit)
3608 http cache tinyglobby@https://registry.npmjs.org/tinyglobby/-/tinyglobby-0.2.15.tgz 0ms (cache hit)
3609 http cache @jridgewell/gen-mapping@https://registry.npmjs.org/@jridgewell/gen-mapping/-/gen-mapping-0.3.13.tgz 0ms (cache hit)
3610 http cache source-map-support@https://registry.npmjs.org/source-map-support/-/source-map-support-0.5.21.tgz 0ms (cache hit)
3611 http cache undici@https://registry.npmjs.org/undici/-/undici-7.24.4.tgz 0ms (cache hit)
3612 http cache rolldown@https://registry.npmjs.org/rolldown/-/rolldown-1.0.0-rc.4.tgz 0ms (cache hit)
3613 http cache semver@https://registry.npmjs.org/semver/-/semver-7.7.4.tgz 0ms (cache hit)
3614 http cache sass@https://registry.npmjs.org/sass/-/sass-1.97.3.tgz 0ms (cache hit)
3615 http cache mrmime@https://registry.npmjs.org/mrmime/-/mrmime-2.0.1.tgz 0ms (cache hit)
3616 http cache parse5-html-rewriting-stream@https://registry.npmjs.org/parse5-html-rewriting-stream/-/parse5-html-rewriting-stream-8.0.0.tgz 0ms (cache hit)
3617 http cache magic-string@https://registry.npmjs.org/magic-string/-/magic-string-0.30.21.tgz 0ms (cache hit)
3618 http cache listr2@https://registry.npmjs.org/listr2/-/listr2-9.0.5.tgz 0ms (cache hit)
3619 http cache jsonc-parser@https://registry.npmjs.org/jsonc-parser/-/jsonc-parser-3.3.1.tgz 0ms (cache hit)
3620 http cache picomatch@https://registry.npmjs.org/picomatch/-/picomatch-4.0.4.tgz 0ms (cache hit)
3621 http cache lmdb@https://registry.npmjs.org/lmdb/-/lmdb-3.5.1.tgz 0ms (cache hit)
3622 http cache browserslist@https://registry.npmjs.org/browserslist/-/browserslist-4.28.2.tgz 0ms (cache hit)
3623 http cache istanbul-lib-instrument@https://registry.npmjs.org/istanbul-lib-instrument/-/istanbul-lib-instrument-6.0.3.tgz 0ms (cache hit)
3624 http cache piscina@https://registry.npmjs.org/piscina/-/piscina-5.1.4.tgz 0ms (cache hit)
3625 http cache @vitejs/plugin-basic-ssl@https://registry.npmjs.org/@vitejs/plugin-basic-ssl/-/plugin-basic-ssl-2.1.4.tgz 0ms (cache hit)
3626 http cache @inquirer/confirm@https://registry.npmjs.org/@inquirer/confirm/-/confirm-5.1.21.tgz 0ms (cache hit)
3627 http cache @babel/helper-split-export-declaration@https://registry.npmjs.org/@babel/helper-split-export-declaration/-/helper-split-export-declaration-7.24.7.tgz 0ms (cache hit)
3628 http cache beasties@https://registry.npmjs.org/beasties/-/beasties-0.4.1.tgz 0ms (cache hit)
3629 http cache esbuild@https://registry.npmjs.org/esbuild/-/esbuild-0.27.3.tgz 0ms (cache hit)
3630 http cache https-proxy-agent@https://registry.npmjs.org/https-proxy-agent/-/https-proxy-agent-7.0.6.tgz 0ms (cache hit)
3631 http cache @babel/core@https://registry.npmjs.org/@babel/core/-/core-7.29.0.tgz 1ms (cache hit)
3632 http cache @babel/helper-annotate-as-pure@https://registry.npmjs.org/@babel/helper-annotate-as-pure/-/helper-annotate-as-pure-7.27.3.tgz 0ms (cache hit)
3633 http cache @angular/cdk@https://registry.npmjs.org/@angular/cdk/-/cdk-21.2.11.tgz 0ms (cache hit)
3634 http cache @angular-devkit/architect@https://registry.npmjs.org/@angular-devkit/architect/-/architect-0.2102.11.tgz 0ms (cache hit)
3635 http cache vitest@https://registry.npmjs.org/vitest/-/vitest-4.1.7.tgz 0ms (cache hit)
3636 http cache vite@https://registry.npmjs.org/vite/-/vite-7.3.2.tgz 0ms (cache hit)
3637 http cache @angular/router@https://registry.npmjs.org/@angular/router/-/router-21.2.13.tgz 0ms (cache hit)
3638 http cache @ampproject/remapping@https://registry.npmjs.org/@ampproject/remapping/-/remapping-2.3.0.tgz 0ms (cache hit)
3639 http cache @angular/platform-browser@https://registry.npmjs.org/@angular/platform-browser/-/platform-browser-21.2.13.tgz 0ms (cache hit)
3640 http cache ng2-charts@https://registry.npmjs.org/ng2-charts/-/ng2-charts-10.0.0.tgz 0ms (cache hit)
3641 http cache chart.js@https://registry.npmjs.org/chart.js/-/chart.js-4.5.1.tgz 0ms (cache hit)
3642 http cache rxjs@https://registry.npmjs.org/rxjs/-/rxjs-7.8.2.tgz 0ms (cache hit)
3643 http cache prettier@https://registry.npmjs.org/prettier/-/prettier-3.8.3.tgz 0ms (cache hit)
3644 http cache @angular/core@https://registry.npmjs.org/@angular/core/-/core-21.2.13.tgz 0ms (cache hit)
3645 http cache jsdom@https://registry.npmjs.org/jsdom/-/jsdom-28.1.0.tgz 0ms (cache hit)
3646 http cache @angular/forms@https://registry.npmjs.org/@angular/forms/-/forms-21.2.13.tgz 0ms (cache hit)
3647 http cache @angular/common@https://registry.npmjs.org/@angular/common/-/common-21.2.13.tgz 0ms (cache hit)
3648 http cache @angular/cli@https://registry.npmjs.org/@angular/cli/-/cli-21.2.11.tgz 0ms (cache hit)
3649 http cache @angular/compiler@https://registry.npmjs.org/@angular/compiler/-/compiler-21.2.13.tgz 0ms (cache hit)
3650 http cache tslib@https://registry.npmjs.org/tslib/-/tslib-2.8.1.tgz 0ms (cache hit)
3651 http cache typescript@https://registry.npmjs.org/typescript/-/typescript-5.9.3.tgz 0ms (cache hit)
3652 http cache @angular/build@https://registry.npmjs.org/@angular/build/-/build-21.2.11.tgz 0ms (cache hit)
3653 http cache @angular/compiler-cli@https://registry.npmjs.org/@angular/compiler-cli/-/compiler-cli-21.2.13.tgz 0ms (cache hit)
3654 http cache string-width@https://registry.npmjs.org/string-width/-/string-width-7.2.0.tgz 0ms (cache hit)
3655 http cache lru-cache@https://registry.npmjs.org/lru-cache/-/lru-cache-11.5.0.tgz 0ms (cache hit)
3656 http cache convert-source-map@https://registry.npmjs.org/convert-source-map/-/convert-source-map-2.0.0.tgz 0ms (cache hit)
3657 http cache wrap-ansi@https://registry.npmjs.org/wrap-ansi/-/wrap-ansi-9.0.2.tgz 0ms (cache hit)
3658 http cache node-addon-api@https://registry.npmjs.org/node-addon-api/-/node-addon-api-7.1.1.tgz 0ms (cache hit)
3659 http cache lru-cache@https://registry.npmjs.org/lru-cache/-/lru-cache-11.5.0.tgz 0ms (cache hit)
3660 http cache minipass@https://registry.npmjs.org/minipass/-/minipass-3.3.6.tgz 0ms (cache hit)
3661 http cache yallist@https://registry.npmjs.org/yallist/-/yallist-4.0.0.tgz 0ms (cache hit)
3662 http cache yallist@https://registry.npmjs.org/yallist/-/yallist-4.0.0.tgz 0ms (cache hit)
3663 http cache minipass@https://registry.npmjs.org/minipass/-/minipass-3.3.6.tgz 0ms (cache hit)
3664 http cache which@https://registry.npmjs.org/which/-/which-6.0.1.tgz 0ms (cache hit)
3665 http cache undici@https://registry.npmjs.org/undici/-/undici-6.25.0.tgz 0ms (cache hit)
3666 http cache isexe@https://registry.npmjs.org/isexe/-/isexe-4.0.0.tgz 0ms (cache hit)
3667 http cache yallist@https://registry.npmjs.org/yallist/-/yallist-5.0.0.tgz 0ms (cache hit)
3668 http cache isexe@https://registry.npmjs.org/isexe/-/isexe-4.0.0.tgz 0ms (cache hit)
3669 http cache wrap-ansi@https://registry.npmjs.org/wrap-ansi/-/wrap-ansi-9.0.2.tgz 0ms (cache hit)
3670 http cache lru-cache@https://registry.npmjs.org/lru-cache/-/lru-cache-11.5.0.tgz 0ms (cache hit)
3671 http cache lru-cache@https://registry.npmjs.org/lru-cache/-/lru-cache-11.5.0.tgz 0ms (cache hit)
3672 http cache which@https://registry.npmjs.org/which/-/which-6.0.1.tgz 0ms (cache hit)
3673 http cache isexe@https://registry.npmjs.org/isexe/-/isexe-4.0.0.tgz 0ms (cache hit)
3674 http cache which@https://registry.npmjs.org/which/-/which-6.0.1.tgz 1ms (cache hit)
3675 http cache lru-cache@https://registry.npmjs.org/lru-cache/-/lru-cache-11.5.0.tgz 0ms (cache hit)
3676 http cache slice-ansi@https://registry.npmjs.org/slice-ansi/-/slice-ansi-7.1.2.tgz 0ms (cache hit)
3677 http cache string-width@https://registry.npmjs.org/string-width/-/string-width-7.2.0.tgz 0ms (cache hit)
3678 http cache content-type@https://registry.npmjs.org/content-type/-/content-type-2.0.0.tgz 0ms (cache hit)
3679 http cache ansi-regex@https://registry.npmjs.org/ansi-regex/-/ansi-regex-5.0.1.tgz 0ms (cache hit)
3680 http cache lru-cache@https://registry.npmjs.org/lru-cache/-/lru-cache-11.5.0.tgz 0ms (cache hit)
3681 http cache emoji-regex@https://registry.npmjs.org/emoji-regex/-/emoji-regex-8.0.0.tgz 0ms (cache hit)
3682 http cache is-fullwidth-code-point@https://registry.npmjs.org/is-fullwidth-code-point/-/is-fullwidth-code-point-3.0.0.tgz 0ms (cache hit)
3683 http cache lru-cache@https://registry.npmjs.org/lru-cache/-/lru-cache-11.5.0.tgz 0ms (cache hit)
3684 http cache entities@https://registry.npmjs.org/entities/-/entities-7.0.1.tgz 0ms (cache hit)
3685 http cache string-width@https://registry.npmjs.org/string-width/-/string-width-4.2.3.tgz 0ms (cache hit)
3686 http cache ansi-styles@https://registry.npmjs.org/ansi-styles/-/ansi-styles-4.3.0.tgz 0ms (cache hit)
3687 http cache strip-ansi@https://registry.npmjs.org/strip-ansi/-/strip-ansi-6.0.1.tgz 0ms (cache hit)
3688 http cache string-width@https://registry.npmjs.org/string-width/-/string-width-7.2.0.tgz 0ms (cache hit)
3689 http cache semver@https://registry.npmjs.org/semver/-/semver-6.3.1.tgz 0ms (cache hit)
3690 http cache readdirp@https://registry.npmjs.org/readdirp/-/readdirp-4.1.2.tgz 0ms (cache hit)
3691 http cache chokidar@https://registry.npmjs.org/chokidar/-/chokidar-4.0.3.tgz 0ms (cache hit)
3692 http cache source-map@https://registry.npmjs.org/source-map/-/source-map-0.6.1.tgz 0ms (cache hit)
3693 http cache entities@https://registry.npmjs.org/entities/-/entities-8.0.0.tgz 0ms (cache hit)
3694 silly tarball no local data for emoji-regex@https://registry.npmjs.org/emoji-regex/-/emoji-regex-10.6.0.tgz. Extracting by manifest.
3695 silly tarball no local data for color-name@https://registry.npmjs.org/color-name/-/color-name-1.1.4.tgz. Extracting by manifest.
3696 http cache entities@https://registry.npmjs.org/entities/-/entities-6.0.1.tgz 0ms (cache hit)
3697 http cache string-width@https://registry.npmjs.org/string-width/-/string-width-7.2.0.tgz 0ms (cache hit)
3698 http cache semver@https://registry.npmjs.org/semver/-/semver-6.3.1.tgz 0ms (cache hit)
3699 silly tarball no local data for y18n@https://registry.npmjs.org/y18n/-/y18n-5.0.8.tgz. Extracting by manifest.
3700 silly tarball no local data for color-convert@https://registry.npmjs.org/color-convert/-/color-convert-2.0.1.tgz. Extracting by manifest.
3701 silly tarball no local data for yargs-parser@https://registry.npmjs.org/yargs-parser/-/yargs-parser-22.0.0.tgz. Extracting by manifest.
3702 silly tarball no local data for get-caller-file@https://registry.npmjs.org/get-caller-file/-/get-caller-file-2.0.5.tgz. Extracting by manifest.
3703 silly tarball no local data for stackback@https://registry.npmjs.org/stackback/-/stackback-0.0.2.tgz. Extracting by manifest.
3704 silly tarball no local data for cliui@https://registry.npmjs.org/cliui/-/cliui-9.0.1.tgz. Extracting by manifest.
3705 silly tarball no local data for siginfo@https://registry.npmjs.org/siginfo/-/siginfo-2.0.0.tgz. Extracting by manifest.
3706 silly tarball no local data for tr46@https://registry.npmjs.org/tr46/-/tr46-6.0.0.tgz. Extracting by manifest.
3707 silly tarball no local data for isexe@https://registry.npmjs.org/isexe/-/isexe-2.0.0.tgz. Extracting by manifest.
3708 silly tarball no local data for punycode@https://registry.npmjs.org/punycode/-/punycode-2.3.1.tgz. Extracting by manifest.
3709 silly tarball no local data for assertion-error@https://registry.npmjs.org/assertion-error/-/assertion-error-2.0.1.tgz. Extracting by manifest.
3710 http cache convert-source-map@https://registry.npmjs.org/convert-source-map/-/convert-source-map-2.0.0.tgz 0ms (cache hit)
3711 silly tarball no local data for glob-to-regexp@https://registry.npmjs.org/glob-to-regexp/-/glob-to-regexp-0.4.1.tgz. Extracting by manifest.
3712 silly tarball no local data for @types/chai@https://registry.npmjs.org/@types/chai/-/chai-5.2.3.tgz. Extracting by manifest.
3713 silly tarball no local data for @types/deep-eql@https://registry.npmjs.org/@types/deep-eql/-/deep-eql-4.0.2.tgz. Extracting by manifest.
3714 silly tarball no local data for chai@https://registry.npmjs.org/chai/-/chai-6.2.2.tgz. Extracting by manifest.
3715 silly tarball no local data for why-is-node-running@https://registry.npmjs.org/why-is-node-running/-/why-is-node-running-2.3.0.tgz. Extracting by manifest.
3716 silly tarball no local data for estree-walker@https://registry.npmjs.org/estree-walker/-/estree-walker-3.0.3.tgz. Extracting by manifest.
3717 silly tarball no local data for tinyexec@https://registry.npmjs.org/tinyexec/-/tinyexec-1.1.2.tgz. Extracting by manifest.
3718 silly tarball no local data for tinybench@https://registry.npmjs.org/tinybench/-/tinybench-2.9.0.tgz. Extracting by manifest.
3719 silly tarball no local data for std-env@https://registry.npmjs.org/std-env/-/std-env-4.1.0.tgz. Extracting by manifest.
3720 silly tarball no local data for tinyrainbow@https://registry.npmjs.org/tinyrainbow/-/tinyrainbow-3.1.0.tgz. Extracting by manifest.
3721 silly tarball no local data for pathe@https://registry.npmjs.org/pathe/-/pathe-2.0.3.tgz. Extracting by manifest.
3722 silly tarball no local data for @vitest/utils@https://registry.npmjs.org/@vitest/utils/-/utils-4.1.7.tgz. Extracting by manifest.
3723 silly tarball no local data for obug@https://registry.npmjs.org/obug/-/obug-2.1.1.tgz. Extracting by manifest.
3724 silly tarball no local data for @vitest/spy@https://registry.npmjs.org/@vitest/spy/-/spy-4.1.7.tgz. Extracting by manifest.
3725 silly tarball no local data for @vitest/snapshot@https://registry.npmjs.org/@vitest/snapshot/-/snapshot-4.1.7.tgz. Extracting by manifest.
3726 silly tarball no local data for expect-type@https://registry.npmjs.org/expect-type/-/expect-type-1.3.0.tgz. Extracting by manifest.
3727 http cache wrap-ansi@https://registry.npmjs.org/wrap-ansi/-/wrap-ansi-9.0.2.tgz 0ms (cache hit)
3728 silly tarball no local data for es-module-lexer@https://registry.npmjs.org/es-module-lexer/-/es-module-lexer-2.1.0.tgz. Extracting by manifest.
3729 silly tarball no local data for @types/estree@https://registry.npmjs.org/@types/estree/-/estree-1.0.8.tgz. Extracting by manifest.
3730 silly tarball no local data for @vitest/expect@https://registry.npmjs.org/@vitest/expect/-/expect-4.1.7.tgz. Extracting by manifest.
3731 silly tarball no local data for @vitest/runner@https://registry.npmjs.org/@vitest/runner/-/runner-4.1.7.tgz. Extracting by manifest.
3732 silly tarball no local data for @vitest/pretty-format@https://registry.npmjs.org/@vitest/pretty-format/-/pretty-format-4.1.7.tgz. Extracting by manifest.
3733 silly tarball no local data for @vitest/mocker@https://registry.npmjs.org/@vitest/mocker/-/mocker-4.1.7.tgz. Extracting by manifest.
3734 silly tarball no local data for escalade@https://registry.npmjs.org/escalade/-/escalade-3.2.0.tgz. Extracting by manifest.
3735 silly tarball no local data for rollup@https://registry.npmjs.org/rollup/-/rollup-4.60.4.tgz. Extracting by manifest.
3736 silly tarball no local data for @rollup/rollup-win32-x64-gnu@https://registry.npmjs.org/@rollup/rollup-win32-x64-gnu/-/rollup-win32-x64-gnu-4.60.4.tgz. Extracting by manifest.
3737 silly tarball no local data for media-typer@https://registry.npmjs.org/media-typer/-/media-typer-1.1.0.tgz. Extracting by manifest.
3738 silly tarball no local data for @rollup/rollup-win32-x64-msvc@https://registry.npmjs.org/@rollup/rollup-win32-x64-msvc/-/rollup-win32-x64-msvc-4.60.4.tgz. Extracting by manifest.
3739 silly tarball no local data for @tufjs/canonical-json@https://registry.npmjs.org/@tufjs/canonical-json/-/canonical-json-2.0.0.tgz. Extracting by manifest.
3740 silly tarball no local data for @tufjs/models@https://registry.npmjs.org/@tufjs/models/-/models-4.1.0.tgz. Extracting by manifest.
3741 silly tarball no local data for fdir@https://registry.npmjs.org/fdir/-/fdir-6.5.0.tgz. Extracting by manifest.
3742 silly tarball no local data for tldts-core@https://registry.npmjs.org/tldts-core/-/tldts-core-7.0.30.tgz. Extracting by manifest.
3743 silly tarball no local data for tldts@https://registry.npmjs.org/tldts/-/tldts-7.0.30.tgz. Extracting by manifest.
3744 silly tarball no local data for spdx-license-ids@https://registry.npmjs.org/spdx-license-ids/-/spdx-license-ids-3.0.23.tgz. Extracting by manifest.
3745 silly tarball no local data for @isaacs/fs-minipass@https://registry.npmjs.org/@isaacs/fs-minipass/-/fs-minipass-4.0.1.tgz. Extracting by manifest.
3746 silly tarball no local data for ansi-regex@https://registry.npmjs.org/ansi-regex/-/ansi-regex-6.2.2.tgz. Extracting by manifest.
3747 silly tarball no local data for spdx-exceptions@https://registry.npmjs.org/spdx-exceptions/-/spdx-exceptions-2.5.0.tgz. Extracting by manifest.
3748 silly tarball no local data for chownr@https://registry.npmjs.org/chownr/-/chownr-3.0.0.tgz. Extracting by manifest.
3749 silly tarball no local data for socks@https://registry.npmjs.org/socks/-/socks-2.8.9.tgz. Extracting by manifest.
3750 silly tarball no local data for smart-buffer@https://registry.npmjs.org/smart-buffer/-/smart-buffer-4.2.0.tgz. Extracting by manifest.
3751 silly tarball no local data for is-fullwidth-code-point@https://registry.npmjs.org/is-fullwidth-code-point/-/is-fullwidth-code-point-5.1.0.tgz. Extracting by manifest.
3752 silly tarball no local data for buffer-from@https://registry.npmjs.org/buffer-from/-/buffer-from-1.1.2.tgz. Extracting by manifest.
3753 silly tarball no local data for tuf-js@https://registry.npmjs.org/tuf-js/-/tuf-js-4.1.0.tgz. Extracting by manifest.
3754 silly tarball no local data for get-east-asian-width@https://registry.npmjs.org/get-east-asian-width/-/get-east-asian-width-1.6.0.tgz. Extracting by manifest.
3755 silly tarball no local data for ansi-styles@https://registry.npmjs.org/ansi-styles/-/ansi-styles-6.2.3.tgz. Extracting by manifest.
3756 silly tarball no local data for @sigstore/tuf@https://registry.npmjs.org/@sigstore/tuf/-/tuf-4.0.2.tgz. Extracting by manifest.
3757 silly tarball no local data for @sigstore/verify@https://registry.npmjs.org/@sigstore/verify/-/verify-3.1.0.tgz. Extracting by manifest.
3758 silly tarball no local data for @sigstore/core@https://registry.npmjs.org/@sigstore/core/-/core-3.2.0.tgz. Extracting by manifest.
3759 silly tarball no local data for @sigstore/protobuf-specs@https://registry.npmjs.org/@sigstore/protobuf-specs/-/protobuf-specs-0.5.1.tgz. Extracting by manifest.
3760 silly tarball no local data for @sigstore/sign@https://registry.npmjs.org/@sigstore/sign/-/sign-4.1.1.tgz. Extracting by manifest.
3761 silly tarball no local data for dunder-proto@https://registry.npmjs.org/dunder-proto/-/dunder-proto-1.0.1.tgz. Extracting by manifest.
3762 silly tarball no local data for @sigstore/bundle@https://registry.npmjs.org/@sigstore/bundle/-/bundle-4.0.0.tgz. Extracting by manifest.
3763 silly tarball no local data for has-symbols@https://registry.npmjs.org/has-symbols/-/has-symbols-1.1.0.tgz. Extracting by manifest.
3764 silly tarball no local data for get-proto@https://registry.npmjs.org/get-proto/-/get-proto-1.0.1.tgz. Extracting by manifest.
3765 silly tarball no local data for math-intrinsics@https://registry.npmjs.org/math-intrinsics/-/math-intrinsics-1.1.0.tgz. Extracting by manifest.
3766 silly tarball no local data for gopd@https://registry.npmjs.org/gopd/-/gopd-1.2.0.tgz. Extracting by manifest.
3767 silly tarball no local data for hasown@https://registry.npmjs.org/hasown/-/hasown-2.0.3.tgz. Extracting by manifest.
3768 silly tarball no local data for es-define-property@https://registry.npmjs.org/es-define-property/-/es-define-property-1.0.1.tgz. Extracting by manifest.
3769 silly tarball no local data for call-bound@https://registry.npmjs.org/call-bound/-/call-bound-1.0.4.tgz. Extracting by manifest.
3770 silly tarball no local data for function-bind@https://registry.npmjs.org/function-bind/-/function-bind-1.1.2.tgz. Extracting by manifest.
3771 silly tarball no local data for side-channel-weakmap@https://registry.npmjs.org/side-channel-weakmap/-/side-channel-weakmap-1.0.2.tgz. Extracting by manifest.
3772 silly tarball no local data for es-object-atoms@https://registry.npmjs.org/es-object-atoms/-/es-object-atoms-1.1.1.tgz. Extracting by manifest.
3773 silly tarball no local data for get-intrinsic@https://registry.npmjs.org/get-intrinsic/-/get-intrinsic-1.3.0.tgz. Extracting by manifest.
3774 silly tarball no local data for side-channel-map@https://registry.npmjs.org/side-channel-map/-/side-channel-map-1.0.1.tgz. Extracting by manifest.
3775 silly tarball no local data for call-bind-apply-helpers@https://registry.npmjs.org/call-bind-apply-helpers/-/call-bind-apply-helpers-1.0.2.tgz. Extracting by manifest.
3776 silly tarball no local data for shebang-regex@https://registry.npmjs.org/shebang-regex/-/shebang-regex-3.0.0.tgz. Extracting by manifest.
3777 silly tarball no local data for es-errors@https://registry.npmjs.org/es-errors/-/es-errors-1.3.0.tgz. Extracting by manifest.
3778 silly tarball no local data for is-extglob@https://registry.npmjs.org/is-extglob/-/is-extglob-2.1.1.tgz. Extracting by manifest.
3779 silly tarball no local data for object-inspect@https://registry.npmjs.org/object-inspect/-/object-inspect-1.13.4.tgz. Extracting by manifest.
3780 silly tarball no local data for xmlchars@https://registry.npmjs.org/xmlchars/-/xmlchars-2.2.0.tgz. Extracting by manifest.
3781 silly tarball no local data for is-glob@https://registry.npmjs.org/is-glob/-/is-glob-4.0.3.tgz. Extracting by manifest.
3782 silly tarball no local data for side-channel-list@https://registry.npmjs.org/side-channel-list/-/side-channel-list-1.0.1.tgz. Extracting by manifest.
3783 silly tarball no local data for path-to-regexp@https://registry.npmjs.org/path-to-regexp/-/path-to-regexp-8.4.2.tgz. Extracting by manifest.
3784 silly tarball no local data for is-promise@https://registry.npmjs.org/is-promise/-/is-promise-4.0.0.tgz. Extracting by manifest.
3785 silly tarball no local data for immutable@https://registry.npmjs.org/immutable/-/immutable-5.1.5.tgz. Extracting by manifest.
3786 silly tarball no local data for @parcel/watcher@https://registry.npmjs.org/@parcel/watcher/-/watcher-2.5.6.tgz. Extracting by manifest.
3787 silly tarball no local data for @parcel/watcher-win32-x64@https://registry.npmjs.org/@parcel/watcher-win32-x64/-/watcher-win32-x64-2.5.6.tgz. Extracting by manifest.
3788 silly tarball no local data for mimic-function@https://registry.npmjs.org/mimic-function/-/mimic-function-5.0.1.tgz. Extracting by manifest.
3789 silly tarball no local data for @rolldown/pluginutils@https://registry.npmjs.org/@rolldown/pluginutils/-/pluginutils-1.0.0-rc.4.tgz. Extracting by manifest.
3790 silly tarball no local data for @rolldown/binding-win32-x64-msvc@https://registry.npmjs.org/@rolldown/binding-win32-x64-msvc/-/binding-win32-x64-msvc-1.0.0-rc.4.tgz. Extracting by manifest.
3791 silly tarball no local data for onetime@https://registry.npmjs.org/onetime/-/onetime-7.0.0.tgz. Extracting by manifest.
3792 silly tarball no local data for side-channel@https://registry.npmjs.org/side-channel/-/side-channel-1.1.0.tgz. Extracting by manifest.
3793 silly tarball no local data for @oxc-project/types@https://registry.npmjs.org/@oxc-project/types/-/types-0.113.0.tgz. Extracting by manifest.
3794 silly tarball no local data for forwarded@https://registry.npmjs.org/forwarded/-/forwarded-0.2.0.tgz. Extracting by manifest.
3795 silly tarball no local data for unpipe@https://registry.npmjs.org/unpipe/-/unpipe-1.0.0.tgz. Extracting by manifest.
3796 silly tarball no local data for ipaddr.js@https://registry.npmjs.org/ipaddr.js/-/ipaddr.js-1.9.1.tgz. Extracting by manifest.
3797 silly tarball no local data for retry@https://registry.npmjs.org/retry/-/retry-0.12.0.tgz. Extracting by manifest.
3798 silly tarball no local data for err-code@https://registry.npmjs.org/err-code/-/err-code-2.0.3.tgz. Extracting by manifest.
3799 silly tarball no local data for nanoid@https://registry.npmjs.org/nanoid/-/nanoid-3.3.12.tgz. Extracting by manifest.
3800 silly tarball no local data for @napi-rs/nice-win32-x64-msvc@https://registry.npmjs.org/@napi-rs/nice-win32-x64-msvc/-/nice-win32-x64-msvc-1.1.1.tgz. Extracting by manifest.
3801 silly tarball no local data for @napi-rs/nice@https://registry.npmjs.org/@napi-rs/nice/-/nice-1.1.1.tgz. Extracting by manifest.
3802 silly tarball no local data for minipass-sized@https://registry.npmjs.org/minipass-sized/-/minipass-sized-2.0.0.tgz. Extracting by manifest.
3803 silly tarball no local data for parse5-sax-parser@https://registry.npmjs.org/parse5-sax-parser/-/parse5-sax-parser-8.0.0.tgz. Extracting by manifest.
3804 silly tarball no local data for @npmcli/agent@https://registry.npmjs.org/@npmcli/agent/-/agent-4.0.0.tgz. Extracting by manifest.
3805 silly tarball no local data for socks-proxy-agent@https://registry.npmjs.org/socks-proxy-agent/-/socks-proxy-agent-8.0.5.tgz. Extracting by manifest.
3806 silly tarball no local data for minipass-fetch@https://registry.npmjs.org/minipass-fetch/-/minipass-fetch-5.0.2.tgz. Extracting by manifest.
3807 silly tarball no local data for http-cache-semantics@https://registry.npmjs.org/http-cache-semantics/-/http-cache-semantics-4.2.0.tgz. Extracting by manifest.
3808 silly tarball no local data for minizlib@https://registry.npmjs.org/minizlib/-/minizlib-3.1.0.tgz. Extracting by manifest.
3809 silly tarball no local data for make-fetch-happen@https://registry.npmjs.org/make-fetch-happen/-/make-fetch-happen-15.0.5.tgz. Extracting by manifest.
3810 silly tarball no local data for @npmcli/redact@https://registry.npmjs.org/@npmcli/redact/-/redact-4.0.0.tgz. Extracting by manifest.
3811 silly tarball no local data for jsonparse@https://registry.npmjs.org/jsonparse/-/jsonparse-1.3.1.tgz. Extracting by manifest.
3812 silly tarball no local data for abbrev@https://registry.npmjs.org/abbrev/-/abbrev-4.0.0.tgz. Extracting by manifest.
3813 silly tarball no local data for ignore-walk@https://registry.npmjs.org/ignore-walk/-/ignore-walk-8.0.0.tgz. Extracting by manifest.
3814 silly tarball no local data for npm-install-checks@https://registry.npmjs.org/npm-install-checks/-/npm-install-checks-8.0.0.tgz. Extracting by manifest.
3815 silly tarball no local data for nopt@https://registry.npmjs.org/nopt/-/nopt-9.0.0.tgz. Extracting by manifest.
3816 silly tarball no local data for graceful-fs@https://registry.npmjs.org/graceful-fs/-/graceful-fs-4.2.11.tgz. Extracting by manifest.
3817 silly tarball no local data for env-paths@https://registry.npmjs.org/env-paths/-/env-paths-2.2.1.tgz. Extracting by manifest.
3818 silly tarball no local data for balanced-match@https://registry.npmjs.org/balanced-match/-/balanced-match-4.0.4.tgz. Extracting by manifest.
3819 silly tarball no local data for exponential-backoff@https://registry.npmjs.org/exponential-backoff/-/exponential-backoff-3.1.3.tgz. Extracting by manifest.
3820 silly tarball no local data for brace-expansion@https://registry.npmjs.org/brace-expansion/-/brace-expansion-5.0.6.tgz. Extracting by manifest.
3821 silly tarball no local data for path-scurry@https://registry.npmjs.org/path-scurry/-/path-scurry-2.0.2.tgz. Extracting by manifest.
3822 silly tarball no local data for minimatch@https://registry.npmjs.org/minimatch/-/minimatch-10.2.5.tgz. Extracting by manifest.
3823 silly tarball no local data for minipass-pipeline@https://registry.npmjs.org/minipass-pipeline/-/minipass-pipeline-1.2.4.tgz. Extracting by manifest.
3824 silly tarball no local data for @npmcli/fs@https://registry.npmjs.org/@npmcli/fs/-/fs-5.0.0.tgz. Extracting by manifest.
3825 silly tarball no local data for minipass-flush@https://registry.npmjs.org/minipass-flush/-/minipass-flush-1.0.7.tgz. Extracting by manifest.
3826 silly tarball no local data for @npmcli/node-gyp@https://registry.npmjs.org/@npmcli/node-gyp/-/node-gyp-5.0.0.tgz. Extracting by manifest.
3827 silly tarball no local data for p-map@https://registry.npmjs.org/p-map/-/p-map-7.0.4.tgz. Extracting by manifest.
3828 silly tarball no local data for node-gyp@https://registry.npmjs.org/node-gyp/-/node-gyp-12.3.0.tgz. Extracting by manifest.
3829 silly tarball no local data for minipass-collect@https://registry.npmjs.org/minipass-collect/-/minipass-collect-2.0.1.tgz. Extracting by manifest.
3830 silly tarball no local data for spdx-expression-parse@https://registry.npmjs.org/spdx-expression-parse/-/spdx-expression-parse-4.0.0.tgz. Extracting by manifest.
3831 silly tarball no local data for json-parse-even-better-errors@https://registry.npmjs.org/json-parse-even-better-errors/-/json-parse-even-better-errors-5.0.0.tgz. Extracting by manifest.
3832 silly tarball no local data for glob@https://registry.npmjs.org/glob/-/glob-13.0.6.tgz. Extracting by manifest.
3833 silly tarball no local data for npm-bundled@https://registry.npmjs.org/npm-bundled/-/npm-bundled-5.0.0.tgz. Extracting by manifest.
3834 silly tarball no local data for tar@https://registry.npmjs.org/tar/-/tar-7.5.15.tgz. Extracting by manifest.
3835 silly tarball no local data for @gar/promise-retry@https://registry.npmjs.org/@gar/promise-retry/-/promise-retry-1.0.3.tgz. Extracting by manifest.
3836 silly tarball no local data for npm-normalize-package-bin@https://registry.npmjs.org/npm-normalize-package-bin/-/npm-normalize-package-bin-5.0.0.tgz. Extracting by manifest.
3837 silly tarball no local data for ssri@https://registry.npmjs.org/ssri/-/ssri-13.0.1.tgz. Extracting by manifest.
3838 silly tarball no local data for promise-retry@https://registry.npmjs.org/promise-retry/-/promise-retry-2.0.1.tgz. Extracting by manifest.
3839 silly tarball no local data for npm-pick-manifest@https://registry.npmjs.org/npm-pick-manifest/-/npm-pick-manifest-11.0.3.tgz. Extracting by manifest.
3840 silly tarball no local data for sigstore@https://registry.npmjs.org/sigstore/-/sigstore-4.1.0.tgz. Extracting by manifest.
3841 silly tarball no local data for npm-registry-fetch@https://registry.npmjs.org/npm-registry-fetch/-/npm-registry-fetch-19.1.1.tgz. Extracting by manifest.
3842 silly tarball no local data for npm-packlist@https://registry.npmjs.org/npm-packlist/-/npm-packlist-10.0.4.tgz. Extracting by manifest.
3843 silly tarball no local data for @npmcli/run-script@https://registry.npmjs.org/@npmcli/run-script/-/run-script-10.0.4.tgz. Extracting by manifest.
3844 silly tarball no local data for fs-minipass@https://registry.npmjs.org/fs-minipass/-/fs-minipass-3.0.3.tgz. Extracting by manifest.
3845 silly tarball no local data for minipass@https://registry.npmjs.org/minipass/-/minipass-7.1.3.tgz. Extracting by manifest.
3846 silly tarball no local data for cacache@https://registry.npmjs.org/cacache/-/cacache-20.0.4.tgz. Extracting by manifest.
3847 silly tarball no local data for @npmcli/promise-spawn@https://registry.npmjs.org/@npmcli/promise-spawn/-/promise-spawn-9.0.1.tgz. Extracting by manifest.
3848 silly tarball no local data for @npmcli/installed-package-contents@https://registry.npmjs.org/@npmcli/installed-package-contents/-/installed-package-contents-4.0.0.tgz. Extracting by manifest.
3849 silly tarball no local data for @npmcli/package-json@https://registry.npmjs.org/@npmcli/package-json/-/package-json-7.0.5.tgz. Extracting by manifest.
3850 silly tarball no local data for @npmcli/git@https://registry.npmjs.org/@npmcli/git/-/git-7.0.2.tgz. Extracting by manifest.
3851 silly tarball no local data for yoctocolors@https://registry.npmjs.org/yoctocolors/-/yoctocolors-2.1.2.tgz. Extracting by manifest.
3852 silly tarball no local data for stdin-discarder@https://registry.npmjs.org/stdin-discarder/-/stdin-discarder-0.3.2.tgz. Extracting by manifest.
3853 silly tarball no local data for log-symbols@https://registry.npmjs.org/log-symbols/-/log-symbols-7.0.1.tgz. Extracting by manifest.
3854 silly tarball no local data for cli-spinners@https://registry.npmjs.org/cli-spinners/-/cli-spinners-3.4.0.tgz. Extracting by manifest.
3855 silly tarball no local data for is-unicode-supported@https://registry.npmjs.org/is-unicode-supported/-/is-unicode-supported-2.1.0.tgz. Extracting by manifest.
3856 silly tarball no local data for is-interactive@https://registry.npmjs.org/is-interactive/-/is-interactive-2.0.0.tgz. Extracting by manifest.
3857 silly tarball no local data for wrappy@https://registry.npmjs.org/wrappy/-/wrappy-1.0.2.tgz. Extracting by manifest.
3858 silly tarball no local data for proc-log@https://registry.npmjs.org/proc-log/-/proc-log-6.1.0.tgz. Extracting by manifest.
3859 silly tarball no local data for validate-npm-package-name@https://registry.npmjs.org/validate-npm-package-name/-/validate-npm-package-name-7.0.2.tgz. Extracting by manifest.
3860 silly tarball no local data for chalk@https://registry.npmjs.org/chalk/-/chalk-5.6.2.tgz. Extracting by manifest.
3861 silly tarball no local data for hosted-git-info@https://registry.npmjs.org/hosted-git-info/-/hosted-git-info-9.0.3.tgz. Extracting by manifest.
3862 silly tarball no local data for es-toolkit@https://registry.npmjs.org/es-toolkit/-/es-toolkit-1.46.1.tgz. Extracting by manifest.
3863 silly tarball no local data for ee-first@https://registry.npmjs.org/ee-first/-/ee-first-1.1.1.tgz. Extracting by manifest.
3864 silly tarball no local data for @msgpackr-extract/msgpackr-extract-win32-x64@https://registry.npmjs.org/@msgpackr-extract/msgpackr-extract-win32-x64/-/msgpackr-extract-win32-x64-3.0.3.tgz. Extracting by manifest.
3865 silly tarball no local data for mime-db@https://registry.npmjs.org/mime-db/-/mime-db-1.54.0.tgz. Extracting by manifest.
3866 silly tarball no local data for restore-cursor@https://registry.npmjs.org/restore-cursor/-/restore-cursor-5.1.0.tgz. Extracting by manifest.
3867 silly tarball no local data for msgpackr-extract@https://registry.npmjs.org/msgpackr-extract/-/msgpackr-extract-3.0.3.tgz. Extracting by manifest.
3868 silly tarball no local data for yallist@https://registry.npmjs.org/yallist/-/yallist-3.1.1.tgz. Extracting by manifest.
3869 silly tarball no local data for detect-libc@https://registry.npmjs.org/detect-libc/-/detect-libc-2.1.2.tgz. Extracting by manifest.
3870 silly tarball no local data for cli-cursor@https://registry.npmjs.org/cli-cursor/-/cli-cursor-5.0.0.tgz. Extracting by manifest.
3871 silly tarball no local data for weak-lru-cache@https://registry.npmjs.org/weak-lru-cache/-/weak-lru-cache-1.2.2.tgz. Extracting by manifest.
3872 silly tarball no local data for strip-ansi@https://registry.npmjs.org/strip-ansi/-/strip-ansi-7.2.0.tgz. Extracting by manifest.
3873 silly tarball no local data for environment@https://registry.npmjs.org/environment/-/environment-1.1.0.tgz. Extracting by manifest.
3874 silly tarball no local data for ansi-escapes@https://registry.npmjs.org/ansi-escapes/-/ansi-escapes-7.3.0.tgz. Extracting by manifest.
3875 silly tarball no local data for ordered-binary@https://registry.npmjs.org/ordered-binary/-/ordered-binary-1.6.1.tgz. Extracting by manifest.
3876 silly tarball no local data for node-gyp-build-optional-packages@https://registry.npmjs.org/node-gyp-build-optional-packages/-/node-gyp-build-optional-packages-5.2.2.tgz. Extracting by manifest.
3877 silly tarball no local data for node-addon-api@https://registry.npmjs.org/node-addon-api/-/node-addon-api-6.1.0.tgz. Extracting by manifest.
3878 silly tarball no local data for @harperfast/extended-iterable@https://registry.npmjs.org/@harperfast/extended-iterable/-/extended-iterable-1.0.3.tgz. Extracting by manifest.
3879 silly tarball no local data for msgpackr@https://registry.npmjs.org/msgpackr/-/msgpackr-1.11.12.tgz. Extracting by manifest.
3880 silly tarball no local data for slice-ansi@https://registry.npmjs.org/slice-ansi/-/slice-ansi-8.0.0.tgz. Extracting by manifest.
3881 silly tarball no local data for log-update@https://registry.npmjs.org/log-update/-/log-update-6.1.0.tgz. Extracting by manifest.
3882 silly tarball no local data for @lmdb/lmdb-win32-x64@https://registry.npmjs.org/@lmdb/lmdb-win32-x64/-/lmdb-win32-x64-3.5.1.tgz. Extracting by manifest.
3883 silly tarball no local data for @csstools/css-color-parser@https://registry.npmjs.org/@csstools/css-color-parser/-/css-color-parser-4.1.1.tgz. Extracting by manifest.
3884 silly tarball no local data for eventemitter3@https://registry.npmjs.org/eventemitter3/-/eventemitter3-5.0.4.tgz. Extracting by manifest.
3885 silly tarball no local data for rfdc@https://registry.npmjs.org/rfdc/-/rfdc-1.4.1.tgz. Extracting by manifest.
3886 silly tarball no local data for @csstools/color-helpers@https://registry.npmjs.org/@csstools/color-helpers/-/color-helpers-6.0.2.tgz. Extracting by manifest.
3887 silly tarball no local data for string-width@https://registry.npmjs.org/string-width/-/string-width-8.2.1.tgz. Extracting by manifest.
3888 silly tarball no local data for colorette@https://registry.npmjs.org/colorette/-/colorette-2.0.20.tgz. Extracting by manifest.
3889 silly tarball no local data for cli-truncate@https://registry.npmjs.org/cli-truncate/-/cli-truncate-5.2.0.tgz. Extracting by manifest.
3890 silly tarball no local data for @asamuzakjp/generational-cache@https://registry.npmjs.org/@asamuzakjp/generational-cache/-/generational-cache-1.0.1.tgz. Extracting by manifest.
3891 silly tarball no local data for @csstools/css-parser-algorithms@https://registry.npmjs.org/@csstools/css-parser-algorithms/-/css-parser-algorithms-4.0.0.tgz. Extracting by manifest.
3892 silly tarball no local data for @csstools/css-tokenizer@https://registry.npmjs.org/@csstools/css-tokenizer/-/css-tokenizer-4.0.0.tgz. Extracting by manifest.
3893 silly tarball no local data for source-map-js@https://registry.npmjs.org/source-map-js/-/source-map-js-1.2.1.tgz. Extracting by manifest.
3894 silly tarball no local data for @csstools/css-calc@https://registry.npmjs.org/@csstools/css-calc/-/css-calc-3.2.1.tgz. Extracting by manifest.
3895 silly tarball no local data for @csstools/css-syntax-patches-for-csstree@https://registry.npmjs.org/@csstools/css-syntax-patches-for-csstree/-/css-syntax-patches-for-csstree-1.1.4.tgz. Extracting by manifest.
3896 silly tarball no local data for css-tree@https://registry.npmjs.org/css-tree/-/css-tree-3.2.1.tgz. Extracting by manifest.
3897 silly tarball no local data for @asamuzakjp/css-color@https://registry.npmjs.org/@asamuzakjp/css-color/-/css-color-5.1.11.tgz. Extracting by manifest.
3898 silly tarball no local data for @asamuzakjp/nwsapi@https://registry.npmjs.org/@asamuzakjp/nwsapi/-/nwsapi-2.3.9.tgz. Extracting by manifest.
3899 silly tarball no local data for mdn-data@https://registry.npmjs.org/mdn-data/-/mdn-data-2.27.1.tgz. Extracting by manifest.
3900 silly tarball no local data for bidi-js@https://registry.npmjs.org/bidi-js/-/bidi-js-1.0.3.tgz. Extracting by manifest.
3901 silly tarball no local data for xml-name-validator@https://registry.npmjs.org/xml-name-validator/-/xml-name-validator-5.0.0.tgz. Extracting by manifest.
3902 silly tarball no local data for whatwg-url@https://registry.npmjs.org/whatwg-url/-/whatwg-url-16.0.1.tgz. Extracting by manifest.
3903 silly tarball no local data for whatwg-mimetype@https://registry.npmjs.org/whatwg-mimetype/-/whatwg-mimetype-5.0.0.tgz. Extracting by manifest.
3904 silly tarball no local data for w3c-xmlserializer@https://registry.npmjs.org/w3c-xmlserializer/-/w3c-xmlserializer-5.0.0.tgz. Extracting by manifest.
3905 silly tarball no local data for symbol-tree@https://registry.npmjs.org/symbol-tree/-/symbol-tree-3.2.4.tgz. Extracting by manifest.
3906 silly tarball no local data for tough-cookie@https://registry.npmjs.org/tough-cookie/-/tough-cookie-6.0.1.tgz. Extracting by manifest.
3907 silly tarball no local data for http-proxy-agent@https://registry.npmjs.org/http-proxy-agent/-/http-proxy-agent-7.0.2.tgz. Extracting by manifest.
3908 silly tarball no local data for saxes@https://registry.npmjs.org/saxes/-/saxes-6.0.0.tgz. Extracting by manifest.
3909 silly tarball no local data for is-potential-custom-element-name@https://registry.npmjs.org/is-potential-custom-element-name/-/is-potential-custom-element-name-1.0.1.tgz. Extracting by manifest.
3910 silly tarball no local data for html-encoding-sniffer@https://registry.npmjs.org/html-encoding-sniffer/-/html-encoding-sniffer-6.0.0.tgz. Extracting by manifest.
3911 silly tarball no local data for decimal.js@https://registry.npmjs.org/decimal.js/-/decimal.js-10.6.0.tgz. Extracting by manifest.
3912 silly tarball no local data for webidl-conversions@https://registry.npmjs.org/webidl-conversions/-/webidl-conversions-8.0.1.tgz. Extracting by manifest.
3913 silly tarball no local data for data-urls@https://registry.npmjs.org/data-urls/-/data-urls-7.0.0.tgz. Extracting by manifest.
3914 silly tarball no local data for @exodus/bytes@https://registry.npmjs.org/@exodus/bytes/-/bytes-1.15.1.tgz. Extracting by manifest.
3915 silly tarball no local data for @asamuzakjp/dom-selector@https://registry.npmjs.org/@asamuzakjp/dom-selector/-/dom-selector-6.8.1.tgz. Extracting by manifest.
3916 silly tarball no local data for cssstyle@https://registry.npmjs.org/cssstyle/-/cssstyle-6.2.0.tgz. Extracting by manifest.
3917 silly tarball no local data for @bramus/specificity@https://registry.npmjs.org/@bramus/specificity/-/specificity-2.4.2.tgz. Extracting by manifest.
3918 silly tarball no local data for istanbul-lib-coverage@https://registry.npmjs.org/istanbul-lib-coverage/-/istanbul-lib-coverage-3.2.2.tgz. Extracting by manifest.
3919 silly tarball no local data for @acemir/cssom@https://registry.npmjs.org/@acemir/cssom/-/cssom-0.9.31.tgz. Extracting by manifest.
3920 silly tarball no local data for agent-base@https://registry.npmjs.org/agent-base/-/agent-base-7.1.4.tgz. Extracting by manifest.
3921 silly tarball no local data for safer-buffer@https://registry.npmjs.org/safer-buffer/-/safer-buffer-2.1.2.tgz. Extracting by manifest.
3922 silly tarball no local data for @istanbuljs/schema@https://registry.npmjs.org/@istanbuljs/schema/-/schema-0.1.6.tgz. Extracting by manifest.
3923 silly tarball no local data for inherits@https://registry.npmjs.org/inherits/-/inherits-2.0.4.tgz. Extracting by manifest.
3924 silly tarball no local data for toidentifier@https://registry.npmjs.org/toidentifier/-/toidentifier-1.0.1.tgz. Extracting by manifest.
3925 silly tarball no local data for setprototypeof@https://registry.npmjs.org/setprototypeof/-/setprototypeof-1.2.0.tgz. Extracting by manifest.
3926 silly tarball no local data for negotiator@https://registry.npmjs.org/negotiator/-/negotiator-1.0.0.tgz. Extracting by manifest.
3927 silly tarball no local data for ip-address@https://registry.npmjs.org/ip-address/-/ip-address-10.2.0.tgz. Extracting by manifest.
3928 silly tarball no local data for type-is@https://registry.npmjs.org/type-is/-/type-is-2.1.0.tgz. Extracting by manifest.
3929 silly tarball no local data for serve-static@https://registry.npmjs.org/serve-static/-/serve-static-2.2.1.tgz. Extracting by manifest.
3930 silly tarball no local data for bytes@https://registry.npmjs.org/bytes/-/bytes-3.1.2.tgz. Extracting by manifest.
3931 silly tarball no local data for statuses@https://registry.npmjs.org/statuses/-/statuses-2.0.2.tgz. Extracting by manifest.
3932 silly tarball no local data for qs@https://registry.npmjs.org/qs/-/qs-6.15.2.tgz. Extracting by manifest.
3933 silly tarball no local data for range-parser@https://registry.npmjs.org/range-parser/-/range-parser-1.2.1.tgz. Extracting by manifest.
3934 silly tarball no local data for send@https://registry.npmjs.org/send/-/send-1.2.1.tgz. Extracting by manifest.
3935 silly tarball no local data for router@https://registry.npmjs.org/router/-/router-2.2.0.tgz. Extracting by manifest.
3936 silly tarball no local data for proxy-addr@https://registry.npmjs.org/proxy-addr/-/proxy-addr-2.0.7.tgz. Extracting by manifest.
3937 silly tarball no local data for merge-descriptors@https://registry.npmjs.org/merge-descriptors/-/merge-descriptors-2.0.0.tgz. Extracting by manifest.
3938 silly tarball no local data for once@https://registry.npmjs.org/once/-/once-1.4.0.tgz. Extracting by manifest.
3939 silly tarball no local data for mime-types@https://registry.npmjs.org/mime-types/-/mime-types-3.0.2.tgz. Extracting by manifest.
3940 silly tarball no local data for parseurl@https://registry.npmjs.org/parseurl/-/parseurl-1.3.3.tgz. Extracting by manifest.
3941 silly tarball no local data for finalhandler@https://registry.npmjs.org/finalhandler/-/finalhandler-2.1.1.tgz. Extracting by manifest.
3942 silly tarball no local data for fresh@https://registry.npmjs.org/fresh/-/fresh-2.0.0.tgz. Extracting by manifest.
3943 silly tarball no local data for http-errors@https://registry.npmjs.org/http-errors/-/http-errors-2.0.1.tgz. Extracting by manifest.
3944 silly tarball no local data for on-finished@https://registry.npmjs.org/on-finished/-/on-finished-2.4.1.tgz. Extracting by manifest.
3945 silly tarball no local data for encodeurl@https://registry.npmjs.org/encodeurl/-/encodeurl-2.0.0.tgz. Extracting by manifest.
3946 silly tarball no local data for depd@https://registry.npmjs.org/depd/-/depd-2.0.0.tgz. Extracting by manifest.
3947 silly tarball no local data for etag@https://registry.npmjs.org/etag/-/etag-1.8.1.tgz. Extracting by manifest.
3948 silly tarball no local data for escape-html@https://registry.npmjs.org/escape-html/-/escape-html-1.0.3.tgz. Extracting by manifest.
3949 silly tarball no local data for cookie@https://registry.npmjs.org/cookie/-/cookie-0.7.2.tgz. Extracting by manifest.
3950 silly tarball no local data for cookie-signature@https://registry.npmjs.org/cookie-signature/-/cookie-signature-1.2.2.tgz. Extracting by manifest.
3951 silly tarball no local data for content-disposition@https://registry.npmjs.org/content-disposition/-/content-disposition-1.1.0.tgz. Extracting by manifest.
3952 silly tarball no local data for entities@https://registry.npmjs.org/entities/-/entities-4.5.0.tgz. Extracting by manifest.
3953 silly tarball no local data for accepts@https://registry.npmjs.org/accepts/-/accepts-2.0.0.tgz. Extracting by manifest.
3954 silly tarball no local data for body-parser@https://registry.npmjs.org/body-parser/-/body-parser-2.2.2.tgz. Extracting by manifest.
3955 silly tarball no local data for domutils@https://registry.npmjs.org/domutils/-/domutils-3.2.2.tgz. Extracting by manifest.
3956 silly tarball no local data for @esbuild/win32-x64@https://registry.npmjs.org/@esbuild/win32-x64/-/win32-x64-0.27.3.tgz. Extracting by manifest.
3957 silly tarball no local data for nth-check@https://registry.npmjs.org/nth-check/-/nth-check-2.1.1.tgz. Extracting by manifest.
3958 silly tarball no local data for domelementtype@https://registry.npmjs.org/domelementtype/-/domelementtype-2.3.0.tgz. Extracting by manifest.
3959 silly tarball no local data for boolbase@https://registry.npmjs.org/boolbase/-/boolbase-1.0.0.tgz. Extracting by manifest.
3960 silly tarball no local data for ms@https://registry.npmjs.org/ms/-/ms-2.1.3.tgz. Extracting by manifest.
3961 silly tarball no local data for shebang-command@https://registry.npmjs.org/shebang-command/-/shebang-command-2.0.0.tgz. Extracting by manifest.
3962 silly tarball no local data for path-key@https://registry.npmjs.org/path-key/-/path-key-3.1.1.tgz. Extracting by manifest.
3963 silly tarball no local data for vary@https://registry.npmjs.org/vary/-/vary-1.1.2.tgz. Extracting by manifest.
3964 silly tarball no local data for which@https://registry.npmjs.org/which/-/which-2.0.2.tgz. Extracting by manifest.
3965 silly tarball no local data for @kurkle/color@https://registry.npmjs.org/@kurkle/color/-/color-0.3.4.tgz. Extracting by manifest.
3966 silly tarball no local data for readdirp@https://registry.npmjs.org/readdirp/-/readdirp-5.0.0.tgz. Extracting by manifest.
3967 silly tarball no local data for update-browserslist-db@https://registry.npmjs.org/update-browserslist-db/-/update-browserslist-db-1.2.3.tgz. Extracting by manifest.
3968 silly tarball no local data for object-assign@https://registry.npmjs.org/object-assign/-/object-assign-4.1.1.tgz. Extracting by manifest.
3969 silly tarball no local data for caniuse-lite@https://registry.npmjs.org/caniuse-lite/-/caniuse-lite-1.0.30001793.tgz. Extracting by manifest.
3970 silly tarball no local data for node-releases@https://registry.npmjs.org/node-releases/-/node-releases-2.0.44.tgz. Extracting by manifest.
3971 silly tarball no local data for electron-to-chromium@https://registry.npmjs.org/electron-to-chromium/-/electron-to-chromium-1.5.360.tgz. Extracting by manifest.
3972 silly tarball no local data for postcss-safe-parser@https://registry.npmjs.org/postcss-safe-parser/-/postcss-safe-parser-7.0.1.tgz. Extracting by manifest.
3973 silly tarball no local data for postcss-media-query-parser@https://registry.npmjs.org/postcss-media-query-parser/-/postcss-media-query-parser-0.2.3.tgz. Extracting by manifest.
3974 silly tarball no local data for postcss@https://registry.npmjs.org/postcss/-/postcss-8.5.15.tgz. Extracting by manifest.
3975 silly tarball no local data for baseline-browser-mapping@https://registry.npmjs.org/baseline-browser-mapping/-/baseline-browser-mapping-2.10.31.tgz. Extracting by manifest.
3976 silly tarball no local data for htmlparser2@https://registry.npmjs.org/htmlparser2/-/htmlparser2-10.1.0.tgz. Extracting by manifest.
3977 silly tarball no local data for @algolia/requester-node-http@https://registry.npmjs.org/@algolia/requester-node-http/-/requester-node-http-5.48.1.tgz. Extracting by manifest.
3978 silly tarball no local data for domhandler@https://registry.npmjs.org/domhandler/-/domhandler-5.0.3.tgz. Extracting by manifest.
3979 silly tarball no local data for dom-serializer@https://registry.npmjs.org/dom-serializer/-/dom-serializer-2.0.0.tgz. Extracting by manifest.
3980 silly tarball no local data for @algolia/requester-fetch@https://registry.npmjs.org/@algolia/requester-fetch/-/requester-fetch-5.48.1.tgz. Extracting by manifest.
3981 silly tarball no local data for css-select@https://registry.npmjs.org/css-select/-/css-select-6.0.0.tgz. Extracting by manifest.
3982 silly tarball no local data for @algolia/recommend@https://registry.npmjs.org/@algolia/recommend/-/recommend-5.48.1.tgz. Extracting by manifest.
3983 silly tarball no local data for @algolia/client-search@https://registry.npmjs.org/@algolia/client-search/-/client-search-5.48.1.tgz. Extracting by manifest.
3984 silly tarball no local data for @algolia/ingestion@https://registry.npmjs.org/@algolia/ingestion/-/ingestion-1.48.1.tgz. Extracting by manifest.
3985 silly tarball no local data for @algolia/requester-browser-xhr@https://registry.npmjs.org/@algolia/requester-browser-xhr/-/requester-browser-xhr-5.48.1.tgz. Extracting by manifest.
3986 silly tarball no local data for css-what@https://registry.npmjs.org/css-what/-/css-what-7.0.0.tgz. Extracting by manifest.
3987 silly tarball no local data for @algolia/monitoring@https://registry.npmjs.org/@algolia/monitoring/-/monitoring-1.48.1.tgz. Extracting by manifest.
3988 silly tarball no local data for @algolia/client-personalization@https://registry.npmjs.org/@algolia/client-personalization/-/client-personalization-5.48.1.tgz. Extracting by manifest.
3989 silly tarball no local data for @algolia/client-analytics@https://registry.npmjs.org/@algolia/client-analytics/-/client-analytics-5.48.1.tgz. Extracting by manifest.
3990 silly tarball no local data for @algolia/client-insights@https://registry.npmjs.org/@algolia/client-insights/-/client-insights-5.48.1.tgz. Extracting by manifest.
3991 silly tarball no local data for require-from-string@https://registry.npmjs.org/require-from-string/-/require-from-string-2.0.2.tgz. Extracting by manifest.
3992 silly tarball no local data for @algolia/client-query-suggestions@https://registry.npmjs.org/@algolia/client-query-suggestions/-/client-query-suggestions-5.48.1.tgz. Extracting by manifest.
3993 silly tarball no local data for @algolia/abtesting@https://registry.npmjs.org/@algolia/abtesting/-/abtesting-1.14.1.tgz. Extracting by manifest.
3994 silly tarball no local data for @algolia/client-abtesting@https://registry.npmjs.org/@algolia/client-abtesting/-/client-abtesting-5.48.1.tgz. Extracting by manifest.
3995 silly tarball no local data for @algolia/client-common@https://registry.npmjs.org/@algolia/client-common/-/client-common-5.48.1.tgz. Extracting by manifest.
3996 silly tarball no local data for fast-uri@https://registry.npmjs.org/fast-uri/-/fast-uri-3.1.2.tgz. Extracting by manifest.
3997 silly tarball no local data for fast-deep-equal@https://registry.npmjs.org/fast-deep-equal/-/fast-deep-equal-3.1.3.tgz. Extracting by manifest.
3998 silly tarball no local data for json-schema-traverse@https://registry.npmjs.org/json-schema-traverse/-/json-schema-traverse-1.0.0.tgz. Extracting by manifest.
3999 silly tarball no local data for raw-body@https://registry.npmjs.org/raw-body/-/raw-body-3.0.2.tgz. Extracting by manifest.
4000 silly tarball no local data for pkce-challenge@https://registry.npmjs.org/pkce-challenge/-/pkce-challenge-5.0.1.tgz. Extracting by manifest.
4001 silly tarball no local data for zod-to-json-schema@https://registry.npmjs.org/zod-to-json-schema/-/zod-to-json-schema-3.25.2.tgz. Extracting by manifest.
4002 silly tarball no local data for json-schema-typed@https://registry.npmjs.org/json-schema-typed/-/json-schema-typed-8.0.2.tgz. Extracting by manifest.
4003 silly tarball no local data for express-rate-limit@https://registry.npmjs.org/express-rate-limit/-/express-rate-limit-8.5.2.tgz. Extracting by manifest.
4004 silly tarball no local data for jose@https://registry.npmjs.org/jose/-/jose-6.2.3.tgz. Extracting by manifest.
4005 silly tarball no local data for eventsource-parser@https://registry.npmjs.org/eventsource-parser/-/eventsource-parser-3.0.8.tgz. Extracting by manifest.
4006 silly tarball no local data for cross-spawn@https://registry.npmjs.org/cross-spawn/-/cross-spawn-7.0.6.tgz. Extracting by manifest.
4007 silly tarball no local data for eventsource@https://registry.npmjs.org/eventsource/-/eventsource-3.0.7.tgz. Extracting by manifest.
4008 silly tarball no local data for express@https://registry.npmjs.org/express/-/express-5.2.1.tgz. Extracting by manifest.
4009 silly tarball no local data for cors@https://registry.npmjs.org/cors/-/cors-2.8.6.tgz. Extracting by manifest.
4010 silly tarball no local data for content-type@https://registry.npmjs.org/content-type/-/content-type-1.0.5.tgz. Extracting by manifest.
4011 silly tarball no local data for @jridgewell/resolve-uri@https://registry.npmjs.org/@jridgewell/resolve-uri/-/resolve-uri-3.1.2.tgz. Extracting by manifest.
4012 silly tarball no local data for chardet@https://registry.npmjs.org/chardet/-/chardet-2.1.1.tgz. Extracting by manifest.
4013 silly tarball no local data for @hono/node-server@https://registry.npmjs.org/@hono/node-server/-/node-server-1.19.14.tgz. Extracting by manifest.
4014 silly tarball no local data for hono@https://registry.npmjs.org/hono/-/hono-4.12.21.tgz. Extracting by manifest.
4015 silly tarball no local data for iconv-lite@https://registry.npmjs.org/iconv-lite/-/iconv-lite-0.7.2.tgz. Extracting by manifest.
4016 silly tarball no local data for @inquirer/external-editor@https://registry.npmjs.org/@inquirer/external-editor/-/external-editor-1.0.3.tgz. Extracting by manifest.
4017 silly tarball no local data for @inquirer/select@https://registry.npmjs.org/@inquirer/select/-/select-4.4.2.tgz. Extracting by manifest.
4018 silly tarball no local data for @inquirer/search@https://registry.npmjs.org/@inquirer/search/-/search-3.2.2.tgz. Extracting by manifest.
4019 silly tarball no local data for @inquirer/password@https://registry.npmjs.org/@inquirer/password/-/password-4.0.23.tgz. Extracting by manifest.
4020 silly tarball no local data for @inquirer/rawlist@https://registry.npmjs.org/@inquirer/rawlist/-/rawlist-4.1.11.tgz. Extracting by manifest.
4021 silly tarball no local data for @inquirer/number@https://registry.npmjs.org/@inquirer/number/-/number-3.0.23.tgz. Extracting by manifest.
4022 silly tarball no local data for @inquirer/input@https://registry.npmjs.org/@inquirer/input/-/input-4.3.1.tgz. Extracting by manifest.
4023 silly tarball no local data for @inquirer/expand@https://registry.npmjs.org/@inquirer/expand/-/expand-4.0.23.tgz. Extracting by manifest.
4024 silly tarball no local data for @inquirer/checkbox@https://registry.npmjs.org/@inquirer/checkbox/-/checkbox-4.3.2.tgz. Extracting by manifest.
4025 silly tarball no local data for @inquirer/editor@https://registry.npmjs.org/@inquirer/editor/-/editor-4.2.23.tgz. Extracting by manifest.
4026 silly tarball no local data for yoctocolors-cjs@https://registry.npmjs.org/yoctocolors-cjs/-/yoctocolors-cjs-2.1.3.tgz. Extracting by manifest.
4027 silly tarball no local data for wrap-ansi@https://registry.npmjs.org/wrap-ansi/-/wrap-ansi-6.2.0.tgz. Extracting by manifest.
4028 silly tarball no local data for signal-exit@https://registry.npmjs.org/signal-exit/-/signal-exit-4.1.0.tgz. Extracting by manifest.
4029 silly tarball no local data for @inquirer/figures@https://registry.npmjs.org/@inquirer/figures/-/figures-1.0.15.tgz. Extracting by manifest.
4030 silly tarball no local data for cli-width@https://registry.npmjs.org/cli-width/-/cli-width-4.1.0.tgz. Extracting by manifest.
4031 silly tarball no local data for mute-stream@https://registry.npmjs.org/mute-stream/-/mute-stream-2.0.0.tgz. Extracting by manifest.
4032 silly tarball no local data for @babel/helper-module-imports@https://registry.npmjs.org/@babel/helper-module-imports/-/helper-module-imports-7.28.6.tgz. Extracting by manifest.
4033 silly tarball no local data for @babel/helper-globals@https://registry.npmjs.org/@babel/helper-globals/-/helper-globals-7.28.0.tgz. Extracting by manifest.
4034 silly tarball no local data for @babel/helper-string-parser@https://registry.npmjs.org/@babel/helper-string-parser/-/helper-string-parser-7.27.1.tgz. Extracting by manifest.
4035 silly tarball no local data for @inquirer/ansi@https://registry.npmjs.org/@inquirer/ansi/-/ansi-1.0.2.tgz. Extracting by manifest.
4036 silly tarball no local data for @inquirer/type@https://registry.npmjs.org/@inquirer/type/-/type-3.0.10.tgz. Extracting by manifest.
4037 silly tarball no local data for @inquirer/core@https://registry.npmjs.org/@inquirer/core/-/core-10.3.2.tgz. Extracting by manifest.
4038 silly tarball no local data for @babel/compat-data@https://registry.npmjs.org/@babel/compat-data/-/compat-data-7.29.3.tgz. Extracting by manifest.
4039 silly tarball no local data for lru-cache@https://registry.npmjs.org/lru-cache/-/lru-cache-5.1.1.tgz. Extracting by manifest.
4040 silly tarball no local data for @babel/helper-validator-option@https://registry.npmjs.org/@babel/helper-validator-option/-/helper-validator-option-7.27.1.tgz. Extracting by manifest.
4041 silly tarball no local data for jsesc@https://registry.npmjs.org/jsesc/-/jsesc-3.1.0.tgz. Extracting by manifest.
4042 silly tarball no local data for @babel/helper-validator-identifier@https://registry.npmjs.org/@babel/helper-validator-identifier/-/helper-validator-identifier-7.28.5.tgz. Extracting by manifest.
4043 silly tarball no local data for js-tokens@https://registry.npmjs.org/js-tokens/-/js-tokens-4.0.0.tgz. Extracting by manifest.
4044 silly tarball no local data for picocolors@https://registry.npmjs.org/picocolors/-/picocolors-1.1.1.tgz. Extracting by manifest.
4045 silly tarball no local data for @jridgewell/remapping@https://registry.npmjs.org/@jridgewell/remapping/-/remapping-2.3.5.tgz. Extracting by manifest.
4046 silly tarball no local data for @babel/traverse@https://registry.npmjs.org/@babel/traverse/-/traverse-7.29.0.tgz. Extracting by manifest.
4047 silly tarball no local data for gensync@https://registry.npmjs.org/gensync/-/gensync-1.0.0-beta.2.tgz. Extracting by manifest.
4048 silly tarball no local data for json5@https://registry.npmjs.org/json5/-/json5-2.2.3.tgz. Extracting by manifest.
4049 silly tarball no local data for debug@https://registry.npmjs.org/debug/-/debug-4.4.3.tgz. Extracting by manifest.
4050 silly tarball no local data for @babel/template@https://registry.npmjs.org/@babel/template/-/template-7.28.6.tgz. Extracting by manifest.
4051 silly tarball no local data for @babel/types@https://registry.npmjs.org/@babel/types/-/types-7.29.0.tgz. Extracting by manifest.
4052 silly tarball no local data for @babel/parser@https://registry.npmjs.org/@babel/parser/-/parser-7.29.3.tgz. Extracting by manifest.
4053 silly tarball no local data for @babel/helpers@https://registry.npmjs.org/@babel/helpers/-/helpers-7.29.2.tgz. Extracting by manifest.
4054 silly tarball no local data for @babel/helper-module-transforms@https://registry.npmjs.org/@babel/helper-module-transforms/-/helper-module-transforms-7.28.6.tgz. Extracting by manifest.
4055 silly tarball no local data for @babel/generator@https://registry.npmjs.org/@babel/generator/-/generator-7.29.1.tgz. Extracting by manifest.
4056 silly tarball no local data for @babel/helper-compilation-targets@https://registry.npmjs.org/@babel/helper-compilation-targets/-/helper-compilation-targets-7.28.6.tgz. Extracting by manifest.
4057 silly tarball no local data for @babel/code-frame@https://registry.npmjs.org/@babel/code-frame/-/code-frame-7.29.0.tgz. Extracting by manifest.
4058 silly tarball no local data for @jridgewell/sourcemap-codec@https://registry.npmjs.org/@jridgewell/sourcemap-codec/-/sourcemap-codec-1.5.5.tgz. Extracting by manifest.
4059 silly tarball no local data for reflect-metadata@https://registry.npmjs.org/reflect-metadata/-/reflect-metadata-0.2.2.tgz. Extracting by manifest.
4060 silly tarball no local data for chokidar@https://registry.npmjs.org/chokidar/-/chokidar-5.0.0.tgz. Extracting by manifest.
4061 silly tarball no local data for @standard-schema/spec@https://registry.npmjs.org/@standard-schema/spec/-/spec-1.1.0.tgz. Extracting by manifest.
4062 silly tarball no local data for ora@https://registry.npmjs.org/ora/-/ora-9.3.0.tgz. Extracting by manifest.
4063 silly tarball no local data for convert-source-map@https://registry.npmjs.org/convert-source-map/-/convert-source-map-1.9.0.tgz. Extracting by manifest.
4064 silly tarball no local data for yargs@https://registry.npmjs.org/yargs/-/yargs-18.0.0.tgz. Extracting by manifest.
4065 silly tarball no local data for zod@https://registry.npmjs.org/zod/-/zod-4.3.6.tgz. Extracting by manifest.
4066 silly tarball no local data for pacote@https://registry.npmjs.org/pacote/-/pacote-21.3.1.tgz. Extracting by manifest.
4067 silly tarball no local data for npm-package-arg@https://registry.npmjs.org/npm-package-arg/-/npm-package-arg-13.0.2.tgz. Extracting by manifest.
4068 silly tarball no local data for @inquirer/prompts@https://registry.npmjs.org/@inquirer/prompts/-/prompts-7.10.1.tgz. Extracting by manifest.
4069 silly tarball no local data for @schematics/angular@https://registry.npmjs.org/@schematics/angular/-/angular-21.2.11.tgz. Extracting by manifest.
4070 silly tarball no local data for ini@https://registry.npmjs.org/ini/-/ini-6.0.0.tgz. Extracting by manifest.
4071 silly tarball no local data for algoliasearch@https://registry.npmjs.org/algoliasearch/-/algoliasearch-5.48.1.tgz. Extracting by manifest.
4072 silly tarball no local data for @modelcontextprotocol/sdk@https://registry.npmjs.org/@modelcontextprotocol/sdk/-/sdk-1.26.0.tgz. Extracting by manifest.
4073 silly tarball no local data for parse5@https://registry.npmjs.org/parse5/-/parse5-8.0.1.tgz. Extracting by manifest.
4074 silly tarball no local data for @listr2/prompt-adapter-inquirer@https://registry.npmjs.org/@listr2/prompt-adapter-inquirer/-/prompt-adapter-inquirer-3.0.5.tgz. Extracting by manifest.
4075 silly tarball no local data for @jridgewell/trace-mapping@https://registry.npmjs.org/@jridgewell/trace-mapping/-/trace-mapping-0.3.31.tgz. Extracting by manifest.
4076 silly tarball no local data for @yarnpkg/lockfile@https://registry.npmjs.org/@yarnpkg/lockfile/-/lockfile-1.1.0.tgz. Extracting by manifest.
4077 silly tarball no local data for @angular-devkit/schematics@https://registry.npmjs.org/@angular-devkit/schematics/-/schematics-21.2.11.tgz. Extracting by manifest.
4078 silly tarball no local data for source-map@https://registry.npmjs.org/source-map/-/source-map-0.7.6.tgz. Extracting by manifest.
4079 silly tarball no local data for watchpack@https://registry.npmjs.org/watchpack/-/watchpack-2.5.1.tgz. Extracting by manifest.
4080 silly tarball no local data for ajv-formats@https://registry.npmjs.org/ajv-formats/-/ajv-formats-3.0.1.tgz. Extracting by manifest.
4081 silly tarball no local data for ajv@https://registry.npmjs.org/ajv/-/ajv-8.18.0.tgz. Extracting by manifest.
4082 silly tarball no local data for @angular-devkit/core@https://registry.npmjs.org/@angular-devkit/core/-/core-21.2.11.tgz. Extracting by manifest.
4083 silly tarball no local data for tinyglobby@https://registry.npmjs.org/tinyglobby/-/tinyglobby-0.2.15.tgz. Extracting by manifest.
4084 silly tarball no local data for @jridgewell/gen-mapping@https://registry.npmjs.org/@jridgewell/gen-mapping/-/gen-mapping-0.3.13.tgz. Extracting by manifest.
4085 silly tarball no local data for source-map-support@https://registry.npmjs.org/source-map-support/-/source-map-support-0.5.21.tgz. Extracting by manifest.
4086 silly tarball no local data for undici@https://registry.npmjs.org/undici/-/undici-7.24.4.tgz. Extracting by manifest.
4087 silly tarball no local data for rolldown@https://registry.npmjs.org/rolldown/-/rolldown-1.0.0-rc.4.tgz. Extracting by manifest.
4088 silly tarball no local data for semver@https://registry.npmjs.org/semver/-/semver-7.7.4.tgz. Extracting by manifest.
4089 silly tarball no local data for sass@https://registry.npmjs.org/sass/-/sass-1.97.3.tgz. Extracting by manifest.
4090 silly tarball no local data for mrmime@https://registry.npmjs.org/mrmime/-/mrmime-2.0.1.tgz. Extracting by manifest.
4091 silly tarball no local data for parse5-html-rewriting-stream@https://registry.npmjs.org/parse5-html-rewriting-stream/-/parse5-html-rewriting-stream-8.0.0.tgz. Extracting by manifest.
4092 silly tarball no local data for magic-string@https://registry.npmjs.org/magic-string/-/magic-string-0.30.21.tgz. Extracting by manifest.
4093 silly tarball no local data for listr2@https://registry.npmjs.org/listr2/-/listr2-9.0.5.tgz. Extracting by manifest.
4094 silly tarball no local data for jsonc-parser@https://registry.npmjs.org/jsonc-parser/-/jsonc-parser-3.3.1.tgz. Extracting by manifest.
4095 silly tarball no local data for picomatch@https://registry.npmjs.org/picomatch/-/picomatch-4.0.4.tgz. Extracting by manifest.
4096 silly tarball no local data for lmdb@https://registry.npmjs.org/lmdb/-/lmdb-3.5.1.tgz. Extracting by manifest.
4097 silly tarball no local data for browserslist@https://registry.npmjs.org/browserslist/-/browserslist-4.28.2.tgz. Extracting by manifest.
4098 silly tarball no local data for istanbul-lib-instrument@https://registry.npmjs.org/istanbul-lib-instrument/-/istanbul-lib-instrument-6.0.3.tgz. Extracting by manifest.
4099 silly tarball no local data for piscina@https://registry.npmjs.org/piscina/-/piscina-5.1.4.tgz. Extracting by manifest.
4100 silly tarball no local data for @vitejs/plugin-basic-ssl@https://registry.npmjs.org/@vitejs/plugin-basic-ssl/-/plugin-basic-ssl-2.1.4.tgz. Extracting by manifest.
4101 silly tarball no local data for @inquirer/confirm@https://registry.npmjs.org/@inquirer/confirm/-/confirm-5.1.21.tgz. Extracting by manifest.
4102 silly tarball no local data for @babel/helper-split-export-declaration@https://registry.npmjs.org/@babel/helper-split-export-declaration/-/helper-split-export-declaration-7.24.7.tgz. Extracting by manifest.
4103 silly tarball no local data for beasties@https://registry.npmjs.org/beasties/-/beasties-0.4.1.tgz. Extracting by manifest.
4104 silly tarball no local data for esbuild@https://registry.npmjs.org/esbuild/-/esbuild-0.27.3.tgz. Extracting by manifest.
4105 silly tarball no local data for https-proxy-agent@https://registry.npmjs.org/https-proxy-agent/-/https-proxy-agent-7.0.6.tgz. Extracting by manifest.
4106 silly tarball no local data for @babel/core@https://registry.npmjs.org/@babel/core/-/core-7.29.0.tgz. Extracting by manifest.
4107 silly tarball no local data for @babel/helper-annotate-as-pure@https://registry.npmjs.org/@babel/helper-annotate-as-pure/-/helper-annotate-as-pure-7.27.3.tgz. Extracting by manifest.
4108 silly tarball no local data for @angular/cdk@https://registry.npmjs.org/@angular/cdk/-/cdk-21.2.11.tgz. Extracting by manifest.
4109 silly tarball no local data for @angular-devkit/architect@https://registry.npmjs.org/@angular-devkit/architect/-/architect-0.2102.11.tgz. Extracting by manifest.
4110 silly tarball no local data for vitest@https://registry.npmjs.org/vitest/-/vitest-4.1.7.tgz. Extracting by manifest.
4111 silly tarball no local data for vite@https://registry.npmjs.org/vite/-/vite-7.3.2.tgz. Extracting by manifest.
4112 silly tarball no local data for @angular/router@https://registry.npmjs.org/@angular/router/-/router-21.2.13.tgz. Extracting by manifest.
4113 silly tarball no local data for @ampproject/remapping@https://registry.npmjs.org/@ampproject/remapping/-/remapping-2.3.0.tgz. Extracting by manifest.
4114 silly tarball no local data for @angular/platform-browser@https://registry.npmjs.org/@angular/platform-browser/-/platform-browser-21.2.13.tgz. Extracting by manifest.
4115 silly tarball no local data for ng2-charts@https://registry.npmjs.org/ng2-charts/-/ng2-charts-10.0.0.tgz. Extracting by manifest.
4116 silly tarball no local data for chart.js@https://registry.npmjs.org/chart.js/-/chart.js-4.5.1.tgz. Extracting by manifest.
4117 silly tarball no local data for rxjs@https://registry.npmjs.org/rxjs/-/rxjs-7.8.2.tgz. Extracting by manifest.
4118 silly tarball no local data for prettier@https://registry.npmjs.org/prettier/-/prettier-3.8.3.tgz. Extracting by manifest.
4119 silly tarball no local data for @angular/core@https://registry.npmjs.org/@angular/core/-/core-21.2.13.tgz. Extracting by manifest.
4120 silly tarball no local data for jsdom@https://registry.npmjs.org/jsdom/-/jsdom-28.1.0.tgz. Extracting by manifest.
4121 silly tarball no local data for @angular/forms@https://registry.npmjs.org/@angular/forms/-/forms-21.2.13.tgz. Extracting by manifest.
4122 silly tarball no local data for @angular/common@https://registry.npmjs.org/@angular/common/-/common-21.2.13.tgz. Extracting by manifest.
4123 silly tarball no local data for @angular/cli@https://registry.npmjs.org/@angular/cli/-/cli-21.2.11.tgz. Extracting by manifest.
4124 silly tarball no local data for @angular/compiler@https://registry.npmjs.org/@angular/compiler/-/compiler-21.2.13.tgz. Extracting by manifest.
4125 silly tarball no local data for tslib@https://registry.npmjs.org/tslib/-/tslib-2.8.1.tgz. Extracting by manifest.
4126 silly tarball no local data for typescript@https://registry.npmjs.org/typescript/-/typescript-5.9.3.tgz. Extracting by manifest.
4127 silly tarball no local data for @angular/build@https://registry.npmjs.org/@angular/build/-/build-21.2.11.tgz. Extracting by manifest.
4128 silly tarball no local data for @angular/compiler-cli@https://registry.npmjs.org/@angular/compiler-cli/-/compiler-cli-21.2.13.tgz. Extracting by manifest.
4129 silly tarball no local data for string-width@https://registry.npmjs.org/string-width/-/string-width-7.2.0.tgz. Extracting by manifest.
4130 silly tarball no local data for lru-cache@https://registry.npmjs.org/lru-cache/-/lru-cache-11.5.0.tgz. Extracting by manifest.
4131 silly tarball no local data for convert-source-map@https://registry.npmjs.org/convert-source-map/-/convert-source-map-2.0.0.tgz. Extracting by manifest.
4132 silly tarball no local data for wrap-ansi@https://registry.npmjs.org/wrap-ansi/-/wrap-ansi-9.0.2.tgz. Extracting by manifest.
4133 silly tarball no local data for node-addon-api@https://registry.npmjs.org/node-addon-api/-/node-addon-api-7.1.1.tgz. Extracting by manifest.
4134 silly tarball no local data for lru-cache@https://registry.npmjs.org/lru-cache/-/lru-cache-11.5.0.tgz. Extracting by manifest.
4135 silly tarball no local data for minipass@https://registry.npmjs.org/minipass/-/minipass-3.3.6.tgz. Extracting by manifest.
4136 silly tarball no local data for yallist@https://registry.npmjs.org/yallist/-/yallist-4.0.0.tgz. Extracting by manifest.
4137 silly tarball no local data for yallist@https://registry.npmjs.org/yallist/-/yallist-4.0.0.tgz. Extracting by manifest.
4138 silly tarball no local data for minipass@https://registry.npmjs.org/minipass/-/minipass-3.3.6.tgz. Extracting by manifest.
4139 silly tarball no local data for which@https://registry.npmjs.org/which/-/which-6.0.1.tgz. Extracting by manifest.
4140 silly tarball no local data for undici@https://registry.npmjs.org/undici/-/undici-6.25.0.tgz. Extracting by manifest.
4141 silly tarball no local data for isexe@https://registry.npmjs.org/isexe/-/isexe-4.0.0.tgz. Extracting by manifest.
4142 silly tarball no local data for yallist@https://registry.npmjs.org/yallist/-/yallist-5.0.0.tgz. Extracting by manifest.
4143 silly tarball no local data for isexe@https://registry.npmjs.org/isexe/-/isexe-4.0.0.tgz. Extracting by manifest.
4144 silly tarball no local data for wrap-ansi@https://registry.npmjs.org/wrap-ansi/-/wrap-ansi-9.0.2.tgz. Extracting by manifest.
4145 silly tarball no local data for lru-cache@https://registry.npmjs.org/lru-cache/-/lru-cache-11.5.0.tgz. Extracting by manifest.
4146 silly tarball no local data for lru-cache@https://registry.npmjs.org/lru-cache/-/lru-cache-11.5.0.tgz. Extracting by manifest.
4147 silly tarball no local data for which@https://registry.npmjs.org/which/-/which-6.0.1.tgz. Extracting by manifest.
4148 silly tarball no local data for isexe@https://registry.npmjs.org/isexe/-/isexe-4.0.0.tgz. Extracting by manifest.
4149 silly tarball no local data for which@https://registry.npmjs.org/which/-/which-6.0.1.tgz. Extracting by manifest.
4150 silly tarball no local data for lru-cache@https://registry.npmjs.org/lru-cache/-/lru-cache-11.5.0.tgz. Extracting by manifest.
4151 silly tarball no local data for slice-ansi@https://registry.npmjs.org/slice-ansi/-/slice-ansi-7.1.2.tgz. Extracting by manifest.
4152 silly tarball no local data for string-width@https://registry.npmjs.org/string-width/-/string-width-7.2.0.tgz. Extracting by manifest.
4153 silly tarball no local data for content-type@https://registry.npmjs.org/content-type/-/content-type-2.0.0.tgz. Extracting by manifest.
4154 silly tarball no local data for ansi-regex@https://registry.npmjs.org/ansi-regex/-/ansi-regex-5.0.1.tgz. Extracting by manifest.
4155 silly tarball no local data for lru-cache@https://registry.npmjs.org/lru-cache/-/lru-cache-11.5.0.tgz. Extracting by manifest.
4156 silly tarball no local data for emoji-regex@https://registry.npmjs.org/emoji-regex/-/emoji-regex-8.0.0.tgz. Extracting by manifest.
4157 silly tarball no local data for is-fullwidth-code-point@https://registry.npmjs.org/is-fullwidth-code-point/-/is-fullwidth-code-point-3.0.0.tgz. Extracting by manifest.
4158 silly tarball no local data for lru-cache@https://registry.npmjs.org/lru-cache/-/lru-cache-11.5.0.tgz. Extracting by manifest.
4159 silly tarball no local data for entities@https://registry.npmjs.org/entities/-/entities-7.0.1.tgz. Extracting by manifest.
4160 silly tarball no local data for string-width@https://registry.npmjs.org/string-width/-/string-width-4.2.3.tgz. Extracting by manifest.
4161 silly tarball no local data for ansi-styles@https://registry.npmjs.org/ansi-styles/-/ansi-styles-4.3.0.tgz. Extracting by manifest.
4162 silly tarball no local data for strip-ansi@https://registry.npmjs.org/strip-ansi/-/strip-ansi-6.0.1.tgz. Extracting by manifest.
4163 silly tarball no local data for string-width@https://registry.npmjs.org/string-width/-/string-width-7.2.0.tgz. Extracting by manifest.
4164 silly tarball no local data for semver@https://registry.npmjs.org/semver/-/semver-6.3.1.tgz. Extracting by manifest.
4165 silly tarball no local data for readdirp@https://registry.npmjs.org/readdirp/-/readdirp-4.1.2.tgz. Extracting by manifest.
4166 silly tarball no local data for chokidar@https://registry.npmjs.org/chokidar/-/chokidar-4.0.3.tgz. Extracting by manifest.
4167 silly tarball no local data for source-map@https://registry.npmjs.org/source-map/-/source-map-0.6.1.tgz. Extracting by manifest.
4168 silly tarball no local data for entities@https://registry.npmjs.org/entities/-/entities-8.0.0.tgz. Extracting by manifest.
4169 silly tarball no local data for entities@https://registry.npmjs.org/entities/-/entities-6.0.1.tgz. Extracting by manifest.
4170 silly tarball no local data for string-width@https://registry.npmjs.org/string-width/-/string-width-7.2.0.tgz. Extracting by manifest.
4171 silly tarball no local data for semver@https://registry.npmjs.org/semver/-/semver-6.3.1.tgz. Extracting by manifest.
4172 silly tarball no local data for convert-source-map@https://registry.npmjs.org/convert-source-map/-/convert-source-map-2.0.0.tgz. Extracting by manifest.
4173 silly tarball no local data for wrap-ansi@https://registry.npmjs.org/wrap-ansi/-/wrap-ansi-9.0.2.tgz. Extracting by manifest.
4174 http fetch POST 200 https://registry.npmjs.org/-/npm/v1/security/advisories/bulk 1399ms
4175 silly audit report {}
4176 http fetch GET 200 https://registry.npmjs.org/color-convert/-/color-convert-2.0.1.tgz 1034ms (cache miss)
4177 http fetch GET 200 https://registry.npmjs.org/color-name/-/color-name-1.1.4.tgz 1039ms (cache miss)
4178 http fetch GET 200 https://registry.npmjs.org/@types/deep-eql/-/deep-eql-4.0.2.tgz 1021ms (cache miss)
4179 http fetch GET 200 https://registry.npmjs.org/get-caller-file/-/get-caller-file-2.0.5.tgz 1036ms (cache miss)
4180 http fetch GET 200 https://registry.npmjs.org/emoji-regex/-/emoji-regex-10.6.0.tgz 1045ms (cache miss)
4181 http fetch GET 200 https://registry.npmjs.org/isexe/-/isexe-2.0.0.tgz 1031ms (cache miss)
4182 http fetch GET 200 https://registry.npmjs.org/y18n/-/y18n-5.0.8.tgz 1063ms (cache miss)
4183 http fetch GET 200 https://registry.npmjs.org/yargs-parser/-/yargs-parser-22.0.0.tgz 1091ms (cache miss)
4184 http fetch GET 200 https://registry.npmjs.org/why-is-node-running/-/why-is-node-running-2.3.0.tgz 1095ms (cache miss)
4185 http fetch GET 200 https://registry.npmjs.org/tinyrainbow/-/tinyrainbow-3.1.0.tgz 1113ms (cache miss)
4186 http fetch GET 200 https://registry.npmjs.org/estree-walker/-/estree-walker-3.0.3.tgz 1119ms (cache miss)
4187 http fetch GET 200 https://registry.npmjs.org/std-env/-/std-env-4.1.0.tgz 1175ms (cache miss)
4188 http fetch GET 200 https://registry.npmjs.org/tinyexec/-/tinyexec-1.1.2.tgz 1182ms (cache miss)
4189 http fetch GET 200 https://registry.npmjs.org/tinybench/-/tinybench-2.9.0.tgz 1184ms (cache miss)
4190 http fetch GET 200 https://registry.npmjs.org/pathe/-/pathe-2.0.3.tgz 1218ms (cache miss)
4191 http fetch GET 200 https://registry.npmjs.org/siginfo/-/siginfo-2.0.0.tgz 1246ms (cache miss)
4192 http fetch GET 200 https://registry.npmjs.org/obug/-/obug-2.1.1.tgz 1249ms (cache miss)
4193 http fetch GET 200 https://registry.npmjs.org/assertion-error/-/assertion-error-2.0.1.tgz 1275ms (cache miss)
4194 http fetch GET 200 https://registry.npmjs.org/glob-to-regexp/-/glob-to-regexp-0.4.1.tgz 1281ms (cache miss)
4195 http fetch GET 200 https://registry.npmjs.org/punycode/-/punycode-2.3.1.tgz 1301ms (cache miss)
4196 http fetch GET 200 https://registry.npmjs.org/cliui/-/cliui-9.0.1.tgz 1362ms (cache miss)
4197 http fetch GET 200 https://registry.npmjs.org/stackback/-/stackback-0.0.2.tgz 1370ms (cache miss)
4198 http fetch GET 200 https://registry.npmjs.org/@vitest/spy/-/spy-4.1.7.tgz 1384ms (cache miss)
4199 http fetch GET 200 https://registry.npmjs.org/@types/chai/-/chai-5.2.3.tgz 1411ms (cache miss)
4200 http fetch GET 200 https://registry.npmjs.org/@types/estree/-/estree-1.0.8.tgz 1486ms (cache miss)
4201 http fetch GET 200 https://registry.npmjs.org/es-module-lexer/-/es-module-lexer-2.1.0.tgz 1517ms (cache miss)
4202 http fetch GET 200 https://registry.npmjs.org/tr46/-/tr46-6.0.0.tgz 1590ms (cache miss)
4203 http fetch GET 200 https://registry.npmjs.org/@vitest/pretty-format/-/pretty-format-4.1.7.tgz 1578ms (cache miss)
4204 http fetch GET 200 https://registry.npmjs.org/chai/-/chai-6.2.2.tgz 1599ms (cache miss)
4205 http fetch GET 200 https://registry.npmjs.org/@vitest/snapshot/-/snapshot-4.1.7.tgz 1597ms (cache miss)
4206 http fetch GET 200 https://registry.npmjs.org/expect-type/-/expect-type-1.3.0.tgz 1598ms (cache miss)
4207 http fetch GET 200 https://registry.npmjs.org/escalade/-/escalade-3.2.0.tgz 1621ms (cache miss)
4208 http fetch GET 200 https://registry.npmjs.org/@vitest/runner/-/runner-4.1.7.tgz 1643ms (cache miss)
4209 http fetch GET 200 https://registry.npmjs.org/@vitest/utils/-/utils-4.1.7.tgz 1657ms (cache miss)
4210 http fetch GET 200 https://registry.npmjs.org/@vitest/expect/-/expect-4.1.7.tgz 1680ms (cache miss)
4211 http fetch GET 200 https://registry.npmjs.org/media-typer/-/media-typer-1.1.0.tgz 1674ms (cache miss)
4212 http fetch GET 200 https://registry.npmjs.org/@vitest/mocker/-/mocker-4.1.7.tgz 1746ms (cache miss)
4213 http fetch GET 200 https://registry.npmjs.org/@tufjs/canonical-json/-/canonical-json-2.0.0.tgz 1915ms (cache miss)
4214 http fetch GET 200 https://registry.npmjs.org/fdir/-/fdir-6.5.0.tgz 1954ms (cache miss)
4215 http fetch GET 200 https://registry.npmjs.org/spdx-exceptions/-/spdx-exceptions-2.5.0.tgz 1966ms (cache miss)
4216 http fetch GET 200 https://registry.npmjs.org/ansi-regex/-/ansi-regex-6.2.2.tgz 2045ms (cache miss)
4217 http fetch GET 200 https://registry.npmjs.org/@isaacs/fs-minipass/-/fs-minipass-4.0.1.tgz 2174ms (cache miss)
4218 http fetch GET 200 https://registry.npmjs.org/spdx-license-ids/-/spdx-license-ids-3.0.23.tgz 2276ms (cache miss)
4219 http fetch GET 200 https://registry.npmjs.org/chownr/-/chownr-3.0.0.tgz 2291ms (cache miss)
4220 http fetch GET 200 https://registry.npmjs.org/tldts-core/-/tldts-core-7.0.30.tgz 2392ms (cache miss)
4221 http fetch GET 200 https://registry.npmjs.org/@tufjs/models/-/models-4.1.0.tgz 2417ms (cache miss)
4222 http fetch GET 200 https://registry.npmjs.org/smart-buffer/-/smart-buffer-4.2.0.tgz 2623ms (cache miss)
4223 http fetch GET 200 https://registry.npmjs.org/socks/-/socks-2.8.9.tgz 2686ms (cache miss)
4224 http fetch GET 200 https://registry.npmjs.org/is-fullwidth-code-point/-/is-fullwidth-code-point-5.1.0.tgz 2729ms (cache miss)
4225 http fetch GET 200 https://registry.npmjs.org/buffer-from/-/buffer-from-1.1.2.tgz 2882ms (cache miss)
4226 http fetch GET 200 https://registry.npmjs.org/get-east-asian-width/-/get-east-asian-width-1.6.0.tgz 2955ms (cache miss)
4227 http fetch GET 200 https://registry.npmjs.org/tuf-js/-/tuf-js-4.1.0.tgz 2961ms (cache miss)
4228 http fetch GET 200 https://registry.npmjs.org/ansi-styles/-/ansi-styles-6.2.3.tgz 3376ms (cache miss)
4229 http fetch GET 200 https://registry.npmjs.org/@sigstore/tuf/-/tuf-4.0.2.tgz 3403ms (cache miss)
4230 http fetch GET 200 https://registry.npmjs.org/@sigstore/verify/-/verify-3.1.0.tgz 3569ms (cache miss)
4231 http fetch GET 200 https://registry.npmjs.org/@sigstore/core/-/core-3.2.0.tgz 3711ms (cache miss)
4232 http fetch GET 200 https://registry.npmjs.org/dunder-proto/-/dunder-proto-1.0.1.tgz 3932ms (cache miss)
4233 http fetch GET 200 https://registry.npmjs.org/has-symbols/-/has-symbols-1.1.0.tgz 4128ms (cache miss)
4234 http fetch GET 200 https://registry.npmjs.org/@sigstore/bundle/-/bundle-4.0.0.tgz 4146ms (cache miss)
4235 http fetch GET 200 https://registry.npmjs.org/math-intrinsics/-/math-intrinsics-1.1.0.tgz 4149ms (cache miss)
4236 http fetch GET 200 https://registry.npmjs.org/get-proto/-/get-proto-1.0.1.tgz 4154ms (cache miss)
4237 http fetch GET 200 https://registry.npmjs.org/gopd/-/gopd-1.2.0.tgz 4224ms (cache miss)
4238 http fetch GET 200 https://registry.npmjs.org/@sigstore/sign/-/sign-4.1.1.tgz 4240ms (cache miss)
4239 http fetch GET 200 https://registry.npmjs.org/es-define-property/-/es-define-property-1.0.1.tgz 4515ms (cache miss)
4240 http fetch GET 200 https://registry.npmjs.org/hasown/-/hasown-2.0.3.tgz 4531ms (cache miss)
4241 http fetch GET 200 https://registry.npmjs.org/@sigstore/protobuf-specs/-/protobuf-specs-0.5.1.tgz 4634ms (cache miss)
4242 http fetch GET 200 https://registry.npmjs.org/call-bound/-/call-bound-1.0.4.tgz 4633ms (cache miss)
4243 http fetch GET 200 https://registry.npmjs.org/es-object-atoms/-/es-object-atoms-1.1.1.tgz 4846ms (cache miss)
4244 http fetch GET 200 https://registry.npmjs.org/side-channel-weakmap/-/side-channel-weakmap-1.0.2.tgz 4878ms (cache miss)
4245 http fetch GET 200 https://registry.npmjs.org/function-bind/-/function-bind-1.1.2.tgz 4968ms (cache miss)
4246 http fetch GET 200 https://registry.npmjs.org/call-bind-apply-helpers/-/call-bind-apply-helpers-1.0.2.tgz 4989ms (cache miss)
4247 http fetch GET 200 https://registry.npmjs.org/shebang-regex/-/shebang-regex-3.0.0.tgz 4993ms (cache miss)
4248 http fetch GET 200 https://registry.npmjs.org/side-channel-map/-/side-channel-map-1.0.1.tgz 4998ms (cache miss)
4249 http fetch GET 200 https://registry.npmjs.org/get-intrinsic/-/get-intrinsic-1.3.0.tgz 5002ms (cache miss)
4250 http fetch GET 200 https://registry.npmjs.org/es-errors/-/es-errors-1.3.0.tgz 5144ms (cache miss)
4251 http fetch GET 200 https://registry.npmjs.org/is-extglob/-/is-extglob-2.1.1.tgz 5159ms (cache miss)
4252 http fetch GET 200 https://registry.npmjs.org/object-inspect/-/object-inspect-1.13.4.tgz 5427ms (cache miss)
4253 http fetch GET 200 https://registry.npmjs.org/xmlchars/-/xmlchars-2.2.0.tgz 5437ms (cache miss)
4254 http fetch GET 200 https://registry.npmjs.org/is-promise/-/is-promise-4.0.0.tgz 5612ms (cache miss)
4255 http fetch GET 200 https://registry.npmjs.org/is-glob/-/is-glob-4.0.3.tgz 5773ms (cache miss)
4256 http fetch GET 200 https://registry.npmjs.org/mimic-function/-/mimic-function-5.0.1.tgz 5868ms (cache miss)
4257 http fetch GET 200 https://registry.npmjs.org/@rolldown/pluginutils/-/pluginutils-1.0.0-rc.4.tgz 5972ms (cache miss)
4258 http fetch GET 200 https://registry.npmjs.org/path-to-regexp/-/path-to-regexp-8.4.2.tgz 6103ms (cache miss)
4259 http fetch GET 200 https://registry.npmjs.org/onetime/-/onetime-7.0.0.tgz 6196ms (cache miss)
4260 http fetch GET 200 https://registry.npmjs.org/side-channel-list/-/side-channel-list-1.0.1.tgz 6237ms (cache miss)
4261 http fetch GET 200 https://registry.npmjs.org/side-channel/-/side-channel-1.1.0.tgz 6268ms (cache miss)
4262 http fetch GET 200 https://registry.npmjs.org/forwarded/-/forwarded-0.2.0.tgz 6510ms (cache miss)
4263 http fetch GET 200 https://registry.npmjs.org/unpipe/-/unpipe-1.0.0.tgz 6557ms (cache miss)
4264 http fetch GET 200 https://registry.npmjs.org/@oxc-project/types/-/types-0.113.0.tgz 6562ms (cache miss)
4265 http fetch GET 200 https://registry.npmjs.org/ipaddr.js/-/ipaddr.js-1.9.1.tgz 6616ms (cache miss)
4266 http fetch GET 200 https://registry.npmjs.org/immutable/-/immutable-5.1.5.tgz 6695ms (cache miss)
4267 http fetch GET 200 https://registry.npmjs.org/err-code/-/err-code-2.0.3.tgz 6685ms (cache miss)
4268 http fetch GET 200 https://registry.npmjs.org/@parcel/watcher/-/watcher-2.5.6.tgz 6720ms (cache miss)
4269 http fetch GET 200 https://registry.npmjs.org/nanoid/-/nanoid-3.3.12.tgz 6716ms (cache miss)
4270 http fetch GET 200 https://registry.npmjs.org/retry/-/retry-0.12.0.tgz 6775ms (cache miss)
4271 http fetch GET 200 https://registry.npmjs.org/minipass-sized/-/minipass-sized-2.0.0.tgz 6909ms (cache miss)
4272 http fetch GET 200 https://registry.npmjs.org/parse5-sax-parser/-/parse5-sax-parser-8.0.0.tgz 7044ms (cache miss)
4273 http fetch GET 200 https://registry.npmjs.org/@npmcli/agent/-/agent-4.0.0.tgz 7093ms (cache miss)
4274 http fetch GET 200 https://registry.npmjs.org/socks-proxy-agent/-/socks-proxy-agent-8.0.5.tgz 7121ms (cache miss)
4275 http fetch GET 200 https://registry.npmjs.org/minipass-fetch/-/minipass-fetch-5.0.2.tgz 7150ms (cache miss)
4276 http fetch GET 200 https://registry.npmjs.org/@napi-rs/nice/-/nice-1.1.1.tgz 7251ms (cache miss)
4277 http fetch GET 200 https://registry.npmjs.org/http-cache-semantics/-/http-cache-semantics-4.2.0.tgz 7248ms (cache miss)
4278 http fetch GET 200 https://registry.npmjs.org/@parcel/watcher-win32-x64/-/watcher-win32-x64-2.5.6.tgz 7501ms (cache miss)
4279 http fetch GET 200 https://registry.npmjs.org/rollup/-/rollup-4.60.4.tgz 7671ms (cache miss)
4280 http fetch GET 200 https://registry.npmjs.org/minizlib/-/minizlib-3.1.0.tgz 7634ms (cache miss)
4281 http fetch GET 200 https://registry.npmjs.org/make-fetch-happen/-/make-fetch-happen-15.0.5.tgz 7672ms (cache miss)
4282 http fetch GET 200 https://registry.npmjs.org/abbrev/-/abbrev-4.0.0.tgz 7732ms (cache miss)
4283 http fetch GET 200 https://registry.npmjs.org/ignore-walk/-/ignore-walk-8.0.0.tgz 7760ms (cache miss)
4284 http fetch GET 200 https://registry.npmjs.org/@npmcli/redact/-/redact-4.0.0.tgz 7765ms (cache miss)
4285 http fetch GET 200 https://registry.npmjs.org/jsonparse/-/jsonparse-1.3.1.tgz 7773ms (cache miss)
4286 http fetch GET 200 https://registry.npmjs.org/npm-install-checks/-/npm-install-checks-8.0.0.tgz 7814ms (cache miss)
4287 http fetch GET 200 https://registry.npmjs.org/nopt/-/nopt-9.0.0.tgz 7827ms (cache miss)
4288 http fetch GET 200 https://registry.npmjs.org/@rollup/rollup-win32-x64-gnu/-/rollup-win32-x64-gnu-4.60.4.tgz 7945ms (cache miss)
4289 http fetch GET 200 https://registry.npmjs.org/graceful-fs/-/graceful-fs-4.2.11.tgz 7883ms (cache miss)
4290 http fetch GET 200 https://registry.npmjs.org/env-paths/-/env-paths-2.2.1.tgz 7890ms (cache miss)
4291 http fetch GET 200 https://registry.npmjs.org/balanced-match/-/balanced-match-4.0.4.tgz 7906ms (cache miss)
4292 http fetch GET 200 https://registry.npmjs.org/@napi-rs/nice-win32-x64-msvc/-/nice-win32-x64-msvc-1.1.1.tgz 7960ms (cache miss)
4293 http fetch GET 200 https://registry.npmjs.org/exponential-backoff/-/exponential-backoff-3.1.3.tgz 7939ms (cache miss)
4294 http fetch GET 200 https://registry.npmjs.org/brace-expansion/-/brace-expansion-5.0.6.tgz 7951ms (cache miss)
4295 http fetch GET 200 https://registry.npmjs.org/minipass-pipeline/-/minipass-pipeline-1.2.4.tgz 8044ms (cache miss)
4296 http fetch GET 200 https://registry.npmjs.org/minipass-flush/-/minipass-flush-1.0.7.tgz 8063ms (cache miss)
4297 http fetch GET 200 https://registry.npmjs.org/p-map/-/p-map-7.0.4.tgz 8096ms (cache miss)
4298 http fetch GET 200 https://registry.npmjs.org/@npmcli/node-gyp/-/node-gyp-5.0.0.tgz 8108ms (cache miss)
4299 http fetch GET 200 https://registry.npmjs.org/@npmcli/fs/-/fs-5.0.0.tgz 8121ms (cache miss)
4300 http fetch GET 200 https://registry.npmjs.org/minipass-collect/-/minipass-collect-2.0.1.tgz 8155ms (cache miss)
4301 http fetch GET 200 https://registry.npmjs.org/spdx-expression-parse/-/spdx-expression-parse-4.0.0.tgz 8189ms (cache miss)
4302 http fetch GET 200 https://registry.npmjs.org/json-parse-even-better-errors/-/json-parse-even-better-errors-5.0.0.tgz 8200ms (cache miss)
4303 http fetch GET 200 https://registry.npmjs.org/path-scurry/-/path-scurry-2.0.2.tgz 8314ms (cache miss)
4304 http fetch GET 200 https://registry.npmjs.org/npm-bundled/-/npm-bundled-5.0.0.tgz 8400ms (cache miss)
4305 http fetch GET 200 https://registry.npmjs.org/npm-normalize-package-bin/-/npm-normalize-package-bin-5.0.0.tgz 8438ms (cache miss)
4306 http fetch GET 200 https://registry.npmjs.org/ssri/-/ssri-13.0.1.tgz 8518ms (cache miss)
4307 http fetch GET 200 https://registry.npmjs.org/@gar/promise-retry/-/promise-retry-1.0.3.tgz 8554ms (cache miss)
4308 http fetch GET 200 https://registry.npmjs.org/promise-retry/-/promise-retry-2.0.1.tgz 8593ms (cache miss)
4309 http fetch GET 200 https://registry.npmjs.org/npm-pick-manifest/-/npm-pick-manifest-11.0.3.tgz 8609ms (cache miss)
4310 http fetch GET 200 https://registry.npmjs.org/sigstore/-/sigstore-4.1.0.tgz 8636ms (cache miss)
4311 http fetch GET 200 https://registry.npmjs.org/npm-registry-fetch/-/npm-registry-fetch-19.1.1.tgz 8728ms (cache miss)
4312 http fetch GET 200 https://registry.npmjs.org/npm-packlist/-/npm-packlist-10.0.4.tgz 8885ms (cache miss)
4313 http fetch GET 200 https://registry.npmjs.org/fs-minipass/-/fs-minipass-3.0.3.tgz 8900ms (cache miss)
4314 http fetch GET 200 https://registry.npmjs.org/@npmcli/run-script/-/run-script-10.0.4.tgz 8911ms (cache miss)
4315 http fetch GET 200 https://registry.npmjs.org/tldts/-/tldts-7.0.30.tgz 9073ms (cache miss)
4316 http fetch GET 200 https://registry.npmjs.org/@npmcli/promise-spawn/-/promise-spawn-9.0.1.tgz 9041ms (cache miss)
4317 http fetch GET 200 https://registry.npmjs.org/@npmcli/installed-package-contents/-/installed-package-contents-4.0.0.tgz 9054ms (cache miss)
4318 http fetch GET 200 https://registry.npmjs.org/cacache/-/cacache-20.0.4.tgz 9091ms (cache miss)
4319 http fetch GET 200 https://registry.npmjs.org/@npmcli/package-json/-/package-json-7.0.5.tgz 9127ms (cache miss)
4320 http fetch GET 200 https://registry.npmjs.org/stdin-discarder/-/stdin-discarder-0.3.2.tgz 9171ms (cache miss)
4321 http fetch GET 200 https://registry.npmjs.org/minipass/-/minipass-7.1.3.tgz 9182ms (cache miss)
4322 http fetch GET 200 https://registry.npmjs.org/yoctocolors/-/yoctocolors-2.1.2.tgz 9179ms (cache miss)
4323 http fetch GET 200 https://registry.npmjs.org/log-symbols/-/log-symbols-7.0.1.tgz 9184ms (cache miss)
4324 http fetch GET 200 https://registry.npmjs.org/cli-spinners/-/cli-spinners-3.4.0.tgz 9253ms (cache miss)
4325 http fetch GET 200 https://registry.npmjs.org/@npmcli/git/-/git-7.0.2.tgz 9260ms (cache miss)
4326 http fetch GET 200 https://registry.npmjs.org/is-unicode-supported/-/is-unicode-supported-2.1.0.tgz 9252ms (cache miss)
4327 http fetch GET 200 https://registry.npmjs.org/wrappy/-/wrappy-1.0.2.tgz 9260ms (cache miss)
4328 http fetch GET 200 https://registry.npmjs.org/is-interactive/-/is-interactive-2.0.0.tgz 9263ms (cache miss)
4329 http fetch GET 200 https://registry.npmjs.org/proc-log/-/proc-log-6.1.0.tgz 9380ms (cache miss)
4330 http fetch GET 200 https://registry.npmjs.org/validate-npm-package-name/-/validate-npm-package-name-7.0.2.tgz 9393ms (cache miss)
4331 http fetch GET 200 https://registry.npmjs.org/hosted-git-info/-/hosted-git-info-9.0.3.tgz 9417ms (cache miss)
4332 http fetch GET 200 https://registry.npmjs.org/ee-first/-/ee-first-1.1.1.tgz 9512ms (cache miss)
4333 http fetch GET 200 https://registry.npmjs.org/restore-cursor/-/restore-cursor-5.1.0.tgz 9510ms (cache miss)
4334 http fetch GET 200 https://registry.npmjs.org/chalk/-/chalk-5.6.2.tgz 9561ms (cache miss)
4335 http fetch GET 200 https://registry.npmjs.org/mime-db/-/mime-db-1.54.0.tgz 9657ms (cache miss)
4336 http fetch GET 200 https://registry.npmjs.org/yallist/-/yallist-3.1.1.tgz 9788ms (cache miss)
4337 http fetch GET 200 https://registry.npmjs.org/msgpackr-extract/-/msgpackr-extract-3.0.3.tgz 9803ms (cache miss)
4338 http fetch GET 200 https://registry.npmjs.org/detect-libc/-/detect-libc-2.1.2.tgz 9843ms (cache miss)
4339 http fetch GET 200 https://registry.npmjs.org/cli-cursor/-/cli-cursor-5.0.0.tgz 9887ms (cache miss)
4340 http fetch GET 200 https://registry.npmjs.org/weak-lru-cache/-/weak-lru-cache-1.2.2.tgz 9908ms (cache miss)
4341 http fetch GET 200 https://registry.npmjs.org/@msgpackr-extract/msgpackr-extract-win32-x64/-/msgpackr-extract-win32-x64-3.0.3.tgz 9927ms (cache miss)
4342 http fetch GET 200 https://registry.npmjs.org/strip-ansi/-/strip-ansi-7.2.0.tgz 9939ms (cache miss)
4343 http fetch GET 200 https://registry.npmjs.org/environment/-/environment-1.1.0.tgz 10020ms (cache miss)
4344 http fetch GET 200 https://registry.npmjs.org/ansi-escapes/-/ansi-escapes-7.3.0.tgz 10141ms (cache miss)
4345 http fetch GET 200 https://registry.npmjs.org/node-gyp-build-optional-packages/-/node-gyp-build-optional-packages-5.2.2.tgz 10242ms (cache miss)
4346 http fetch GET 200 https://registry.npmjs.org/ordered-binary/-/ordered-binary-1.6.1.tgz 10244ms (cache miss)
4347 http fetch GET 200 https://registry.npmjs.org/glob/-/glob-13.0.6.tgz 10356ms (cache miss)
4348 http fetch GET 200 https://registry.npmjs.org/@harperfast/extended-iterable/-/extended-iterable-1.0.3.tgz 10346ms (cache miss)
4349 http fetch GET 200 https://registry.npmjs.org/node-addon-api/-/node-addon-api-6.1.0.tgz 10349ms (cache miss)
4350 http fetch GET 200 https://registry.npmjs.org/slice-ansi/-/slice-ansi-8.0.0.tgz 10376ms (cache miss)
4351 http fetch GET 200 https://registry.npmjs.org/log-update/-/log-update-6.1.0.tgz 10454ms (cache miss)
4352 http fetch GET 200 https://registry.npmjs.org/@csstools/css-color-parser/-/css-color-parser-4.1.1.tgz 10657ms (cache miss)
4353 http fetch GET 200 https://registry.npmjs.org/rfdc/-/rfdc-1.4.1.tgz 10665ms (cache miss)
4354 http fetch GET 200 https://registry.npmjs.org/eventemitter3/-/eventemitter3-5.0.4.tgz 10694ms (cache miss)
4355 http fetch GET 200 https://registry.npmjs.org/string-width/-/string-width-8.2.1.tgz 10770ms (cache miss)
4356 http fetch GET 200 https://registry.npmjs.org/@csstools/color-helpers/-/color-helpers-6.0.2.tgz 10786ms (cache miss)
4357 http fetch GET 200 https://registry.npmjs.org/minimatch/-/minimatch-10.2.5.tgz 10894ms (cache miss)
4358 http fetch GET 200 https://registry.npmjs.org/cli-truncate/-/cli-truncate-5.2.0.tgz 10821ms (cache miss)
4359 http fetch GET 200 https://registry.npmjs.org/colorette/-/colorette-2.0.20.tgz 10829ms (cache miss)
4360 http fetch GET 200 https://registry.npmjs.org/@asamuzakjp/generational-cache/-/generational-cache-1.0.1.tgz 11459ms (cache miss)
4361 http fetch GET 200 https://registry.npmjs.org/@csstools/css-calc/-/css-calc-3.2.1.tgz 11542ms (cache miss)
4362 http fetch GET 200 https://registry.npmjs.org/@csstools/css-parser-algorithms/-/css-parser-algorithms-4.0.0.tgz 11548ms (cache miss)
4363 http fetch GET 200 https://registry.npmjs.org/@csstools/css-tokenizer/-/css-tokenizer-4.0.0.tgz 11577ms (cache miss)
4364 http fetch GET 200 https://registry.npmjs.org/@csstools/css-syntax-patches-for-csstree/-/css-syntax-patches-for-csstree-1.1.4.tgz 11619ms (cache miss)
4365 http fetch GET 200 https://registry.npmjs.org/@asamuzakjp/nwsapi/-/nwsapi-2.3.9.tgz 11743ms (cache miss)
4366 http fetch GET 200 https://registry.npmjs.org/xml-name-validator/-/xml-name-validator-5.0.0.tgz 11957ms (cache miss)
4367 http fetch GET 200 https://registry.npmjs.org/bidi-js/-/bidi-js-1.0.3.tgz 12067ms (cache miss)
4368 http fetch GET 200 https://registry.npmjs.org/whatwg-url/-/whatwg-url-16.0.1.tgz 12115ms (cache miss)
4369 http fetch GET 200 https://registry.npmjs.org/mdn-data/-/mdn-data-2.27.1.tgz 12149ms (cache miss)
4370 http fetch GET 200 https://registry.npmjs.org/w3c-xmlserializer/-/w3c-xmlserializer-5.0.0.tgz 12169ms (cache miss)
4371 http fetch GET 200 https://registry.npmjs.org/whatwg-mimetype/-/whatwg-mimetype-5.0.0.tgz 12249ms (cache miss)
4372 http fetch GET 200 https://registry.npmjs.org/msgpackr/-/msgpackr-1.11.12.tgz 12288ms (cache miss)
4373 http fetch GET 200 https://registry.npmjs.org/http-proxy-agent/-/http-proxy-agent-7.0.2.tgz 12275ms (cache miss)
4374 http fetch GET 200 https://registry.npmjs.org/symbol-tree/-/symbol-tree-3.2.4.tgz 12281ms (cache miss)
4375 http fetch GET 200 https://registry.npmjs.org/source-map-js/-/source-map-js-1.2.1.tgz 12356ms (cache miss)
4376 http fetch GET 200 https://registry.npmjs.org/@lmdb/lmdb-win32-x64/-/lmdb-win32-x64-3.5.1.tgz 12497ms (cache miss)
4377 http fetch GET 200 https://registry.npmjs.org/is-potential-custom-element-name/-/is-potential-custom-element-name-1.0.1.tgz 12483ms (cache miss)
4378 http fetch GET 200 https://registry.npmjs.org/saxes/-/saxes-6.0.0.tgz 12491ms (cache miss)
4379 http fetch GET 200 https://registry.npmjs.org/tar/-/tar-7.5.15.tgz 12604ms (cache miss)
4380 http fetch GET 200 https://registry.npmjs.org/webidl-conversions/-/webidl-conversions-8.0.1.tgz 12528ms (cache miss)
4381 http fetch GET 200 https://registry.npmjs.org/html-encoding-sniffer/-/html-encoding-sniffer-6.0.0.tgz 12530ms (cache miss)
4382 http fetch GET 200 https://registry.npmjs.org/data-urls/-/data-urls-7.0.0.tgz 12528ms (cache miss)
4383 http fetch GET 200 https://registry.npmjs.org/istanbul-lib-coverage/-/istanbul-lib-coverage-3.2.2.tgz 12749ms (cache miss)
4384 http fetch GET 200 https://registry.npmjs.org/decimal.js/-/decimal.js-10.6.0.tgz 12838ms (cache miss)
4385 http fetch GET 200 https://registry.npmjs.org/agent-base/-/agent-base-7.1.4.tgz 12922ms (cache miss)
4386 http fetch GET 200 https://registry.npmjs.org/@rollup/rollup-win32-x64-msvc/-/rollup-win32-x64-msvc-4.60.4.tgz 13218ms (cache miss)
4387 http fetch GET 200 https://registry.npmjs.org/safer-buffer/-/safer-buffer-2.1.2.tgz 13032ms (cache miss)
4388 http fetch GET 200 https://registry.npmjs.org/@acemir/cssom/-/cssom-0.9.31.tgz 13037ms (cache miss)
4389 http fetch GET 200 https://registry.npmjs.org/cssstyle/-/cssstyle-6.2.0.tgz 13102ms (cache miss)
4390 http fetch GET 200 https://registry.npmjs.org/@asamuzakjp/css-color/-/css-color-5.1.11.tgz 13205ms (cache miss)
4391 http fetch GET 200 https://registry.npmjs.org/@istanbuljs/schema/-/schema-0.1.6.tgz 13265ms (cache miss)
4392 http fetch GET 200 https://registry.npmjs.org/inherits/-/inherits-2.0.4.tgz 13301ms (cache miss)
4393 http fetch GET 200 https://registry.npmjs.org/toidentifier/-/toidentifier-1.0.1.tgz 13307ms (cache miss)
4394 http fetch GET 200 https://registry.npmjs.org/tough-cookie/-/tough-cookie-6.0.1.tgz 13366ms (cache miss)
4395 http fetch GET 200 https://registry.npmjs.org/setprototypeof/-/setprototypeof-1.2.0.tgz 13389ms (cache miss)
4396 http fetch GET 200 https://registry.npmjs.org/@bramus/specificity/-/specificity-2.4.2.tgz 13421ms (cache miss)
4397 http fetch GET 200 https://registry.npmjs.org/negotiator/-/negotiator-1.0.0.tgz 13412ms (cache miss)
4398 http fetch GET 200 https://registry.npmjs.org/type-is/-/type-is-2.1.0.tgz 13418ms (cache miss)
4399 http fetch GET 200 https://registry.npmjs.org/@asamuzakjp/dom-selector/-/dom-selector-6.8.1.tgz 13450ms (cache miss)
4400 http fetch GET 200 https://registry.npmjs.org/serve-static/-/serve-static-2.2.1.tgz 13468ms (cache miss)
4401 http fetch GET 200 https://registry.npmjs.org/bytes/-/bytes-3.1.2.tgz 13486ms (cache miss)
4402 http fetch GET 200 https://registry.npmjs.org/statuses/-/statuses-2.0.2.tgz 13572ms (cache miss)
4403 http fetch GET 200 https://registry.npmjs.org/range-parser/-/range-parser-1.2.1.tgz 13580ms (cache miss)
4404 http fetch GET 200 https://registry.npmjs.org/qs/-/qs-6.15.2.tgz 13603ms (cache miss)
4405 http fetch GET 200 https://registry.npmjs.org/merge-descriptors/-/merge-descriptors-2.0.0.tgz 13601ms (cache miss)
4406 http fetch GET 200 https://registry.npmjs.org/proxy-addr/-/proxy-addr-2.0.7.tgz 13686ms (cache miss)
4407 http fetch GET 200 https://registry.npmjs.org/send/-/send-1.2.1.tgz 13689ms (cache miss)
4408 http fetch GET 200 https://registry.npmjs.org/once/-/once-1.4.0.tgz 13685ms (cache miss)
4409 http fetch GET 200 https://registry.npmjs.org/router/-/router-2.2.0.tgz 13690ms (cache miss)
4410 http fetch GET 200 https://registry.npmjs.org/ip-address/-/ip-address-10.2.0.tgz 13728ms (cache miss)
4411 http fetch GET 200 https://registry.npmjs.org/mime-types/-/mime-types-3.0.2.tgz 13752ms (cache miss)
4412 http fetch GET 200 https://registry.npmjs.org/http-errors/-/http-errors-2.0.1.tgz 13816ms (cache miss)
4413 http fetch GET 200 https://registry.npmjs.org/finalhandler/-/finalhandler-2.1.1.tgz 13819ms (cache miss)
4414 http fetch GET 200 https://registry.npmjs.org/encodeurl/-/encodeurl-2.0.0.tgz 13818ms (cache miss)
4415 http fetch GET 200 https://registry.npmjs.org/on-finished/-/on-finished-2.4.1.tgz 13819ms (cache miss)
4416 http fetch GET 200 https://registry.npmjs.org/escape-html/-/escape-html-1.0.3.tgz 13817ms (cache miss)
4417 http fetch GET 200 https://registry.npmjs.org/etag/-/etag-1.8.1.tgz 13819ms (cache miss)
4418 http fetch GET 200 https://registry.npmjs.org/parseurl/-/parseurl-1.3.3.tgz 13862ms (cache miss)
4419 http fetch GET 200 https://registry.npmjs.org/cookie/-/cookie-0.7.2.tgz 13857ms (cache miss)
4420 http fetch GET 200 https://registry.npmjs.org/cookie-signature/-/cookie-signature-1.2.2.tgz 13921ms (cache miss)
4421 http fetch GET 200 https://registry.npmjs.org/depd/-/depd-2.0.0.tgz 13926ms (cache miss)
4422 http fetch GET 200 https://registry.npmjs.org/fresh/-/fresh-2.0.0.tgz 13958ms (cache miss)
4423 http fetch GET 200 https://registry.npmjs.org/content-disposition/-/content-disposition-1.1.0.tgz 13989ms (cache miss)
4424 http fetch GET 200 https://registry.npmjs.org/accepts/-/accepts-2.0.0.tgz 13999ms (cache miss)
4425 http fetch GET 200 https://registry.npmjs.org/boolbase/-/boolbase-1.0.0.tgz 14014ms (cache miss)
4426 http fetch GET 200 https://registry.npmjs.org/domelementtype/-/domelementtype-2.3.0.tgz 14017ms (cache miss)
4427 http fetch GET 200 https://registry.npmjs.org/body-parser/-/body-parser-2.2.2.tgz 14031ms (cache miss)
4428 http fetch GET 200 https://registry.npmjs.org/nth-check/-/nth-check-2.1.1.tgz 14047ms (cache miss)
4429 http fetch GET 200 https://registry.npmjs.org/shebang-command/-/shebang-command-2.0.0.tgz 14065ms (cache miss)
4430 http fetch GET 200 https://registry.npmjs.org/ms/-/ms-2.1.3.tgz 14082ms (cache miss)
4431 http fetch GET 200 https://registry.npmjs.org/which/-/which-2.0.2.tgz 14116ms (cache miss)
4432 http fetch GET 200 https://registry.npmjs.org/vary/-/vary-1.1.2.tgz 14124ms (cache miss)
4433 http fetch GET 200 https://registry.npmjs.org/path-key/-/path-key-3.1.1.tgz 14133ms (cache miss)
4434 http fetch GET 200 https://registry.npmjs.org/readdirp/-/readdirp-5.0.0.tgz 14235ms (cache miss)
4435 http fetch GET 200 https://registry.npmjs.org/domutils/-/domutils-3.2.2.tgz 14259ms (cache miss)
4436 http fetch GET 200 https://registry.npmjs.org/update-browserslist-db/-/update-browserslist-db-1.2.3.tgz 14266ms (cache miss)
4437 http fetch GET 200 https://registry.npmjs.org/object-assign/-/object-assign-4.1.1.tgz 14264ms (cache miss)
4438 http fetch GET 200 https://registry.npmjs.org/node-releases/-/node-releases-2.0.44.tgz 14317ms (cache miss)
4439 http fetch GET 200 https://registry.npmjs.org/@kurkle/color/-/color-0.3.4.tgz 14351ms (cache miss)
4440 http fetch GET 200 https://registry.npmjs.org/postcss-safe-parser/-/postcss-safe-parser-7.0.1.tgz 14341ms (cache miss)
4441 http fetch GET 200 https://registry.npmjs.org/electron-to-chromium/-/electron-to-chromium-1.5.360.tgz 14411ms (cache miss)
4442 http fetch GET 200 https://registry.npmjs.org/postcss-media-query-parser/-/postcss-media-query-parser-0.2.3.tgz 14442ms (cache miss)
4443 http fetch GET 200 https://registry.npmjs.org/entities/-/entities-4.5.0.tgz 14674ms (cache miss)
4444 http fetch GET 200 https://registry.npmjs.org/baseline-browser-mapping/-/baseline-browser-mapping-2.10.31.tgz 14678ms (cache miss)
4445 http fetch GET 200 https://registry.npmjs.org/@algolia/requester-node-http/-/requester-node-http-5.48.1.tgz 14980ms (cache miss)
4446 http fetch GET 200 https://registry.npmjs.org/dom-serializer/-/dom-serializer-2.0.0.tgz 15021ms (cache miss)
4447 http fetch GET 200 https://registry.npmjs.org/domhandler/-/domhandler-5.0.3.tgz 15063ms (cache miss)
4448 http fetch GET 200 https://registry.npmjs.org/@algolia/requester-fetch/-/requester-fetch-5.48.1.tgz 15349ms (cache miss)
4449 http fetch GET 200 https://registry.npmjs.org/@algolia/monitoring/-/monitoring-1.48.1.tgz 16513ms (cache miss)
4450 http fetch GET 200 https://registry.npmjs.org/css-what/-/css-what-7.0.0.tgz 16570ms (cache miss)
4451 http fetch GET 200 https://registry.npmjs.org/@algolia/requester-browser-xhr/-/requester-browser-xhr-5.48.1.tgz 16653ms (cache miss)
4452 http fetch GET 200 https://registry.npmjs.org/@algolia/client-personalization/-/client-personalization-5.48.1.tgz 17116ms (cache miss)
4453 http fetch GET 200 https://registry.npmjs.org/@algolia/client-analytics/-/client-analytics-5.48.1.tgz 17139ms (cache miss)
4454 http fetch GET 200 https://registry.npmjs.org/require-from-string/-/require-from-string-2.0.2.tgz 17594ms (cache miss)
4455 http fetch GET 200 https://registry.npmjs.org/@exodus/bytes/-/bytes-1.15.1.tgz 17689ms (cache miss)
4456 http fetch GET 200 https://registry.npmjs.org/@algolia/client-insights/-/client-insights-5.48.1.tgz 17603ms (cache miss)
4457 http fetch GET 200 https://registry.npmjs.org/postcss/-/postcss-8.5.15.tgz 17746ms (cache miss)
4458 http fetch GET 200 https://registry.npmjs.org/css-tree/-/css-tree-3.2.1.tgz 17876ms (cache miss)
4459 http fetch GET 200 https://registry.npmjs.org/@algolia/client-query-suggestions/-/client-query-suggestions-5.48.1.tgz 17807ms (cache miss)
4460 http fetch GET 200 https://registry.npmjs.org/htmlparser2/-/htmlparser2-10.1.0.tgz 17828ms (cache miss)
4461 http fetch GET 200 https://registry.npmjs.org/css-select/-/css-select-6.0.0.tgz 17945ms (cache miss)
4462 http fetch GET 200 https://registry.npmjs.org/@algolia/client-common/-/client-common-5.48.1.tgz 18112ms (cache miss)
4463 http fetch GET 200 https://registry.npmjs.org/es-toolkit/-/es-toolkit-1.46.1.tgz 18424ms (cache miss)
4464 http fetch GET 200 https://registry.npmjs.org/fast-deep-equal/-/fast-deep-equal-3.1.3.tgz 18267ms (cache miss)
4465 http fetch GET 200 https://registry.npmjs.org/json-schema-traverse/-/json-schema-traverse-1.0.0.tgz 18287ms (cache miss)
4466 http fetch GET 200 https://registry.npmjs.org/raw-body/-/raw-body-3.0.2.tgz 18289ms (cache miss)
4467 http fetch GET 200 https://registry.npmjs.org/fast-uri/-/fast-uri-3.1.2.tgz 18297ms (cache miss)
4468 http fetch GET 200 https://registry.npmjs.org/pkce-challenge/-/pkce-challenge-5.0.1.tgz 18313ms (cache miss)
4469 http fetch GET 200 https://registry.npmjs.org/@algolia/client-abtesting/-/client-abtesting-5.48.1.tgz 18331ms (cache miss)
4470 http fetch GET 200 https://registry.npmjs.org/@algolia/recommend/-/recommend-5.48.1.tgz 18463ms (cache miss)
4471 http fetch GET 200 https://registry.npmjs.org/express-rate-limit/-/express-rate-limit-8.5.2.tgz 18650ms (cache miss)
4472 http fetch GET 200 https://registry.npmjs.org/cross-spawn/-/cross-spawn-7.0.6.tgz 18667ms (cache miss)
4473 http fetch GET 200 https://registry.npmjs.org/json-schema-typed/-/json-schema-typed-8.0.2.tgz 18770ms (cache miss)
4474 http fetch GET 200 https://registry.npmjs.org/eventsource/-/eventsource-3.0.7.tgz 18858ms (cache miss)
4475 http fetch GET 200 https://registry.npmjs.org/eventsource-parser/-/eventsource-parser-3.0.8.tgz 18876ms (cache miss)
4476 http fetch GET 200 https://registry.npmjs.org/cors/-/cors-2.8.6.tgz 18893ms (cache miss)
4477 http fetch GET 200 https://registry.npmjs.org/express/-/express-5.2.1.tgz 18923ms (cache miss)
4478 http fetch GET 200 https://registry.npmjs.org/content-type/-/content-type-1.0.5.tgz 18935ms (cache miss)
4479 http fetch GET 200 https://registry.npmjs.org/@jridgewell/resolve-uri/-/resolve-uri-3.1.2.tgz 18986ms (cache miss)
4480 http fetch GET 200 https://registry.npmjs.org/zod-to-json-schema/-/zod-to-json-schema-3.25.2.tgz 19054ms (cache miss)
4481 http fetch GET 200 https://registry.npmjs.org/@algolia/abtesting/-/abtesting-1.14.1.tgz 19072ms (cache miss)
4482 http fetch GET 200 https://registry.npmjs.org/chardet/-/chardet-2.1.1.tgz 19308ms (cache miss)
4483 http fetch GET 200 https://registry.npmjs.org/@inquirer/search/-/search-3.2.2.tgz 19397ms (cache miss)
4484 http fetch GET 200 https://registry.npmjs.org/@inquirer/external-editor/-/external-editor-1.0.3.tgz 19402ms (cache miss)
4485 http fetch GET 200 https://registry.npmjs.org/@inquirer/select/-/select-4.4.2.tgz 19403ms (cache miss)
4486 http fetch GET 200 https://registry.npmjs.org/@inquirer/password/-/password-4.0.23.tgz 19408ms (cache miss)
4487 http fetch GET 200 https://registry.npmjs.org/@algolia/ingestion/-/ingestion-1.48.1.tgz 19452ms (cache miss)
4488 http fetch GET 200 https://registry.npmjs.org/@inquirer/number/-/number-3.0.23.tgz 19435ms (cache miss)
4489 http fetch GET 200 https://registry.npmjs.org/@inquirer/rawlist/-/rawlist-4.1.11.tgz 19452ms (cache miss)
4490 http fetch GET 200 https://registry.npmjs.org/jose/-/jose-6.2.3.tgz 19498ms (cache miss)
4491 http fetch GET 200 https://registry.npmjs.org/iconv-lite/-/iconv-lite-0.7.2.tgz 19539ms (cache miss)
4492 http fetch GET 200 https://registry.npmjs.org/@hono/node-server/-/node-server-1.19.14.tgz 19563ms (cache miss)
4493 http fetch GET 200 https://registry.npmjs.org/@inquirer/input/-/input-4.3.1.tgz 19583ms (cache miss)
4494 http fetch GET 200 https://registry.npmjs.org/yoctocolors-cjs/-/yoctocolors-cjs-2.1.3.tgz 19582ms (cache miss)
4495 http fetch GET 200 https://registry.npmjs.org/node-gyp/-/node-gyp-12.3.0.tgz 19827ms (cache miss)
4496 http fetch GET 200 https://registry.npmjs.org/wrap-ansi/-/wrap-ansi-6.2.0.tgz 19588ms (cache miss)
4497 http fetch GET 200 https://registry.npmjs.org/@inquirer/expand/-/expand-4.0.23.tgz 19613ms (cache miss)
4498 http fetch GET 200 https://registry.npmjs.org/@inquirer/checkbox/-/checkbox-4.3.2.tgz 19615ms (cache miss)
4499 http fetch GET 200 https://registry.npmjs.org/@inquirer/editor/-/editor-4.2.23.tgz 19641ms (cache miss)
4500 http fetch GET 200 https://registry.npmjs.org/cli-width/-/cli-width-4.1.0.tgz 19694ms (cache miss)
4501 http fetch GET 200 https://registry.npmjs.org/@inquirer/figures/-/figures-1.0.15.tgz 19716ms (cache miss)
4502 http fetch GET 200 https://registry.npmjs.org/mute-stream/-/mute-stream-2.0.0.tgz 19719ms (cache miss)
4503 http fetch GET 200 https://registry.npmjs.org/signal-exit/-/signal-exit-4.1.0.tgz 19746ms (cache miss)
4504 http fetch GET 200 https://registry.npmjs.org/@babel/helper-globals/-/helper-globals-7.28.0.tgz 19767ms (cache miss)
4505 http fetch GET 200 https://registry.npmjs.org/@babel/helper-module-imports/-/helper-module-imports-7.28.6.tgz 19808ms (cache miss)
4506 http fetch GET 200 https://registry.npmjs.org/@babel/helper-string-parser/-/helper-string-parser-7.27.1.tgz 19817ms (cache miss)
4507 http fetch GET 200 https://registry.npmjs.org/@babel/compat-data/-/compat-data-7.29.3.tgz 19816ms (cache miss)
4508 http fetch GET 200 https://registry.npmjs.org/lru-cache/-/lru-cache-5.1.1.tgz 19830ms (cache miss)
4509 http fetch GET 200 https://registry.npmjs.org/@inquirer/type/-/type-3.0.10.tgz 19889ms (cache miss)
4510 http fetch GET 200 https://registry.npmjs.org/@inquirer/ansi/-/ansi-1.0.2.tgz 19890ms (cache miss)
4511 http fetch GET 200 https://registry.npmjs.org/js-tokens/-/js-tokens-4.0.0.tgz 19887ms (cache miss)
4512 http fetch GET 200 https://registry.npmjs.org/@babel/helper-validator-option/-/helper-validator-option-7.27.1.tgz 19890ms (cache miss)
4513 http fetch GET 200 https://registry.npmjs.org/picocolors/-/picocolors-1.1.1.tgz 19891ms (cache miss)
4514 http fetch GET 200 https://registry.npmjs.org/@babel/helper-validator-identifier/-/helper-validator-identifier-7.28.5.tgz 19917ms (cache miss)
4515 http fetch GET 200 https://registry.npmjs.org/jsesc/-/jsesc-3.1.0.tgz 20007ms (cache miss)
4516 http fetch GET 200 https://registry.npmjs.org/gensync/-/gensync-1.0.0-beta.2.tgz 20002ms (cache miss)
4517 http fetch GET 200 https://registry.npmjs.org/@jridgewell/remapping/-/remapping-2.3.5.tgz 20037ms (cache miss)
4518 http fetch GET 200 https://registry.npmjs.org/json5/-/json5-2.2.3.tgz 20175ms (cache miss)
4519 http fetch GET 200 https://registry.npmjs.org/debug/-/debug-4.4.3.tgz 20179ms (cache miss)
4520 http fetch GET 200 https://registry.npmjs.org/@babel/template/-/template-7.28.6.tgz 20263ms (cache miss)
4521 http fetch GET 200 https://registry.npmjs.org/@inquirer/core/-/core-10.3.2.tgz 20283ms (cache miss)
4522 http fetch GET 200 https://registry.npmjs.org/@babel/traverse/-/traverse-7.29.0.tgz 20282ms (cache miss)
4523 http fetch GET 200 https://registry.npmjs.org/@babel/helper-compilation-targets/-/helper-compilation-targets-7.28.6.tgz 20475ms (cache miss)
4524 http fetch GET 200 https://registry.npmjs.org/@babel/code-frame/-/code-frame-7.29.0.tgz 20490ms (cache miss)
4525 http fetch GET 200 https://registry.npmjs.org/reflect-metadata/-/reflect-metadata-0.2.2.tgz 20571ms (cache miss)
4526 http fetch GET 200 https://registry.npmjs.org/@standard-schema/spec/-/spec-1.1.0.tgz 20630ms (cache miss)
4527 http fetch GET 200 https://registry.npmjs.org/chokidar/-/chokidar-5.0.0.tgz 20654ms (cache miss)
4528 http fetch GET 200 https://registry.npmjs.org/caniuse-lite/-/caniuse-lite-1.0.30001793.tgz 20794ms (cache miss)
4529 http fetch GET 200 https://registry.npmjs.org/convert-source-map/-/convert-source-map-1.9.0.tgz 20727ms (cache miss)
4530 http fetch GET 200 https://registry.npmjs.org/ora/-/ora-9.3.0.tgz 20734ms (cache miss)
4531 http fetch GET 200 https://registry.npmjs.org/@jridgewell/sourcemap-codec/-/sourcemap-codec-1.5.5.tgz 20741ms (cache miss)
4532 http fetch GET 200 https://registry.npmjs.org/@babel/generator/-/generator-7.29.1.tgz 20763ms (cache miss)
4533 http fetch GET 200 https://registry.npmjs.org/npm-package-arg/-/npm-package-arg-13.0.2.tgz 20884ms (cache miss)
4534 http fetch GET 200 https://registry.npmjs.org/@inquirer/prompts/-/prompts-7.10.1.tgz 20920ms (cache miss)
4535 http fetch GET 200 https://registry.npmjs.org/ini/-/ini-6.0.0.tgz 20923ms (cache miss)
4536 http fetch GET 200 https://registry.npmjs.org/@babel/helper-module-transforms/-/helper-module-transforms-7.28.6.tgz 20945ms (cache miss)
4537 http fetch GET 200 https://registry.npmjs.org/pacote/-/pacote-21.3.1.tgz 20986ms (cache miss)
4538 http fetch GET 200 https://registry.npmjs.org/yargs/-/yargs-18.0.0.tgz 21009ms (cache miss)
4539 http fetch GET 200 https://registry.npmjs.org/@listr2/prompt-adapter-inquirer/-/prompt-adapter-inquirer-3.0.5.tgz 21197ms (cache miss)
4540 http fetch GET 200 https://registry.npmjs.org/algoliasearch/-/algoliasearch-5.48.1.tgz 21255ms (cache miss)
4541 http fetch GET 200 https://registry.npmjs.org/@jridgewell/trace-mapping/-/trace-mapping-0.3.31.tgz 21453ms (cache miss)
4542 http fetch GET 200 https://registry.npmjs.org/source-map/-/source-map-0.7.6.tgz 21663ms (cache miss)
4543 http fetch GET 200 https://registry.npmjs.org/@yarnpkg/lockfile/-/lockfile-1.1.0.tgz 21901ms (cache miss)
4544 http fetch GET 200 https://registry.npmjs.org/watchpack/-/watchpack-2.5.1.tgz 21960ms (cache miss)
4545 http fetch GET 200 https://registry.npmjs.org/@babel/helpers/-/helpers-7.29.2.tgz 22112ms (cache miss)
4546 http fetch GET 200 https://registry.npmjs.org/ajv-formats/-/ajv-formats-3.0.1.tgz 22121ms (cache miss)
4547 http fetch GET 200 https://registry.npmjs.org/hono/-/hono-4.12.21.tgz 22296ms (cache miss)
4548 http fetch GET 200 https://registry.npmjs.org/tinyglobby/-/tinyglobby-0.2.15.tgz 22281ms (cache miss)
4549 http fetch GET 200 https://registry.npmjs.org/parse5/-/parse5-8.0.1.tgz 22359ms (cache miss)
4550 http fetch GET 200 https://registry.npmjs.org/source-map-support/-/source-map-support-0.5.21.tgz 22389ms (cache miss)
4551 http fetch GET 200 https://registry.npmjs.org/@jridgewell/gen-mapping/-/gen-mapping-0.3.13.tgz 22498ms (cache miss)
4552 http fetch GET 200 https://registry.npmjs.org/@angular-devkit/schematics/-/schematics-21.2.11.tgz 22576ms (cache miss)
4553 http fetch GET 200 https://registry.npmjs.org/@angular-devkit/core/-/core-21.2.11.tgz 23048ms (cache miss)
4554 http fetch GET 200 https://registry.npmjs.org/mrmime/-/mrmime-2.0.1.tgz 23146ms (cache miss)
4555 http fetch GET 200 https://registry.npmjs.org/rolldown/-/rolldown-1.0.0-rc.4.tgz 23252ms (cache miss)
4556 http fetch GET 200 https://registry.npmjs.org/parse5-html-rewriting-stream/-/parse5-html-rewriting-stream-8.0.0.tgz 23317ms (cache miss)
4557 http fetch GET 200 https://registry.npmjs.org/semver/-/semver-7.7.4.tgz 23512ms (cache miss)
4558 http fetch GET 200 https://registry.npmjs.org/listr2/-/listr2-9.0.5.tgz 23614ms (cache miss)
4559 http fetch GET 200 https://registry.npmjs.org/jsonc-parser/-/jsonc-parser-3.3.1.tgz 23988ms (cache miss)
4560 http fetch GET 200 https://registry.npmjs.org/browserslist/-/browserslist-4.28.2.tgz 24521ms (cache miss)
4561 http fetch GET 200 https://registry.npmjs.org/picomatch/-/picomatch-4.0.4.tgz 24572ms (cache miss)
4562 http fetch GET 200 https://registry.npmjs.org/ajv/-/ajv-8.18.0.tgz 24824ms (cache miss)
4563 http fetch GET 200 https://registry.npmjs.org/magic-string/-/magic-string-0.30.21.tgz 25075ms (cache miss)
4564 http fetch GET 200 https://registry.npmjs.org/istanbul-lib-instrument/-/istanbul-lib-instrument-6.0.3.tgz 25275ms (cache miss)
4565 http fetch GET 200 https://registry.npmjs.org/@inquirer/confirm/-/confirm-5.1.21.tgz 25635ms (cache miss)
4566 http fetch GET 200 https://registry.npmjs.org/sass/-/sass-1.97.3.tgz 25667ms (cache miss)
4567 http fetch GET 200 https://registry.npmjs.org/@babel/helper-split-export-declaration/-/helper-split-export-declaration-7.24.7.tgz 25742ms (cache miss)
4568 http fetch GET 200 https://registry.npmjs.org/beasties/-/beasties-0.4.1.tgz 26140ms (cache miss)
4569 http fetch GET 200 https://registry.npmjs.org/@babel/parser/-/parser-7.29.3.tgz 26314ms (cache miss)
4570 http fetch GET 200 https://registry.npmjs.org/https-proxy-agent/-/https-proxy-agent-7.0.6.tgz 26285ms (cache miss)
4571 http fetch GET 200 https://registry.npmjs.org/esbuild/-/esbuild-0.27.3.tgz 26535ms (cache miss)
4572 http fetch GET 200 https://registry.npmjs.org/@babel/helper-annotate-as-pure/-/helper-annotate-as-pure-7.27.3.tgz 26605ms (cache miss)
4573 http fetch GET 200 https://registry.npmjs.org/@vitejs/plugin-basic-ssl/-/plugin-basic-ssl-2.1.4.tgz 27052ms (cache miss)
4574 http fetch GET 200 https://registry.npmjs.org/@babel/core/-/core-7.29.0.tgz 27106ms (cache miss)
4575 http fetch GET 200 https://registry.npmjs.org/lmdb/-/lmdb-3.5.1.tgz 27570ms (cache miss)
4576 http fetch GET 200 https://registry.npmjs.org/@ampproject/remapping/-/remapping-2.3.0.tgz 28057ms (cache miss)
4577 http fetch GET 200 https://registry.npmjs.org/piscina/-/piscina-5.1.4.tgz 28122ms (cache miss)
4578 http fetch GET 200 https://registry.npmjs.org/@algolia/client-search/-/client-search-5.48.1.tgz 28271ms (cache miss)
4579 http fetch GET 200 https://registry.npmjs.org/@angular-devkit/architect/-/architect-0.2102.11.tgz 28528ms (cache miss)
4580 http fetch GET 200 https://registry.npmjs.org/@angular/router/-/router-21.2.13.tgz 28545ms (cache miss)
4581 http fetch GET 200 https://registry.npmjs.org/@angular/platform-browser/-/platform-browser-21.2.13.tgz 28645ms (cache miss)
4582 http fetch GET 200 https://registry.npmjs.org/ng2-charts/-/ng2-charts-10.0.0.tgz 28786ms (cache miss)
4583 http fetch GET 200 https://registry.npmjs.org/@babel/types/-/types-7.29.0.tgz 28930ms (cache miss)
4584 http fetch GET 200 https://registry.npmjs.org/undici/-/undici-7.24.4.tgz 30275ms (cache miss)
4585 http fetch GET 200 https://registry.npmjs.org/zod/-/zod-4.3.6.tgz 30844ms (cache miss)
4586 http fetch GET 200 https://registry.npmjs.org/@modelcontextprotocol/sdk/-/sdk-1.26.0.tgz 31214ms (cache miss)
4587 http fetch GET 200 https://registry.npmjs.org/@angular/cdk/-/cdk-21.2.11.tgz 33674ms (cache miss)
4588 http fetch GET 200 https://registry.npmjs.org/tslib/-/tslib-2.8.1.tgz 34017ms (cache miss)
4589 http fetch GET 200 https://registry.npmjs.org/@schematics/angular/-/angular-21.2.11.tgz 34286ms (cache miss)
4590 http fetch GET 200 https://registry.npmjs.org/@angular/forms/-/forms-21.2.13.tgz 34594ms (cache miss)
4591 http fetch GET 200 https://registry.npmjs.org/vite/-/vite-7.3.2.tgz 35710ms (cache miss)
4592 http fetch GET 200 https://registry.npmjs.org/string-width/-/string-width-7.2.0.tgz 35985ms (cache miss)
4593 http fetch GET 200 https://registry.npmjs.org/@angular/cli/-/cli-21.2.11.tgz 36269ms (cache miss)
4594 http fetch GET 200 https://registry.npmjs.org/convert-source-map/-/convert-source-map-2.0.0.tgz 36332ms (cache miss)
4595 http fetch GET 200 https://registry.npmjs.org/prettier/-/prettier-3.8.3.tgz 36479ms (cache miss)
4596 http fetch GET 200 https://registry.npmjs.org/wrap-ansi/-/wrap-ansi-9.0.2.tgz 36539ms (cache miss)
4597 http fetch GET 200 https://registry.npmjs.org/vitest/-/vitest-4.1.7.tgz 36790ms (cache miss)
4598 http fetch GET 200 https://registry.npmjs.org/node-addon-api/-/node-addon-api-7.1.1.tgz 36785ms (cache miss)
4599 http fetch GET 200 https://registry.npmjs.org/yallist/-/yallist-4.0.0.tgz 36871ms (cache miss)
4600 http fetch GET 200 https://registry.npmjs.org/@angular/core/-/core-21.2.13.tgz 36966ms (cache miss)
4601 http fetch GET 200 https://registry.npmjs.org/yallist/-/yallist-4.0.0.tgz 37057ms (cache miss)
4602 http fetch GET 200 https://registry.npmjs.org/minipass/-/minipass-3.3.6.tgz 37215ms (cache miss)
4603 http fetch GET 200 https://registry.npmjs.org/minipass/-/minipass-3.3.6.tgz 37265ms (cache miss)
4604 http fetch GET 200 https://registry.npmjs.org/which/-/which-6.0.1.tgz 37332ms (cache miss)
4605 http fetch GET 200 https://registry.npmjs.org/isexe/-/isexe-4.0.0.tgz 37495ms (cache miss)
4606 http fetch GET 200 https://registry.npmjs.org/isexe/-/isexe-4.0.0.tgz 37499ms (cache miss)
4607 http fetch GET 200 https://registry.npmjs.org/yallist/-/yallist-5.0.0.tgz 37514ms (cache miss)
4608 http fetch GET 200 https://registry.npmjs.org/wrap-ansi/-/wrap-ansi-9.0.2.tgz 37563ms (cache miss)
4609 http fetch GET 200 https://registry.npmjs.org/which/-/which-6.0.1.tgz 37715ms (cache miss)
4610 http fetch GET 200 https://registry.npmjs.org/which/-/which-6.0.1.tgz 37902ms (cache miss)
4611 http fetch GET 200 https://registry.npmjs.org/isexe/-/isexe-4.0.0.tgz 37963ms (cache miss)
4612 http fetch GET 200 https://registry.npmjs.org/@angular/build/-/build-21.2.11.tgz 38362ms (cache miss)
4613 http fetch GET 200 https://registry.npmjs.org/undici/-/undici-6.25.0.tgz 38752ms (cache miss)
4614 http fetch GET 200 https://registry.npmjs.org/slice-ansi/-/slice-ansi-7.1.2.tgz 38799ms (cache miss)
4615 http fetch GET 200 https://registry.npmjs.org/string-width/-/string-width-7.2.0.tgz 39013ms (cache miss)
4616 http fetch GET 200 https://registry.npmjs.org/lru-cache/-/lru-cache-11.5.0.tgz 39235ms (cache miss)
4617 http fetch GET 200 https://registry.npmjs.org/content-type/-/content-type-2.0.0.tgz 39336ms (cache miss)
4618 http fetch GET 200 https://registry.npmjs.org/ansi-regex/-/ansi-regex-5.0.1.tgz 39472ms (cache miss)
4619 http fetch GET 200 https://registry.npmjs.org/jsdom/-/jsdom-28.1.0.tgz 39540ms (cache miss)
4620 http fetch GET 200 https://registry.npmjs.org/emoji-regex/-/emoji-regex-8.0.0.tgz 39708ms (cache miss)
4621 http fetch GET 200 https://registry.npmjs.org/is-fullwidth-code-point/-/is-fullwidth-code-point-3.0.0.tgz 39741ms (cache miss)
4622 verbose reify failed optional dependency C:\Users\Joaquin\OneDrive\Desktop\Portfolio\3 InsightBoard\insightboard\node_modules\@rolldown\binding-win32-x64-msvc
4623 silly reify mark deleted [
4623 silly reify   'C:\\Users\\Joaquin\\OneDrive\\Desktop\\Portfolio\\3 InsightBoard\\insightboard\\node_modules\\@rolldown\\binding-win32-x64-msvc'
4623 silly reify ]
4624 verbose reify failed optional dependency C:\Users\Joaquin\OneDrive\Desktop\Portfolio\3 InsightBoard\insightboard\node_modules\@esbuild\win32-x64
4625 silly reify mark deleted [
4625 silly reify   'C:\\Users\\Joaquin\\OneDrive\\Desktop\\Portfolio\\3 InsightBoard\\insightboard\\node_modules\\@esbuild\\win32-x64'
4625 silly reify ]
4626 http fetch GET 200 https://registry.npmjs.org/semver/-/semver-6.3.1.tgz 120384ms (cache miss)
4627 http fetch GET 200 https://registry.npmjs.org/strip-ansi/-/strip-ansi-6.0.1.tgz 121207ms (cache miss)
4628 http fetch GET 200 https://registry.npmjs.org/ansi-styles/-/ansi-styles-4.3.0.tgz 121307ms (cache miss)
4629 http fetch GET 200 https://registry.npmjs.org/string-width/-/string-width-7.2.0.tgz 121655ms (cache miss)
4630 http fetch GET 200 https://registry.npmjs.org/chokidar/-/chokidar-4.0.3.tgz 122581ms (cache miss)
4631 http fetch GET 200 https://registry.npmjs.org/string-width/-/string-width-4.2.3.tgz 122822ms (cache miss)
4632 http fetch GET 200 https://registry.npmjs.org/convert-source-map/-/convert-source-map-2.0.0.tgz 123955ms (cache miss)
4633 http fetch GET 200 https://registry.npmjs.org/string-width/-/string-width-7.2.0.tgz 124197ms (cache miss)
4634 http fetch GET 200 https://registry.npmjs.org/wrap-ansi/-/wrap-ansi-9.0.2.tgz 124315ms (cache miss)
4635 http fetch GET 200 https://registry.npmjs.org/entities/-/entities-8.0.0.tgz 124578ms (cache miss)
4636 http fetch GET 200 https://registry.npmjs.org/semver/-/semver-6.3.1.tgz 124600ms (cache miss)
4637 http fetch GET 200 https://registry.npmjs.org/entities/-/entities-6.0.1.tgz 124869ms (cache miss)
4638 http fetch GET 200 https://registry.npmjs.org/source-map/-/source-map-0.6.1.tgz 125228ms (cache miss)
4639 http fetch GET 200 https://registry.npmjs.org/readdirp/-/readdirp-4.1.2.tgz 128045ms (cache miss)
4640 warn cleanup Failed to remove some directories [
4640 warn cleanup   [
4640 warn cleanup     '\\\\?\\C:\\Users\\Joaquin\\OneDrive\\Desktop\\Portfolio\\3 InsightBoard\\insightboard\\node_modules\\@npmcli',
4640 warn cleanup     [Error: EPERM: operation not permitted, rmdir 'C:\Users\Joaquin\OneDrive\Desktop\Portfolio\3 InsightBoard\insightboard\node_modules\@npmcli\agent\node_modules'] {
4640 warn cleanup       errno: -4048,
4640 warn cleanup       code: 'EPERM',
4640 warn cleanup       syscall: 'rmdir',
4640 warn cleanup       path: 'C:\\Users\\Joaquin\\OneDrive\\Desktop\\Portfolio\\3 InsightBoard\\insightboard\\node_modules\\@npmcli\\agent\\node_modules'
4640 warn cleanup     }
4640 warn cleanup   ],
4640 warn cleanup   [
4640 warn cleanup     '\\\\?\\C:\\Users\\Joaquin\\OneDrive\\Desktop\\Portfolio\\3 InsightBoard\\insightboard\\node_modules\\@angular',
4640 warn cleanup     [Error: EPERM: operation not permitted, rmdir 'C:\Users\Joaquin\OneDrive\Desktop\Portfolio\3 InsightBoard\insightboard\node_modules\@angular\build'] {
4640 warn cleanup       errno: -4048,
4640 warn cleanup       code: 'EPERM',
4640 warn cleanup       syscall: 'rmdir',
4640 warn cleanup       path: 'C:\\Users\\Joaquin\\OneDrive\\Desktop\\Portfolio\\3 InsightBoard\\insightboard\\node_modules\\@angular\\build'
4640 warn cleanup     }
4640 warn cleanup   ],
4640 warn cleanup   [
4640 warn cleanup     '\\\\?\\C:\\Users\\Joaquin\\OneDrive\\Desktop\\Portfolio\\3 InsightBoard\\insightboard\\node_modules\\@modelcontextprotocol',
4640 warn cleanup     [Error: EPERM: operation not permitted, rmdir 'C:\Users\Joaquin\OneDrive\Desktop\Portfolio\3 InsightBoard\insightboard\node_modules\@modelcontextprotocol\sdk'] {
4640 warn cleanup       errno: -4048,
4640 warn cleanup       code: 'EPERM',
4640 warn cleanup       syscall: 'rmdir',
4640 warn cleanup       path: 'C:\\Users\\Joaquin\\OneDrive\\Desktop\\Portfolio\\3 InsightBoard\\insightboard\\node_modules\\@modelcontextprotocol\\sdk'
4640 warn cleanup     }
4640 warn cleanup   ],
4640 warn cleanup   [
4640 warn cleanup     '\\\\?\\C:\\Users\\Joaquin\\OneDrive\\Desktop\\Portfolio\\3 InsightBoard\\insightboard\\node_modules\\@schematics',
4640 warn cleanup     [Error: EPERM: operation not permitted, rmdir 'C:\Users\Joaquin\OneDrive\Desktop\Portfolio\3 InsightBoard\insightboard\node_modules\@schematics\angular\third_party'] {
4640 warn cleanup       errno: -4048,
4640 warn cleanup       code: 'EPERM',
4640 warn cleanup       syscall: 'rmdir',
4640 warn cleanup       path: 'C:\\Users\\Joaquin\\OneDrive\\Desktop\\Portfolio\\3 InsightBoard\\insightboard\\node_modules\\@schematics\\angular\\third_party'
4640 warn cleanup     }
4640 warn cleanup   ],
4640 warn cleanup   [
4640 warn cleanup     '\\\\?\\C:\\Users\\Joaquin\\OneDrive\\Desktop\\Portfolio\\3 InsightBoard\\insightboard\\node_modules',
4640 warn cleanup     [Error: EPERM: operation not permitted, rmdir 'C:\Users\Joaquin\OneDrive\Desktop\Portfolio\3 InsightBoard\insightboard\node_modules\@angular\cdk'] {
4640 warn cleanup       errno: -4048,
4640 warn cleanup       code: 'EPERM',
4640 warn cleanup       syscall: 'rmdir',
4640 warn cleanup       path: 'C:\\Users\\Joaquin\\OneDrive\\Desktop\\Portfolio\\3 InsightBoard\\insightboard\\node_modules\\@angular\\cdk'
4640 warn cleanup     }
4640 warn cleanup   ]
4640 warn cleanup ]
4641 verbose stack Error: read ECONNRESET
4641 verbose stack     at TLSWrap.onStreamRead (node:internal/stream_base_commons:216:20)
4642 error code ECONNRESET
4643 error syscall read
4644 error errno -4077
4645 error network read ECONNRESET
4646 error network This is a problem related to network connectivity.
4646 error network In most cases you are behind a proxy or have bad network settings.
4646 error network
4646 error network If you are behind a proxy, please make sure that the
4646 error network 'proxy' config is set properly.  See: 'npm help config'
4647 silly unfinished npm timer reify 1779295663944
4648 silly unfinished npm timer reify:unpack 1779295742773
4649 silly unfinished npm timer reifyNode:node_modules/@npmcli/agent/node_modules/lru-cache 1779295742776
4650 silly unfinished npm timer reifyNode:node_modules/path-scurry/node_modules/lru-cache 1779295742776
4651 silly unfinished npm timer reifyNode:node_modules/@npmcli/git/node_modules/lru-cache 1779295742777
4652 silly unfinished npm timer reifyNode:node_modules/hosted-git-info/node_modules/lru-cache 1779295742777
4653 silly unfinished npm timer reifyNode:node_modules/cssstyle/node_modules/lru-cache 1779295742778
4654 silly unfinished npm timer reifyNode:node_modules/@asamuzakjp/dom-selector/node_modules/lru-cache 1779295742778
4655 silly unfinished npm timer reifyNode:node_modules/htmlparser2/node_modules/entities 1779295742780
4656 silly unfinished npm timer reifyNode:node_modules/chart.js 1779295742783
4657 silly unfinished npm timer reifyNode:node_modules/rxjs 1779295742783
4658 silly unfinished npm timer reifyNode:node_modules/@angular/common 1779295742783
4659 silly unfinished npm timer reifyNode:node_modules/@angular/compiler-cli 1779295742783
4660 silly unfinished npm timer reifyNode:node_modules/@angular/compiler 1779295742783
4661 silly unfinished npm timer reifyNode:node_modules/typescript 1779295742783
4662 verbose cwd C:\Users\Joaquin\OneDrive\Desktop\Portfolio\3 InsightBoard\insightboard
4663 verbose os Windows_NT 10.0.26200
4664 verbose node v24.14.1
4665 verbose npm  v11.11.0
4666 notice
4666 notice New minor version of npm available! 11.11.0 -> 11.14.1
4666 notice Changelog: https://github.com/npm/cli/releases/tag/v11.14.1
4666 notice To update run: npm install -g npm@11.14.1
4666 notice  { force: true, Symbol(proc-log.meta): true }
4667 verbose exit -4077
4668 verbose code -4077
4669 error A complete log of this run can be found in: C:\Users\Joaquin\OneDrive\Desktop\Portfolio\3 InsightBoard\insightboard\.npm-cache\_logs\2026-05-20T16_47_43_518Z-debug-0.log
