0 verbose cli C:\Program Files\nodejs\node.exe C:\Program Files\nodejs\node_modules\npm\bin\npm-cli.js
1 info using npm@11.11.0
2 info using node@v24.14.1
3 silly config load:file:C:\Program Files\nodejs\node_modules\npm\npmrc
4 silly config load:file:C:\Users\Joaquin\OneDrive\Desktop\Portfolio\3 InsightBoard\insightboard\.npmrc
5 silly config load:file:C:\Users\Joaquin\.npmrc
6 silly config load:file:C:\Users\Joaquin\AppData\Roaming\npm\etc\npmrc
7 verbose title npm install chart.js ng2-charts
8 verbose argv "install" "--cache" ".npm-cache" "chart.js" "ng2-charts"
9 verbose logfile logs-max:10 dir:C:\Users\Joaquin\OneDrive\Desktop\Portfolio\3 InsightBoard\insightboard\.npm-cache\_logs\2026-05-20T16_51_32_664Z-
10 verbose logfile C:\Users\Joaquin\OneDrive\Desktop\Portfolio\3 InsightBoard\insightboard\.npm-cache\_logs\2026-05-20T16_51_32_664Z-debug-0.log
11 silly logfile done cleaning log files
12 silly packumentCache heap:2348810240 maxSize:587202560 maxEntrySize:293601280
13 silly idealTree buildDeps
14 silly fetch manifest @angular/common@^21.2.0
15 silly packumentCache full:https://registry.npmjs.org/@angular%2fcommon cache-miss
16 http cache https://registry.npmjs.org/@angular%2fcommon 26ms (cache hit)
17 silly packumentCache full:https://registry.npmjs.org/@angular%2fcommon set size:3103587 disposed:false
18 silly fetch manifest @angular/core@^21.2.0
19 silly packumentCache full:https://registry.npmjs.org/@angular%2fcore cache-miss
20 http cache https://registry.npmjs.org/@angular%2fcore 17ms (cache hit)
21 silly packumentCache full:https://registry.npmjs.org/@angular%2fcore set size:2987727 disposed:false
22 silly fetch manifest @angular/compiler@^21.2.0
23 silly packumentCache full:https://registry.npmjs.org/@angular%2fcompiler cache-miss
24 http cache https://registry.npmjs.org/@angular%2fcompiler 16ms (cache hit)
25 silly packumentCache full:https://registry.npmjs.org/@angular%2fcompiler set size:2702544 disposed:false
26 silly fetch manifest rxjs@~7.8.0
27 silly packumentCache full:https://registry.npmjs.org/rxjs cache-miss
28 http cache https://registry.npmjs.org/rxjs 11ms (cache hit)
29 silly packumentCache full:https://registry.npmjs.org/rxjs set size:980097 disposed:false
30 silly fetch manifest zone.js@~0.15.0 || ~0.16.0
31 silly packumentCache full:https://registry.npmjs.org/zone.js cache-miss
32 http cache https://registry.npmjs.org/zone.js 8ms (cache hit)
33 silly packumentCache full:https://registry.npmjs.org/zone.js set size:378576 disposed:false
34 silly fetch manifest @angular/forms@^21.2.0
35 silly packumentCache full:https://registry.npmjs.org/@angular%2fforms cache-miss
36 http cache https://registry.npmjs.org/@angular%2fforms 15ms (cache hit)
37 silly packumentCache full:https://registry.npmjs.org/@angular%2fforms set size:2751764 disposed:false
38 silly fetch manifest @angular/platform-browser@^21.2.0
39 silly packumentCache full:https://registry.npmjs.org/@angular%2fplatform-browser cache-miss
40 http cache https://registry.npmjs.org/@angular%2fplatform-browser 15ms (cache hit)
41 silly packumentCache full:https://registry.npmjs.org/@angular%2fplatform-browser set size:3097726 disposed:false
42 silly fetch manifest @angular/animations@21.2.13
43 silly packumentCache full:https://registry.npmjs.org/@angular%2fanimations cache-miss
44 http cache https://registry.npmjs.org/@angular%2fanimations 16ms (cache hit)
45 silly packumentCache full:https://registry.npmjs.org/@angular%2fanimations set size:2808327 disposed:false
46 silly fetch manifest @angular/router@^21.2.0
47 silly packumentCache full:https://registry.npmjs.org/@angular%2frouter cache-miss
48 http cache https://registry.npmjs.org/@angular%2frouter 21ms (cache hit)
49 silly packumentCache full:https://registry.npmjs.org/@angular%2frouter set size:2990479 disposed:false
50 silly fetch manifest tslib@^2.3.0
51 silly packumentCache full:https://registry.npmjs.org/tslib cache-miss
52 http cache https://registry.npmjs.org/tslib 9ms (cache hit)
53 silly packumentCache full:https://registry.npmjs.org/tslib set size:108760 disposed:false
54 silly fetch manifest chart.js@*
55 silly packumentCache full:https://registry.npmjs.org/chart.js cache-miss
56 http cache https://registry.npmjs.org/chart.js 13ms (cache hit)
57 silly packumentCache full:https://registry.npmjs.org/chart.js set size:435414 disposed:false
58 silly fetch manifest ng2-charts@*
59 silly packumentCache full:https://registry.npmjs.org/ng2-charts cache-miss
60 http cache https://registry.npmjs.org/ng2-charts 9ms (cache hit)
61 silly packumentCache full:https://registry.npmjs.org/ng2-charts set size:306094 disposed:false
62 silly fetch manifest @angular/cdk@>=21.0.0
63 silly packumentCache full:https://registry.npmjs.org/@angular%2fcdk cache-miss
64 http cache https://registry.npmjs.org/@angular%2fcdk 22ms (cache hit)
65 silly packumentCache full:https://registry.npmjs.org/@angular%2fcdk set size:3665624 disposed:false
66 silly fetch manifest @angular/build@^21.2.11
67 silly packumentCache full:https://registry.npmjs.org/@angular%2fbuild cache-miss
68 http cache https://registry.npmjs.org/@angular%2fbuild 14ms (cache hit)
69 silly packumentCache full:https://registry.npmjs.org/@angular%2fbuild set size:866872 disposed:false
70 silly fetch manifest @angular/compiler-cli@^21.2.0
71 silly packumentCache full:https://registry.npmjs.org/@angular%2fcompiler-cli cache-miss
72 http cache https://registry.npmjs.org/@angular%2fcompiler-cli 17ms (cache hit)
73 silly packumentCache full:https://registry.npmjs.org/@angular%2fcompiler-cli set size:3271295 disposed:false
74 silly fetch manifest typescript@~5.9.2
75 silly packumentCache full:https://registry.npmjs.org/typescript cache-miss
76 http cache https://registry.npmjs.org/typescript 58ms (cache hit)
77 silly packumentCache full:https://registry.npmjs.org/typescript set size:15409943 disposed:false
78 silly fetch manifest @angular/localize@^21.0.0
79 silly packumentCache full:https://registry.npmjs.org/@angular%2flocalize cache-miss
80 http cache https://registry.npmjs.org/@angular%2flocalize 17ms (cache hit)
81 silly packumentCache full:https://registry.npmjs.org/@angular%2flocalize set size:2386171 disposed:false
82 silly fetch manifest @angular/platform-server@^21.0.0
83 silly packumentCache full:https://registry.npmjs.org/@angular%2fplatform-server cache-miss
84 http cache https://registry.npmjs.org/@angular%2fplatform-server 17ms (cache hit)
85 silly packumentCache full:https://registry.npmjs.org/@angular%2fplatform-server set size:3156353 disposed:false
86 silly fetch manifest @angular/service-worker@^21.0.0
87 silly packumentCache full:https://registry.npmjs.org/@angular%2fservice-worker cache-miss
88 http cache https://registry.npmjs.org/@angular%2fservice-worker 24ms (cache hit)
89 silly packumentCache full:https://registry.npmjs.org/@angular%2fservice-worker set size:2910081 disposed:false
90 silly fetch manifest @angular/ssr@^21.2.11
91 silly packumentCache full:https://registry.npmjs.org/@angular%2fssr cache-miss
92 http cache https://registry.npmjs.org/@angular%2fssr 16ms (cache hit)
93 silly packumentCache full:https://registry.npmjs.org/@angular%2fssr set size:699215 disposed:false
94 silly fetch manifest karma@^6.4.0
95 silly packumentCache full:https://registry.npmjs.org/karma cache-miss
96 http cache https://registry.npmjs.org/karma 19ms (cache hit)
97 silly packumentCache full:https://registry.npmjs.org/karma set size:3361521 disposed:false
98 silly fetch manifest less@^4.2.0
99 silly packumentCache full:https://registry.npmjs.org/less cache-miss
100 http cache https://registry.npmjs.org/less 6ms (cache hit)
101 silly packumentCache full:https://registry.npmjs.org/less set size:461684 disposed:false
102 silly fetch manifest ng-packagr@^21.0.0
103 silly packumentCache full:https://registry.npmjs.org/ng-packagr cache-miss
104 http cache https://registry.npmjs.org/ng-packagr 13ms (cache hit)
105 silly packumentCache full:https://registry.npmjs.org/ng-packagr set size:1102260 disposed:false
106 silly fetch manifest tailwindcss@^2.0.0 || ^3.0.0 || ^4.0.0
107 silly packumentCache full:https://registry.npmjs.org/tailwindcss cache-miss
108 http cache https://registry.npmjs.org/tailwindcss 42ms (cache hit)
109 silly packumentCache full:https://registry.npmjs.org/tailwindcss set size:10535781 disposed:false
110 silly fetch manifest postcss@^8.4.0
111 silly packumentCache full:https://registry.npmjs.org/postcss cache-miss
112 http cache https://registry.npmjs.org/postcss 11ms (cache hit)
113 silly packumentCache full:https://registry.npmjs.org/postcss set size:723316 disposed:false
114 silly fetch manifest vitest@^4.0.8
115 silly packumentCache full:https://registry.npmjs.org/vitest cache-miss
116 http cache https://registry.npmjs.org/vitest 14ms (cache hit)
117 silly packumentCache full:https://registry.npmjs.org/vitest set size:2168455 disposed:false
118 silly fetch manifest @edge-runtime/vm@*
119 silly packumentCache full:https://registry.npmjs.org/@edge-runtime%2fvm cache-miss
120 http cache https://registry.npmjs.org/@edge-runtime%2fvm 5ms (cache hit)
121 silly packumentCache full:https://registry.npmjs.org/@edge-runtime%2fvm set size:269934 disposed:false
122 silly fetch manifest @opentelemetry/api@^1.9.0
123 silly packumentCache full:https://registry.npmjs.org/@opentelemetry%2fapi cache-miss
124 http cache https://registry.npmjs.org/@opentelemetry%2fapi 14ms (cache hit)
125 silly packumentCache full:https://registry.npmjs.org/@opentelemetry%2fapi set size:272967 disposed:false
126 silly fetch manifest @types/node@^20.0.0 || ^22.0.0 || >=24.0.0
127 silly packumentCache full:https://registry.npmjs.org/@types%2fnode cache-miss
128 http cache https://registry.npmjs.org/@types%2fnode 43ms (cache hit)
129 silly packumentCache full:https://registry.npmjs.org/@types%2fnode set size:11015753 disposed:false
130 silly fetch manifest @vitest/browser-playwright@4.1.7
131 silly packumentCache full:https://registry.npmjs.org/@vitest%2fbrowser-playwright cache-miss
132 http cache https://registry.npmjs.org/@vitest%2fbrowser-playwright 9ms (cache hit)
133 silly packumentCache full:https://registry.npmjs.org/@vitest%2fbrowser-playwright set size:120747 disposed:false
134 silly fetch manifest playwright@*
135 silly packumentCache full:https://registry.npmjs.org/playwright cache-miss
136 http cache https://registry.npmjs.org/playwright 99ms (cache hit)
137 silly packumentCache full:https://registry.npmjs.org/playwright set size:16272903 disposed:false
138 silly fetch manifest @vitest/browser-preview@4.1.7
139 silly packumentCache full:https://registry.npmjs.org/@vitest%2fbrowser-preview cache-miss
140 http cache https://registry.npmjs.org/@vitest%2fbrowser-preview 8ms (cache hit)
141 silly packumentCache full:https://registry.npmjs.org/@vitest%2fbrowser-preview set size:115971 disposed:false
142 silly fetch manifest @vitest/browser-webdriverio@4.1.7
143 silly packumentCache full:https://registry.npmjs.org/@vitest%2fbrowser-webdriverio cache-miss
144 http cache https://registry.npmjs.org/@vitest%2fbrowser-webdriverio 6ms (cache hit)
145 silly packumentCache full:https://registry.npmjs.org/@vitest%2fbrowser-webdriverio set size:120398 disposed:false
146 silly fetch manifest webdriverio@*
147 silly packumentCache full:https://registry.npmjs.org/webdriverio cache-miss
148 http cache https://registry.npmjs.org/webdriverio 14ms (cache hit)
149 silly packumentCache full:https://registry.npmjs.org/webdriverio set size:3126624 disposed:false
150 silly fetch manifest puppeteer-core@>=22.x || <=24.x
151 silly packumentCache full:https://registry.npmjs.org/puppeteer-core cache-miss
152 http cache https://registry.npmjs.org/puppeteer-core 10ms (cache hit)
153 silly packumentCache full:https://registry.npmjs.org/puppeteer-core set size:1531872 disposed:false
154 silly fetch manifest @vitest/coverage-istanbul@4.1.7
155 silly packumentCache full:https://registry.npmjs.org/@vitest%2fcoverage-istanbul cache-miss
156 http cache https://registry.npmjs.org/@vitest%2fcoverage-istanbul 6ms (cache hit)
157 silly packumentCache full:https://registry.npmjs.org/@vitest%2fcoverage-istanbul set size:662343 disposed:false
158 silly fetch manifest @vitest/coverage-v8@4.1.7
159 silly packumentCache full:https://registry.npmjs.org/@vitest%2fcoverage-v8 cache-miss
160 http cache https://registry.npmjs.org/@vitest%2fcoverage-v8 6ms (cache hit)
161 silly packumentCache full:https://registry.npmjs.org/@vitest%2fcoverage-v8 set size:498247 disposed:false
162 silly fetch manifest @vitest/browser@4.1.7
163 silly packumentCache full:https://registry.npmjs.org/@vitest%2fbrowser cache-miss
164 http cache https://registry.npmjs.org/@vitest%2fbrowser 7ms (cache hit)
165 silly packumentCache full:https://registry.npmjs.org/@vitest%2fbrowser set size:751280 disposed:false
166 silly fetch manifest @vitest/ui@4.1.7
167 silly packumentCache full:https://registry.npmjs.org/@vitest%2fui cache-miss
168 http cache https://registry.npmjs.org/@vitest%2fui 11ms (cache hit)
169 silly packumentCache full:https://registry.npmjs.org/@vitest%2fui set size:1240855 disposed:false
170 silly fetch manifest happy-dom@*
171 silly packumentCache full:https://registry.npmjs.org/happy-dom cache-miss
172 http cache https://registry.npmjs.org/happy-dom 15ms (cache hit)
173 silly packumentCache full:https://registry.npmjs.org/happy-dom set size:2455298 disposed:false
174 silly fetch manifest jsdom@^28.0.0
175 silly packumentCache full:https://registry.npmjs.org/jsdom cache-miss
176 http cache https://registry.npmjs.org/jsdom 9ms (cache hit)
177 silly packumentCache full:https://registry.npmjs.org/jsdom set size:1064917 disposed:false
178 silly fetch manifest canvas@^3.0.0
179 silly packumentCache full:https://registry.npmjs.org/canvas cache-miss
180 http cache https://registry.npmjs.org/canvas 6ms (cache hit)
181 silly packumentCache full:https://registry.npmjs.org/canvas set size:372046 disposed:false
182 silly fetch manifest @angular/cli@^21.2.11
183 silly packumentCache full:https://registry.npmjs.org/@angular%2fcli cache-miss
184 http cache https://registry.npmjs.org/@angular%2fcli 13ms (cache hit)
185 silly packumentCache full:https://registry.npmjs.org/@angular%2fcli set size:3132048 disposed:false
186 silly fetch manifest prettier@^3.8.1
187 silly packumentCache full:https://registry.npmjs.org/prettier cache-miss
188 http cache https://registry.npmjs.org/prettier 8ms (cache hit)
189 silly packumentCache full:https://registry.npmjs.org/prettier set size:665088 disposed:false
190 silly placeDep ROOT @angular/build@21.2.11 OK for: insightboard@0.0.0 want: ^21.2.11
191 silly placeDep ROOT tslib@2.8.1 OK for: @angular/build@21.2.11 want: ^2.3.0
192 silly placeDep ROOT typescript@5.9.3 OK for: @angular/build@21.2.11 want: >=5.9 <6.0
193 silly placeDep ROOT @angular/compiler@21.2.13 OK for: @angular/build@21.2.11 want: ^21.0.0
194 silly placeDep ROOT @angular/compiler-cli@21.2.13 OK for: @angular/build@21.2.11 want: ^21.0.0
195 silly placeDep ROOT @angular/cli@21.2.11 OK for: insightboard@0.0.0 want: ^21.2.11
196 silly placeDep ROOT @angular/common@21.2.13 OK for: insightboard@0.0.0 want: ^21.2.0
197 silly placeDep ROOT rxjs@7.8.2 OK for: @angular/common@21.2.13 want: ^6.5.3 || ^7.4.0
198 silly placeDep ROOT @angular/core@21.2.13 OK for: @angular/common@21.2.13 want: 21.2.13
199 silly placeDep ROOT @angular/forms@21.2.13 OK for: insightboard@0.0.0 want: ^21.2.0
200 silly placeDep ROOT @angular/platform-browser@21.2.13 OK for: @angular/forms@21.2.13 want: 21.2.13
201 silly placeDep ROOT @angular/router@21.2.13 OK for: insightboard@0.0.0 want: ^21.2.0
202 silly placeDep ROOT chart.js@4.5.1 OK for: insightboard@0.0.0 want: *
203 silly placeDep ROOT jsdom@28.1.0 OK for: insightboard@0.0.0 want: ^28.0.0
204 silly placeDep ROOT ng2-charts@10.0.0 OK for: insightboard@0.0.0 want: *
205 silly placeDep ROOT @angular/cdk@21.2.11 OK for: ng2-charts@10.0.0 want: >=21.0.0
206 silly placeDep ROOT prettier@3.8.3 OK for: insightboard@0.0.0 want: ^3.8.1
207 silly placeDep ROOT vitest@4.1.7 OK for: insightboard@0.0.0 want: ^4.0.8
208 silly fetch manifest sass@1.97.3
209 silly packumentCache full:https://registry.npmjs.org/sass cache-miss
210 silly fetch manifest vite@7.3.2
211 silly packumentCache full:https://registry.npmjs.org/vite cache-miss
212 silly fetch manifest listr2@9.0.5
213 silly packumentCache full:https://registry.npmjs.org/listr2 cache-miss
214 silly fetch manifest mrmime@2.0.1
215 silly packumentCache full:https://registry.npmjs.org/mrmime cache-miss
216 silly fetch manifest semver@7.7.4
217 silly packumentCache full:https://registry.npmjs.org/semver cache-miss
218 silly fetch manifest undici@7.24.4
219 silly packumentCache full:https://registry.npmjs.org/undici cache-miss
220 silly fetch manifest esbuild@0.27.3
221 silly packumentCache full:https://registry.npmjs.org/esbuild cache-miss
222 http cache https://registry.npmjs.org/sass 15ms (cache hit)
223 silly packumentCache full:https://registry.npmjs.org/sass set size:726244 disposed:false
224 silly fetch manifest piscina@5.1.4
225 silly packumentCache full:https://registry.npmjs.org/piscina cache-miss
226 http cache https://registry.npmjs.org/listr2 23ms (cache hit)
227 silly packumentCache full:https://registry.npmjs.org/listr2 set size:1056609 disposed:false
228 silly fetch manifest beasties@0.4.1
229 silly packumentCache full:https://registry.npmjs.org/beasties cache-miss
230 http cache https://registry.npmjs.org/undici 31ms (cache hit)
231 silly packumentCache full:https://registry.npmjs.org/undici set size:1412963 disposed:false
232 silly fetch manifest rolldown@1.0.0-rc.4
233 silly packumentCache full:https://registry.npmjs.org/rolldown cache-miss
234 http cache https://registry.npmjs.org/esbuild 43ms (cache hit)
235 silly packumentCache full:https://registry.npmjs.org/esbuild set size:1254708 disposed:false
236 silly fetch manifest picomatch@4.0.4
237 silly packumentCache full:https://registry.npmjs.org/picomatch cache-miss
238 http cache https://registry.npmjs.org/mrmime 49ms (cache hit)
239 silly packumentCache full:https://registry.npmjs.org/mrmime set size:17044 disposed:false
240 silly fetch manifest watchpack@2.5.1
241 silly packumentCache full:https://registry.npmjs.org/watchpack cache-miss
242 http cache https://registry.npmjs.org/semver 53ms (cache hit)
243 silly packumentCache full:https://registry.npmjs.org/semver set size:233058 disposed:false
244 silly fetch manifest tinyglobby@0.2.15
245 silly packumentCache full:https://registry.npmjs.org/tinyglobby cache-miss
246 http cache https://registry.npmjs.org/piscina 103ms (cache hit)
247 silly packumentCache full:https://registry.npmjs.org/piscina set size:198727 disposed:false
248 silly fetch manifest @babel/core@7.29.0
249 silly packumentCache full:https://registry.npmjs.org/@babel%2fcore cache-miss
250 http cache https://registry.npmjs.org/beasties 99ms (cache hit)
251 silly packumentCache full:https://registry.npmjs.org/beasties set size:48890 disposed:false
252 silly fetch manifest browserslist@^4.26.0
253 silly packumentCache full:https://registry.npmjs.org/browserslist cache-miss
254 http cache https://registry.npmjs.org/vite 205ms (cache hit)
255 silly packumentCache full:https://registry.npmjs.org/vite set size:38838042 disposed:false
256 silly fetch manifest jsonc-parser@3.3.1
257 silly packumentCache full:https://registry.npmjs.org/jsonc-parser cache-miss
258 http cache https://registry.npmjs.org/picomatch 337ms (cache hit)
259 silly packumentCache full:https://registry.npmjs.org/picomatch set size:126376 disposed:false
260 silly fetch manifest magic-string@0.30.21
261 silly packumentCache full:https://registry.npmjs.org/magic-string cache-miss
262 http cache https://registry.npmjs.org/watchpack 340ms (cache hit)
263 silly packumentCache full:https://registry.npmjs.org/watchpack set size:144588 disposed:false
264 silly fetch manifest @inquirer/confirm@5.1.21
265 silly packumentCache full:https://registry.npmjs.org/@inquirer%2fconfirm cache-miss
266 http cache https://registry.npmjs.org/rolldown 371ms (cache hit)
267 silly packumentCache full:https://registry.npmjs.org/rolldown set size:3713182 disposed:false
268 silly fetch manifest https-proxy-agent@7.0.6
269 silly packumentCache full:https://registry.npmjs.org/https-proxy-agent cache-miss
270 http cache https://registry.npmjs.org/tinyglobby 400ms (cache hit)
271 silly packumentCache full:https://registry.npmjs.org/tinyglobby set size:52660 disposed:false
272 silly fetch manifest source-map-support@0.5.21
273 silly packumentCache full:https://registry.npmjs.org/source-map-support cache-miss
274 http cache https://registry.npmjs.org/@babel%2fcore 349ms (cache hit)
275 silly packumentCache full:https://registry.npmjs.org/@babel%2fcore set size:768033 disposed:false
276 silly fetch manifest @ampproject/remapping@2.3.0
277 silly packumentCache full:https://registry.npmjs.org/@ampproject%2fremapping cache-miss
278 http cache https://registry.npmjs.org/jsonc-parser 112ms (cache hit)
279 silly packumentCache full:https://registry.npmjs.org/jsonc-parser set size:99919 disposed:false
280 silly fetch manifest istanbul-lib-instrument@6.0.3
281 silly packumentCache full:https://registry.npmjs.org/istanbul-lib-instrument cache-miss
282 http cache https://registry.npmjs.org/browserslist 371ms (cache hit)
283 silly packumentCache full:https://registry.npmjs.org/browserslist set size:504681 disposed:false
284 silly fetch manifest @vitejs/plugin-basic-ssl@2.1.4
285 silly packumentCache full:https://registry.npmjs.org/@vitejs%2fplugin-basic-ssl cache-miss
286 http cache https://registry.npmjs.org/@inquirer%2fconfirm 113ms (cache hit)
287 silly packumentCache full:https://registry.npmjs.org/@inquirer%2fconfirm set size:315999 disposed:false
288 silly fetch manifest @angular-devkit/architect@0.2102.11
289 silly packumentCache full:https://registry.npmjs.org/@angular-devkit%2farchitect cache-miss
290 http cache https://registry.npmjs.org/magic-string 132ms (cache hit)
291 silly packumentCache full:https://registry.npmjs.org/magic-string set size:331817 disposed:false
292 silly fetch manifest parse5-html-rewriting-stream@8.0.0
293 silly packumentCache full:https://registry.npmjs.org/parse5-html-rewriting-stream cache-miss
294 http cache https://registry.npmjs.org/https-proxy-agent 75ms (cache hit)
295 silly packumentCache full:https://registry.npmjs.org/https-proxy-agent set size:81258 disposed:false
296 silly fetch manifest @babel/helper-annotate-as-pure@7.27.3
297 silly packumentCache full:https://registry.npmjs.org/@babel%2fhelper-annotate-as-pure cache-miss
298 http cache https://registry.npmjs.org/source-map-support 75ms (cache hit)
299 silly packumentCache full:https://registry.npmjs.org/source-map-support set size:125488 disposed:false
300 silly fetch manifest @babel/helper-split-export-declaration@7.24.7
301 silly packumentCache full:https://registry.npmjs.org/@babel%2fhelper-split-export-declaration cache-miss
302 http cache https://registry.npmjs.org/istanbul-lib-instrument 53ms (cache hit)
303 silly packumentCache full:https://registry.npmjs.org/istanbul-lib-instrument set size:219175 disposed:false
304 silly fetch manifest lmdb@3.5.1
305 silly packumentCache full:https://registry.npmjs.org/lmdb cache-miss
306 http cache https://registry.npmjs.org/@vitejs%2fplugin-basic-ssl 52ms (cache hit)
307 silly packumentCache full:https://registry.npmjs.org/@vitejs%2fplugin-basic-ssl set size:45104 disposed:false
308 silly fetch manifest yargs@^18.0.0
309 silly packumentCache full:https://registry.npmjs.org/yargs cache-miss
310 http cache https://registry.npmjs.org/@angular-devkit%2farchitect 57ms (cache hit)
311 silly packumentCache full:https://registry.npmjs.org/@angular-devkit%2farchitect set size:2150835 disposed:false
312 silly fetch manifest semver@^7.0.0
313 silly packumentCache full:https://registry.npmjs.org/semver cache-hit
314 silly fetch manifest chokidar@^5.0.0
315 silly packumentCache full:https://registry.npmjs.org/chokidar cache-miss
316 http cache https://registry.npmjs.org/@ampproject%2fremapping 110ms (cache hit)
317 silly packumentCache full:https://registry.npmjs.org/@ampproject%2fremapping set size:88598 disposed:false
318 silly fetch manifest reflect-metadata@^0.2.0
319 silly packumentCache full:https://registry.npmjs.org/reflect-metadata cache-miss
320 http cache https://registry.npmjs.org/parse5-html-rewriting-stream 79ms (cache hit)
321 silly packumentCache full:https://registry.npmjs.org/parse5-html-rewriting-stream set size:23913 disposed:false
322 silly fetch manifest convert-source-map@^1.5.1
323 silly packumentCache full:https://registry.npmjs.org/convert-source-map cache-miss
324 http cache https://registry.npmjs.org/@babel%2fhelper-annotate-as-pure 80ms (cache hit)
325 silly packumentCache full:https://registry.npmjs.org/@babel%2fhelper-annotate-as-pure set size:175447 disposed:false
326 silly fetch manifest @jridgewell/sourcemap-codec@^1.4.14
327 silly packumentCache full:https://registry.npmjs.org/@jridgewell%2fsourcemap-codec cache-miss
328 http cache https://registry.npmjs.org/@babel%2fhelper-split-export-declaration 83ms (cache hit)
329 silly packumentCache full:https://registry.npmjs.org/@babel%2fhelper-split-export-declaration set size:132747 disposed:false
330 silly fetch manifest ini@6.0.0
331 silly packumentCache full:https://registry.npmjs.org/ini cache-miss
332 http cache https://registry.npmjs.org/reflect-metadata 27ms (cache hit)
333 silly packumentCache full:https://registry.npmjs.org/reflect-metadata set size:61305 disposed:false
334 silly fetch manifest zod@4.3.6
335 silly packumentCache full:https://registry.npmjs.org/zod cache-miss
336 http cache https://registry.npmjs.org/yargs 77ms (cache hit)
337 silly packumentCache full:https://registry.npmjs.org/yargs set size:743056 disposed:false
338 silly fetch manifest yargs@18.0.0
339 silly packumentCache full:https://registry.npmjs.org/yargs cache-hit
340 silly fetch manifest pacote@21.3.1
341 silly packumentCache full:https://registry.npmjs.org/pacote cache-miss
342 http cache https://registry.npmjs.org/convert-source-map 42ms (cache hit)
343 silly packumentCache full:https://registry.npmjs.org/convert-source-map set size:66997 disposed:false
344 silly fetch manifest algoliasearch@5.48.1
345 silly packumentCache full:https://registry.npmjs.org/algoliasearch cache-miss
346 http cache https://registry.npmjs.org/@jridgewell%2fsourcemap-codec 37ms (cache hit)
347 silly packumentCache full:https://registry.npmjs.org/@jridgewell%2fsourcemap-codec set size:51856 disposed:false
348 silly fetch manifest npm-package-arg@13.0.2
349 silly packumentCache full:https://registry.npmjs.org/npm-package-arg cache-miss
350 http cache https://registry.npmjs.org/chokidar 55ms (cache hit)
351 silly packumentCache full:https://registry.npmjs.org/chokidar set size:255902 disposed:false
352 silly fetch manifest @inquirer/prompts@7.10.1
353 silly packumentCache full:https://registry.npmjs.org/@inquirer%2fprompts cache-miss
354 http cache https://registry.npmjs.org/lmdb 110ms (cache hit)
355 silly packumentCache full:https://registry.npmjs.org/lmdb set size:972150 disposed:false
356 silly fetch manifest @yarnpkg/lockfile@1.1.0
357 silly packumentCache full:https://registry.npmjs.org/@yarnpkg%2flockfile cache-miss
358 http cache https://registry.npmjs.org/ini 57ms (cache hit)
359 silly packumentCache full:https://registry.npmjs.org/ini set size:59180 disposed:false
360 silly fetch manifest @schematics/angular@21.2.11
361 silly packumentCache full:https://registry.npmjs.org/@schematics%2fangular cache-miss
362 http cache https://registry.npmjs.org/pacote 51ms (cache hit)
363 silly packumentCache full:https://registry.npmjs.org/pacote set size:760545 disposed:false
364 silly fetch manifest @angular-devkit/core@21.2.11
365 silly packumentCache full:https://registry.npmjs.org/@angular-devkit%2fcore cache-miss
366 http cache https://registry.npmjs.org/zod 94ms (cache hit)
367 silly packumentCache full:https://registry.npmjs.org/zod set size:3552562 disposed:false
368 silly fetch manifest @modelcontextprotocol/sdk@1.26.0
369 silly packumentCache full:https://registry.npmjs.org/@modelcontextprotocol%2fsdk cache-miss
370 http cache https://registry.npmjs.org/@yarnpkg%2flockfile 89ms (cache hit)
371 silly packumentCache full:https://registry.npmjs.org/@yarnpkg%2flockfile set size:8937 disposed:false
372 silly fetch manifest @angular-devkit/schematics@21.2.11
373 silly packumentCache full:https://registry.npmjs.org/@angular-devkit%2fschematics cache-miss
374 http cache https://registry.npmjs.org/@inquirer%2fprompts 105ms (cache hit)
375 silly packumentCache full:https://registry.npmjs.org/@inquirer%2fprompts set size:323131 disposed:false
376 silly fetch manifest @listr2/prompt-adapter-inquirer@3.0.5
377 silly packumentCache full:https://registry.npmjs.org/@listr2%2fprompt-adapter-inquirer cache-miss
378 http cache https://registry.npmjs.org/algoliasearch 135ms (cache hit)
379 silly packumentCache full:https://registry.npmjs.org/algoliasearch set size:1787613 disposed:false
380 silly fetch manifest @standard-schema/spec@^1.0.0
381 silly packumentCache full:https://registry.npmjs.org/@standard-schema%2fspec cache-miss
382 http cache https://registry.npmjs.org/npm-package-arg 169ms (cache hit)
383 silly packumentCache full:https://registry.npmjs.org/npm-package-arg set size:133940 disposed:false
384 silly fetch manifest @kurkle/color@^0.3.0
385 silly packumentCache full:https://registry.npmjs.org/@kurkle%2fcolor cache-miss
386 http cache https://registry.npmjs.org/@schematics%2fangular 172ms (cache hit)
387 silly packumentCache full:https://registry.npmjs.org/@schematics%2fangular set size:2360292 disposed:false
388 silly fetch manifest saxes@^6.0.0
389 silly packumentCache full:https://registry.npmjs.org/saxes cache-miss
390 http cache https://registry.npmjs.org/@modelcontextprotocol%2fsdk 136ms (cache hit)
391 silly packumentCache full:https://registry.npmjs.org/@modelcontextprotocol%2fsdk set size:295652 disposed:false
392 silly fetch manifest parse5@^8.0.0
393 silly packumentCache full:https://registry.npmjs.org/parse5 cache-miss
394 http cache https://registry.npmjs.org/@listr2%2fprompt-adapter-inquirer 128ms (cache hit)
395 silly packumentCache full:https://registry.npmjs.org/@listr2%2fprompt-adapter-inquirer set size:128897 disposed:false
396 silly fetch manifest undici@^7.21.0
397 silly packumentCache full:https://registry.npmjs.org/undici cache-miss
398 http cache https://registry.npmjs.org/@angular-devkit%2fcore 211ms (cache hit)
399 silly packumentCache full:https://registry.npmjs.org/@angular-devkit%2fcore set size:2351615 disposed:false
400 silly fetch manifest cssstyle@^6.0.1
401 silly packumentCache full:https://registry.npmjs.org/cssstyle cache-miss
402 http cache https://registry.npmjs.org/@angular-devkit%2fschematics 200ms (cache hit)
403 silly packumentCache full:https://registry.npmjs.org/@angular-devkit%2fschematics set size:2303419 disposed:false
404 silly fetch manifest data-urls@^7.0.0
405 silly packumentCache full:https://registry.npmjs.org/data-urls cache-miss
406 http cache https://registry.npmjs.org/@standard-schema%2fspec 222ms (cache hit)
407 silly packumentCache full:https://registry.npmjs.org/@standard-schema%2fspec set size:27284 disposed:false
408 silly fetch manifest decimal.js@^10.6.0
409 silly packumentCache full:https://registry.npmjs.org/decimal.js cache-miss
410 http cache https://registry.npmjs.org/@kurkle%2fcolor 222ms (cache hit)
411 silly packumentCache full:https://registry.npmjs.org/@kurkle%2fcolor set size:59341 disposed:false
412 silly fetch manifest whatwg-url@^16.0.0
413 silly packumentCache full:https://registry.npmjs.org/whatwg-url cache-miss
414 http cache https://registry.npmjs.org/undici 164ms (cache hit)
415 silly packumentCache full:https://registry.npmjs.org/undici set size:1412963 disposed:false
416 silly fetch manifest symbol-tree@^3.2.4
417 silly packumentCache full:https://registry.npmjs.org/symbol-tree cache-miss
418 http cache https://registry.npmjs.org/parse5 190ms (cache hit)
419 silly packumentCache full:https://registry.npmjs.org/parse5 set size:123116 disposed:false
420 silly fetch manifest tough-cookie@^6.0.0
421 silly packumentCache full:https://registry.npmjs.org/tough-cookie cache-miss
422 http cache https://registry.npmjs.org/saxes 208ms (cache hit)
423 silly packumentCache full:https://registry.npmjs.org/saxes set size:228593 disposed:false
424 silly fetch manifest @acemir/cssom@^0.9.31
425 silly packumentCache full:https://registry.npmjs.org/@acemir%2fcssom cache-miss
426 http cache https://registry.npmjs.org/data-urls 64ms (cache hit)
427 silly packumentCache full:https://registry.npmjs.org/data-urls set size:37311 disposed:false
428 silly fetch manifest @exodus/bytes@^1.11.0
429 silly packumentCache full:https://registry.npmjs.org/@exodus%2fbytes cache-miss
430 http cache https://registry.npmjs.org/cssstyle 158ms (cache hit)
431 silly packumentCache full:https://registry.npmjs.org/cssstyle set size:165320 disposed:false
432 silly fetch manifest whatwg-mimetype@^5.0.0
433 silly packumentCache full:https://registry.npmjs.org/whatwg-mimetype cache-miss
434 http cache https://registry.npmjs.org/whatwg-url 64ms (cache hit)
435 silly packumentCache full:https://registry.npmjs.org/whatwg-url set size:170765 disposed:false
436 silly fetch manifest http-proxy-agent@^7.0.2
437 silly packumentCache full:https://registry.npmjs.org/http-proxy-agent cache-miss
438 http cache https://registry.npmjs.org/decimal.js 79ms (cache hit)
439 silly packumentCache full:https://registry.npmjs.org/decimal.js set size:107790 disposed:false
440 silly fetch manifest https-proxy-agent@^7.0.6
441 silly packumentCache full:https://registry.npmjs.org/https-proxy-agent cache-hit
442 silly fetch manifest w3c-xmlserializer@^5.0.0
443 silly packumentCache full:https://registry.npmjs.org/w3c-xmlserializer cache-miss
444 http cache https://registry.npmjs.org/symbol-tree 54ms (cache hit)
445 silly packumentCache full:https://registry.npmjs.org/symbol-tree set size:60614 disposed:false
446 silly fetch manifest webidl-conversions@^8.0.1
447 silly packumentCache full:https://registry.npmjs.org/webidl-conversions cache-miss
448 http cache https://registry.npmjs.org/tough-cookie 53ms (cache hit)
449 silly packumentCache full:https://registry.npmjs.org/tough-cookie set size:149007 disposed:false
450 silly fetch manifest xml-name-validator@^5.0.0
451 silly packumentCache full:https://registry.npmjs.org/xml-name-validator cache-miss
452 http cache https://registry.npmjs.org/@exodus%2fbytes 49ms (cache hit)
453 silly packumentCache full:https://registry.npmjs.org/@exodus%2fbytes set size:204414 disposed:false
454 silly fetch manifest @bramus/specificity@^2.4.2
455 silly packumentCache full:https://registry.npmjs.org/@bramus%2fspecificity cache-miss
456 http cache https://registry.npmjs.org/@acemir%2fcssom 62ms (cache hit)
457 silly packumentCache full:https://registry.npmjs.org/@acemir%2fcssom set size:54817 disposed:false
458 silly fetch manifest html-encoding-sniffer@^6.0.0
459 silly packumentCache full:https://registry.npmjs.org/html-encoding-sniffer cache-miss
460 http cache https://registry.npmjs.org/http-proxy-agent 46ms (cache hit)
461 silly packumentCache full:https://registry.npmjs.org/http-proxy-agent set size:54849 disposed:false
462 silly fetch manifest @asamuzakjp/dom-selector@^6.8.1
463 silly packumentCache full:https://registry.npmjs.org/@asamuzakjp%2fdom-selector cache-miss
464 http cache https://registry.npmjs.org/whatwg-mimetype 57ms (cache hit)
465 silly packumentCache full:https://registry.npmjs.org/whatwg-mimetype set size:28179 disposed:false
466 silly fetch manifest is-potential-custom-element-name@^1.0.1
467 silly packumentCache full:https://registry.npmjs.org/is-potential-custom-element-name cache-miss
468 http cache https://registry.npmjs.org/w3c-xmlserializer 43ms (cache hit)
469 silly packumentCache full:https://registry.npmjs.org/w3c-xmlserializer set size:36375 disposed:false
470 silly fetch manifest es-toolkit@^1.39.7
471 silly packumentCache full:https://registry.npmjs.org/es-toolkit cache-miss
472 http cache https://registry.npmjs.org/xml-name-validator 35ms (cache hit)
473 silly packumentCache full:https://registry.npmjs.org/xml-name-validator set size:11085 disposed:false
474 silly fetch manifest es-module-lexer@^2.0.0
475 silly packumentCache full:https://registry.npmjs.org/es-module-lexer cache-miss
476 http cache https://registry.npmjs.org/webidl-conversions 44ms (cache hit)
477 silly packumentCache full:https://registry.npmjs.org/webidl-conversions set size:46073 disposed:false
478 silly fetch manifest expect-type@^1.3.0
479 silly packumentCache full:https://registry.npmjs.org/expect-type cache-miss
480 http cache https://registry.npmjs.org/@bramus%2fspecificity 33ms (cache hit)
481 silly packumentCache full:https://registry.npmjs.org/@bramus%2fspecificity set size:99385 disposed:false
482 silly fetch manifest magic-string@^0.30.21
483 silly packumentCache full:https://registry.npmjs.org/magic-string cache-hit
484 silly fetch manifest obug@^2.1.1
485 silly packumentCache full:https://registry.npmjs.org/obug cache-miss
486 http cache https://registry.npmjs.org/is-potential-custom-element-name 30ms (cache hit)
487 silly packumentCache full:https://registry.npmjs.org/is-potential-custom-element-name set size:6810 disposed:false
488 silly fetch manifest pathe@^2.0.3
489 silly packumentCache full:https://registry.npmjs.org/pathe cache-miss
490 http cache https://registry.npmjs.org/html-encoding-sniffer 36ms (cache hit)
491 silly packumentCache full:https://registry.npmjs.org/html-encoding-sniffer set size:23370 disposed:false
492 silly fetch manifest picomatch@^4.0.3
493 silly packumentCache full:https://registry.npmjs.org/picomatch cache-hit
494 silly fetch manifest std-env@^4.0.0-rc.1
495 silly packumentCache full:https://registry.npmjs.org/std-env cache-miss
496 http cache https://registry.npmjs.org/@asamuzakjp%2fdom-selector 39ms (cache hit)
497 silly packumentCache full:https://registry.npmjs.org/@asamuzakjp%2fdom-selector set size:632024 disposed:false
498 silly fetch manifest tinybench@^2.9.0
499 silly packumentCache full:https://registry.npmjs.org/tinybench cache-miss
500 http cache https://registry.npmjs.org/es-toolkit 92ms (cache hit)
501 silly packumentCache full:https://registry.npmjs.org/es-toolkit set size:10598985 disposed:false
502 silly fetch manifest tinyexec@^1.0.2
503 silly packumentCache full:https://registry.npmjs.org/tinyexec cache-miss
504 http cache https://registry.npmjs.org/obug 203ms (cache hit)
505 silly packumentCache full:https://registry.npmjs.org/obug set size:37457 disposed:false
506 silly fetch manifest tinyglobby@^0.2.15
507 silly packumentCache full:https://registry.npmjs.org/tinyglobby cache-hit
508 silly fetch manifest tinyrainbow@^3.1.0
509 silly packumentCache full:https://registry.npmjs.org/tinyrainbow cache-miss
510 http cache https://registry.npmjs.org/es-module-lexer 216ms (cache hit)
511 silly packumentCache full:https://registry.npmjs.org/es-module-lexer set size:205389 disposed:false
512 silly fetch manifest vite@^6.0.0 || ^7.0.0 || ^8.0.0
513 silly packumentCache full:https://registry.npmjs.org/vite cache-miss
514 http cache https://registry.npmjs.org/expect-type 219ms (cache hit)
515 silly packumentCache full:https://registry.npmjs.org/expect-type set size:185336 disposed:false
516 silly fetch manifest why-is-node-running@^2.3.0
517 silly packumentCache full:https://registry.npmjs.org/why-is-node-running cache-miss
518 http cache https://registry.npmjs.org/pathe 219ms (cache hit)
519 silly packumentCache full:https://registry.npmjs.org/pathe set size:68788 disposed:false
520 silly fetch manifest @vitest/pretty-format@4.1.7
521 silly packumentCache full:https://registry.npmjs.org/@vitest%2fpretty-format cache-miss
522 http cache https://registry.npmjs.org/std-env 220ms (cache hit)
523 silly packumentCache full:https://registry.npmjs.org/std-env set size:88574 disposed:false
524 silly fetch manifest @vitest/expect@4.1.7
525 silly packumentCache full:https://registry.npmjs.org/@vitest%2fexpect cache-miss
526 http cache https://registry.npmjs.org/tinybench 207ms (cache hit)
527 silly packumentCache full:https://registry.npmjs.org/tinybench set size:145657 disposed:false
528 silly fetch manifest @vitest/runner@4.1.7
529 silly packumentCache full:https://registry.npmjs.org/@vitest%2frunner cache-miss
530 http cache https://registry.npmjs.org/tinyexec 47ms (cache hit)
531 silly packumentCache full:https://registry.npmjs.org/tinyexec set size:51809 disposed:false
532 silly fetch manifest @vitest/spy@4.1.7
533 silly packumentCache full:https://registry.npmjs.org/@vitest%2fspy cache-miss
534 http cache https://registry.npmjs.org/@vitest%2fpretty-format 34ms (cache hit)
535 silly packumentCache full:https://registry.npmjs.org/@vitest%2fpretty-format set size:260763 disposed:false
536 silly fetch manifest @vitest/mocker@4.1.7
537 silly packumentCache full:https://registry.npmjs.org/@vitest%2fmocker cache-miss
538 http cache https://registry.npmjs.org/tinyrainbow 65ms (cache hit)
539 silly packumentCache full:https://registry.npmjs.org/tinyrainbow set size:23953 disposed:false
540 silly fetch manifest @vitest/snapshot@4.1.7
541 silly packumentCache full:https://registry.npmjs.org/@vitest%2fsnapshot cache-miss
542 http cache https://registry.npmjs.org/why-is-node-running 55ms (cache hit)
543 silly packumentCache full:https://registry.npmjs.org/why-is-node-running set size:50482 disposed:false
544 silly fetch manifest @vitest/utils@4.1.7
545 silly packumentCache full:https://registry.npmjs.org/@vitest%2futils cache-miss
546 http cache https://registry.npmjs.org/@vitest%2fexpect 67ms (cache hit)
547 silly packumentCache full:https://registry.npmjs.org/@vitest%2fexpect set size:462567 disposed:false
548 http cache https://registry.npmjs.org/@vitest%2fspy 70ms (cache hit)
549 silly packumentCache full:https://registry.npmjs.org/@vitest%2fspy set size:428092 disposed:false
550 http cache https://registry.npmjs.org/@vitest%2frunner 84ms (cache hit)
551 silly packumentCache full:https://registry.npmjs.org/@vitest%2frunner set size:449701 disposed:false
552 http cache https://registry.npmjs.org/vite 273ms (cache hit)
553 silly packumentCache full:https://registry.npmjs.org/vite set size:38838042 disposed:false
554 http cache https://registry.npmjs.org/@vitest%2fmocker 553ms (cache hit)
555 silly packumentCache full:https://registry.npmjs.org/@vitest%2fmocker set size:300541 disposed:false
556 http cache https://registry.npmjs.org/@vitest%2futils 554ms (cache hit)
557 silly packumentCache full:https://registry.npmjs.org/@vitest%2futils set size:551686 disposed:false
558 http cache https://registry.npmjs.org/@vitest%2fsnapshot 573ms (cache hit)
559 silly packumentCache full:https://registry.npmjs.org/@vitest%2fsnapshot set size:437169 disposed:false
560 silly fetch manifest @types/node@^20.19.0 || >=22.12.0
561 silly packumentCache full:https://registry.npmjs.org/@types%2fnode cache-miss
562 http cache https://registry.npmjs.org/@types%2fnode 66ms (cache hit)
563 silly packumentCache full:https://registry.npmjs.org/@types%2fnode set size:11015753 disposed:false
564 silly fetch manifest jiti@>=1.21.0
565 silly packumentCache full:https://registry.npmjs.org/jiti cache-miss
566 http cache https://registry.npmjs.org/jiti 18ms (cache hit)
567 silly packumentCache full:https://registry.npmjs.org/jiti set size:387989 disposed:false
568 silly fetch manifest lightningcss@^1.21.0
569 silly packumentCache full:https://registry.npmjs.org/lightningcss cache-miss
570 http cache https://registry.npmjs.org/lightningcss 43ms (cache hit)
571 silly packumentCache full:https://registry.npmjs.org/lightningcss set size:186753 disposed:false
572 silly fetch manifest sass-embedded@^1.70.0
573 silly packumentCache full:https://registry.npmjs.org/sass-embedded cache-miss
574 http cache https://registry.npmjs.org/sass-embedded 11ms (cache hit)
575 silly packumentCache full:https://registry.npmjs.org/sass-embedded set size:415594 disposed:false
576 silly fetch manifest stylus@>=0.54.8
577 silly packumentCache full:https://registry.npmjs.org/stylus cache-miss
578 http cache https://registry.npmjs.org/stylus 16ms (cache hit)
579 silly packumentCache full:https://registry.npmjs.org/stylus set size:286766 disposed:false
580 silly fetch manifest sugarss@^5.0.0
581 silly packumentCache full:https://registry.npmjs.org/sugarss cache-miss
582 http cache https://registry.npmjs.org/sugarss 8ms (cache hit)
583 silly packumentCache full:https://registry.npmjs.org/sugarss set size:44975 disposed:false
584 silly fetch manifest terser@^5.16.0
585 silly packumentCache full:https://registry.npmjs.org/terser cache-miss
586 http cache https://registry.npmjs.org/terser 11ms (cache hit)
587 silly packumentCache full:https://registry.npmjs.org/terser set size:800268 disposed:false
588 silly fetch manifest tsx@^4.8.1
589 silly packumentCache full:https://registry.npmjs.org/tsx cache-miss
590 http cache https://registry.npmjs.org/tsx 14ms (cache hit)
591 silly packumentCache full:https://registry.npmjs.org/tsx set size:302158 disposed:false
592 silly fetch manifest yaml@^2.4.2
593 silly packumentCache full:https://registry.npmjs.org/yaml cache-miss
594 http cache https://registry.npmjs.org/yaml 11ms (cache hit)
595 silly packumentCache full:https://registry.npmjs.org/yaml set size:385754 disposed:false
596 silly fetch manifest @types/node@>=18
597 silly packumentCache full:https://registry.npmjs.org/@types%2fnode cache-miss
598 http cache https://registry.npmjs.org/@types%2fnode 64ms (cache hit)
599 silly packumentCache full:https://registry.npmjs.org/@types%2fnode set size:11015753 disposed:false
600 silly placeDep ROOT @ampproject/remapping@2.3.0 OK for: @angular/build@21.2.11 want: 2.3.0
601 silly placeDep ROOT @angular-devkit/architect@0.2102.11 OK for: @angular/build@21.2.11 want: 0.2102.11
602 silly placeDep ROOT @babel/core@7.29.0 OK for: @angular/build@21.2.11 want: 7.29.0
603 silly placeDep ROOT @babel/helper-annotate-as-pure@7.27.3 OK for: @angular/build@21.2.11 want: 7.27.3
604 silly placeDep ROOT @babel/helper-split-export-declaration@7.24.7 OK for: @angular/build@21.2.11 want: 7.24.7
605 silly placeDep ROOT @inquirer/confirm@5.1.21 OK for: @angular/build@21.2.11 want: 5.1.21
606 silly placeDep ROOT @vitejs/plugin-basic-ssl@2.1.4 OK for: @angular/build@21.2.11 want: 2.1.4
607 silly placeDep ROOT vite@7.3.2 OK for: @vitejs/plugin-basic-ssl@2.1.4 want: ^6.0.0 || ^7.0.0
608 silly placeDep ROOT beasties@0.4.1 OK for: @angular/build@21.2.11 want: 0.4.1
609 silly placeDep ROOT browserslist@4.28.2 OK for: @angular/build@21.2.11 want: ^4.26.0
610 silly placeDep ROOT esbuild@0.27.3 OK for: @angular/build@21.2.11 want: 0.27.3
611 silly placeDep ROOT https-proxy-agent@7.0.6 OK for: @angular/build@21.2.11 want: 7.0.6
612 silly placeDep ROOT istanbul-lib-instrument@6.0.3 OK for: @angular/build@21.2.11 want: 6.0.3
613 silly placeDep ROOT jsonc-parser@3.3.1 OK for: @angular/build@21.2.11 want: 3.3.1
614 silly placeDep ROOT listr2@9.0.5 OK for: @angular/build@21.2.11 want: 9.0.5
615 silly placeDep ROOT lmdb@3.5.1 OK for: @angular/build@21.2.11 want: 3.5.1
616 silly placeDep ROOT magic-string@0.30.21 OK for: @angular/build@21.2.11 want: 0.30.21
617 silly placeDep ROOT mrmime@2.0.1 OK for: @angular/build@21.2.11 want: 2.0.1
618 silly placeDep ROOT parse5-html-rewriting-stream@8.0.0 OK for: @angular/build@21.2.11 want: 8.0.0
619 silly placeDep ROOT picomatch@4.0.4 OK for: @angular/build@21.2.11 want: 4.0.4
620 silly placeDep ROOT piscina@5.1.4 OK for: @angular/build@21.2.11 want: 5.1.4
621 silly placeDep ROOT rolldown@1.0.0-rc.4 OK for: @angular/build@21.2.11 want: 1.0.0-rc.4
622 silly placeDep ROOT sass@1.97.3 OK for: @angular/build@21.2.11 want: 1.97.3
623 silly placeDep ROOT semver@7.7.4 OK for: @angular/build@21.2.11 want: 7.7.4
624 silly placeDep ROOT source-map-support@0.5.21 OK for: @angular/build@21.2.11 want: 0.5.21
625 silly placeDep ROOT tinyglobby@0.2.15 OK for: @angular/build@21.2.11 want: 0.2.15
626 silly placeDep ROOT undici@7.24.4 OK for: @angular/build@21.2.11 want: 7.24.4
627 silly placeDep ROOT watchpack@2.5.1 OK for: @angular/build@21.2.11 want: 2.5.1
628 silly fetch manifest @jridgewell/gen-mapping@^0.3.5
629 silly packumentCache full:https://registry.npmjs.org/@jridgewell%2fgen-mapping cache-miss
630 silly fetch manifest @jridgewell/trace-mapping@^0.3.24
631 silly packumentCache full:https://registry.npmjs.org/@jridgewell%2ftrace-mapping cache-miss
632 silly fetch manifest debug@^4.1.0
633 silly packumentCache full:https://registry.npmjs.org/debug cache-miss
634 silly fetch manifest json5@^2.2.3
635 silly packumentCache full:https://registry.npmjs.org/json5 cache-miss
636 silly fetch manifest semver@^6.3.1
637 silly packumentCache full:https://registry.npmjs.org/semver cache-hit
638 silly fetch manifest gensync@^1.0.0-beta.2
639 silly packumentCache full:https://registry.npmjs.org/gensync cache-miss
640 silly fetch manifest @babel/types@^7.29.0
641 silly packumentCache full:https://registry.npmjs.org/@babel%2ftypes cache-miss
642 silly fetch manifest @babel/parser@^7.29.0
643 silly packumentCache full:https://registry.npmjs.org/@babel%2fparser cache-miss
644 http cache https://registry.npmjs.org/json5 20ms (cache hit)
645 silly packumentCache full:https://registry.npmjs.org/json5 set size:86136 disposed:false
646 silly fetch manifest @babel/helpers@^7.28.6
647 silly packumentCache full:https://registry.npmjs.org/@babel%2fhelpers cache-miss
648 http cache https://registry.npmjs.org/debug 31ms (cache hit)
649 silly packumentCache full:https://registry.npmjs.org/debug set size:195840 disposed:false
650 silly fetch manifest @babel/template@^7.28.6
651 silly packumentCache full:https://registry.npmjs.org/@babel%2ftemplate cache-miss
652 http cache https://registry.npmjs.org/@jridgewell%2ftrace-mapping 43ms (cache hit)
653 silly packumentCache full:https://registry.npmjs.org/@jridgewell%2ftrace-mapping set size:170909 disposed:false
654 silly fetch manifest @babel/traverse@^7.29.0
655 silly packumentCache full:https://registry.npmjs.org/@babel%2ftraverse cache-miss
656 http cache https://registry.npmjs.org/gensync 49ms (cache hit)
657 silly packumentCache full:https://registry.npmjs.org/gensync set size:15068 disposed:false
658 silly fetch manifest @babel/generator@^7.29.0
659 silly packumentCache full:https://registry.npmjs.org/@babel%2fgenerator cache-miss
660 http cache https://registry.npmjs.org/@jridgewell%2fgen-mapping 58ms (cache hit)
661 silly packumentCache full:https://registry.npmjs.org/@jridgewell%2fgen-mapping set size:75941 disposed:false
662 silly fetch manifest @babel/code-frame@^7.29.0
663 silly packumentCache full:https://registry.npmjs.org/@babel%2fcode-frame cache-miss
664 http cache https://registry.npmjs.org/@babel%2ftypes 59ms (cache hit)
665 silly packumentCache full:https://registry.npmjs.org/@babel%2ftypes set size:491978 disposed:false
666 silly fetch manifest convert-source-map@^2.0.0
667 silly packumentCache full:https://registry.npmjs.org/convert-source-map cache-hit
668 silly fetch manifest @jridgewell/remapping@^2.3.5
669 silly packumentCache full:https://registry.npmjs.org/@jridgewell%2fremapping cache-miss
670 http cache https://registry.npmjs.org/@babel%2fparser 75ms (cache hit)
671 silly packumentCache full:https://registry.npmjs.org/@babel%2fparser set size:725652 disposed:false
672 silly fetch manifest @babel/helper-module-transforms@^7.28.6
673 silly packumentCache full:https://registry.npmjs.org/@babel%2fhelper-module-transforms cache-miss
674 http cache https://registry.npmjs.org/@babel%2ftemplate 72ms (cache hit)
675 silly packumentCache full:https://registry.npmjs.org/@babel%2ftemplate set size:231020 disposed:false
676 silly fetch manifest @babel/helper-compilation-targets@^7.28.6
677 silly packumentCache full:https://registry.npmjs.org/@babel%2fhelper-compilation-targets cache-miss
678 http cache https://registry.npmjs.org/@babel%2fhelpers 97ms (cache hit)
679 silly packumentCache full:https://registry.npmjs.org/@babel%2fhelpers set size:392204 disposed:false
680 silly fetch manifest @babel/types@^7.27.3
681 silly packumentCache full:https://registry.npmjs.org/@babel%2ftypes cache-hit
682 silly fetch manifest @babel/types@^7.24.7
683 silly packumentCache full:https://registry.npmjs.org/@babel%2ftypes cache-hit
684 silly fetch manifest @inquirer/core@^10.3.2
685 silly packumentCache full:https://registry.npmjs.org/@inquirer%2fcore cache-miss
686 http cache https://registry.npmjs.org/@babel%2ftraverse 86ms (cache hit)
687 silly packumentCache full:https://registry.npmjs.org/@babel%2ftraverse set size:553169 disposed:false
688 silly fetch manifest @inquirer/type@^3.0.10
689 silly packumentCache full:https://registry.npmjs.org/@inquirer%2ftype cache-miss
690 http cache https://registry.npmjs.org/@babel%2fgenerator 91ms (cache hit)
691 silly packumentCache full:https://registry.npmjs.org/@babel%2fgenerator set size:511498 disposed:false
692 silly fetch manifest fdir@^6.5.0
693 silly packumentCache full:https://registry.npmjs.org/fdir cache-miss
694 http cache https://registry.npmjs.org/@babel%2fcode-frame 92ms (cache hit)
695 silly packumentCache full:https://registry.npmjs.org/@babel%2fcode-frame set size:200237 disposed:false
696 silly fetch manifest rollup@^4.43.0
697 silly packumentCache full:https://registry.npmjs.org/rollup cache-miss
698 http cache https://registry.npmjs.org/@jridgewell%2fremapping 80ms (cache hit)
699 silly packumentCache full:https://registry.npmjs.org/@jridgewell%2fremapping set size:23809 disposed:false
700 silly fetch manifest esbuild@^0.27.0
701 silly packumentCache full:https://registry.npmjs.org/esbuild cache-miss
702 http cache https://registry.npmjs.org/@babel%2fhelper-module-transforms 62ms (cache hit)
703 silly packumentCache full:https://registry.npmjs.org/@babel%2fhelper-module-transforms set size:337711 disposed:false
704 silly fetch manifest postcss@^8.5.6
705 silly packumentCache full:https://registry.npmjs.org/postcss cache-hit
706 silly fetch manifest fsevents@~2.3.3
707 silly packumentCache full:https://registry.npmjs.org/fsevents cache-miss
708 http cache https://registry.npmjs.org/@inquirer%2ftype 44ms (cache hit)
709 silly packumentCache full:https://registry.npmjs.org/@inquirer%2ftype set size:115206 disposed:false
710 silly fetch manifest postcss@^8.4.49
711 silly packumentCache full:https://registry.npmjs.org/postcss cache-hit
712 silly fetch manifest css-what@^7.0.0
713 silly packumentCache full:https://registry.npmjs.org/css-what cache-miss
714 http cache https://registry.npmjs.org/@babel%2fhelper-compilation-targets 75ms (cache hit)
715 silly packumentCache full:https://registry.npmjs.org/@babel%2fhelper-compilation-targets set size:222906 disposed:false
716 silly fetch manifest css-select@^6.0.0
717 silly packumentCache full:https://registry.npmjs.org/css-select cache-miss
718 http cache https://registry.npmjs.org/fdir 55ms (cache hit)
719 silly packumentCache full:https://registry.npmjs.org/fdir set size:136182 disposed:false
720 silly fetch manifest domhandler@^5.0.3
721 silly packumentCache full:https://registry.npmjs.org/domhandler cache-miss
722 http cache https://registry.npmjs.org/esbuild 60ms (cache hit)
723 silly packumentCache full:https://registry.npmjs.org/esbuild set size:1254708 disposed:false
724 silly fetch manifest picocolors@^1.1.1
725 silly packumentCache full:https://registry.npmjs.org/picocolors cache-miss
726 http cache https://registry.npmjs.org/@inquirer%2fcore 112ms (cache hit)
727 silly packumentCache full:https://registry.npmjs.org/@inquirer%2fcore set size:347868 disposed:false
728 silly fetch manifest htmlparser2@^10.0.0
729 silly packumentCache full:https://registry.npmjs.org/htmlparser2 cache-miss
730 http cache https://registry.npmjs.org/rollup 126ms (cache hit)
731 silly packumentCache full:https://registry.npmjs.org/rollup set size:6193699 disposed:false
732 silly fetch manifest dom-serializer@^2.0.0
733 silly packumentCache full:https://registry.npmjs.org/dom-serializer cache-miss
734 http cache https://registry.npmjs.org/fsevents 207ms (cache hit)
735 silly packumentCache full:https://registry.npmjs.org/fsevents set size:182472 disposed:false
736 silly fetch manifest postcss-safe-parser@^7.0.1
737 silly packumentCache full:https://registry.npmjs.org/postcss-safe-parser cache-miss
738 http cache https://registry.npmjs.org/css-what 206ms (cache hit)
739 silly packumentCache full:https://registry.npmjs.org/css-what set size:81721 disposed:false
740 silly fetch manifest postcss-media-query-parser@^0.2.3
741 silly packumentCache full:https://registry.npmjs.org/postcss-media-query-parser cache-miss
742 http cache https://registry.npmjs.org/domhandler 191ms (cache hit)
743 silly packumentCache full:https://registry.npmjs.org/domhandler set size:78187 disposed:false
744 silly fetch manifest baseline-browser-mapping@^2.10.12
745 silly packumentCache full:https://registry.npmjs.org/baseline-browser-mapping cache-miss
746 http cache https://registry.npmjs.org/css-select 208ms (cache hit)
747 silly packumentCache full:https://registry.npmjs.org/css-select set size:111202 disposed:false
748 silly fetch manifest caniuse-lite@^1.0.30001782
749 silly packumentCache full:https://registry.npmjs.org/caniuse-lite cache-miss
750 http cache https://registry.npmjs.org/dom-serializer 39ms (cache hit)
751 silly packumentCache full:https://registry.npmjs.org/dom-serializer set size:61296 disposed:false
752 silly fetch manifest electron-to-chromium@^1.5.328
753 silly packumentCache full:https://registry.npmjs.org/electron-to-chromium cache-miss
754 http cache https://registry.npmjs.org/postcss-safe-parser 36ms (cache hit)
755 silly packumentCache full:https://registry.npmjs.org/postcss-safe-parser set size:49104 disposed:false
756 silly fetch manifest node-releases@^2.0.36
757 silly packumentCache full:https://registry.npmjs.org/node-releases cache-miss
758 http cache https://registry.npmjs.org/htmlparser2 169ms (cache hit)
759 silly packumentCache full:https://registry.npmjs.org/htmlparser2 set size:176911 disposed:false
760 silly fetch manifest update-browserslist-db@^1.2.3
761 silly packumentCache full:https://registry.npmjs.org/update-browserslist-db cache-miss
762 http cache https://registry.npmjs.org/picocolors 194ms (cache hit)
763 silly packumentCache full:https://registry.npmjs.org/picocolors set size:16648 disposed:false
764 silly fetch manifest @esbuild/aix-ppc64@0.27.3
765 silly packumentCache full:https://registry.npmjs.org/@esbuild%2faix-ppc64 cache-miss
766 http cache https://registry.npmjs.org/baseline-browser-mapping 45ms (cache hit)
767 silly packumentCache full:https://registry.npmjs.org/baseline-browser-mapping set size:486893 disposed:false
768 silly fetch manifest @esbuild/linux-arm@0.27.3
769 silly packumentCache full:https://registry.npmjs.org/@esbuild%2flinux-arm cache-miss
770 http cache https://registry.npmjs.org/postcss-media-query-parser 63ms (cache hit)
771 silly packumentCache full:https://registry.npmjs.org/postcss-media-query-parser set size:18322 disposed:false
772 silly fetch manifest @esbuild/linux-x64@0.27.3
773 silly packumentCache full:https://registry.npmjs.org/@esbuild%2flinux-x64 cache-miss
774 http cache https://registry.npmjs.org/caniuse-lite 66ms (cache hit)
775 silly packumentCache full:https://registry.npmjs.org/caniuse-lite set size:2293068 disposed:false
776 silly fetch manifest @esbuild/sunos-x64@0.27.3
777 silly packumentCache full:https://registry.npmjs.org/@esbuild%2fsunos-x64 cache-miss
778 http cache https://registry.npmjs.org/electron-to-chromium 113ms (cache hit)
779 silly packumentCache full:https://registry.npmjs.org/electron-to-chromium set size:4802773 disposed:false
780 silly fetch manifest @esbuild/win32-x64@0.27.3
781 silly packumentCache full:https://registry.npmjs.org/@esbuild%2fwin32-x64 cache-miss
782 http cache https://registry.npmjs.org/update-browserslist-db 174ms (cache hit)
783 silly packumentCache full:https://registry.npmjs.org/update-browserslist-db set size:62000 disposed:false
784 silly fetch manifest @esbuild/darwin-x64@0.27.3
785 silly packumentCache full:https://registry.npmjs.org/@esbuild%2fdarwin-x64 cache-miss
786 http cache https://registry.npmjs.org/node-releases 187ms (cache hit)
787 silly packumentCache full:https://registry.npmjs.org/node-releases set size:276946 disposed:false
788 silly fetch manifest @esbuild/linux-ia32@0.27.3
789 silly packumentCache full:https://registry.npmjs.org/@esbuild%2flinux-ia32 cache-miss
790 http cache https://registry.npmjs.org/@esbuild%2faix-ppc64 182ms (cache hit)
791 silly packumentCache full:https://registry.npmjs.org/@esbuild%2faix-ppc64 set size:64314 disposed:false
792 silly fetch manifest @esbuild/netbsd-x64@0.27.3
793 silly packumentCache full:https://registry.npmjs.org/@esbuild%2fnetbsd-x64 cache-miss
794 http cache https://registry.npmjs.org/@esbuild%2flinux-arm 179ms (cache hit)
795 silly packumentCache full:https://registry.npmjs.org/@esbuild%2flinux-arm set size:195140 disposed:false
796 silly fetch manifest @esbuild/win32-ia32@0.27.3
797 silly packumentCache full:https://registry.npmjs.org/@esbuild%2fwin32-ia32 cache-miss
798 http cache https://registry.npmjs.org/@esbuild%2fsunos-x64 146ms (cache hit)
799 silly packumentCache full:https://registry.npmjs.org/@esbuild%2fsunos-x64 set size:195721 disposed:false
800 silly fetch manifest @esbuild/android-arm@0.27.3
801 silly packumentCache full:https://registry.npmjs.org/@esbuild%2fandroid-arm cache-miss
802 http cache https://registry.npmjs.org/@esbuild%2flinux-x64 189ms (cache hit)
803 silly packumentCache full:https://registry.npmjs.org/@esbuild%2flinux-x64 set size:195479 disposed:false
804 silly fetch manifest @esbuild/android-x64@0.27.3
805 silly packumentCache full:https://registry.npmjs.org/@esbuild%2fandroid-x64 cache-miss
806 http cache https://registry.npmjs.org/@esbuild%2fwin32-x64 55ms (cache hit)
807 silly packumentCache full:https://registry.npmjs.org/@esbuild%2fwin32-x64 set size:194073 disposed:false
808 silly fetch manifest @esbuild/freebsd-x64@0.27.3
809 silly packumentCache full:https://registry.npmjs.org/@esbuild%2ffreebsd-x64 cache-miss
810 http cache https://registry.npmjs.org/@esbuild%2flinux-ia32 67ms (cache hit)
811 silly packumentCache full:https://registry.npmjs.org/@esbuild%2flinux-ia32 set size:196150 disposed:false
812 silly fetch manifest @esbuild/linux-arm64@0.27.3
813 silly packumentCache full:https://registry.npmjs.org/@esbuild%2flinux-arm64 cache-miss
814 http cache https://registry.npmjs.org/@esbuild%2fdarwin-x64 77ms (cache hit)
815 silly packumentCache full:https://registry.npmjs.org/@esbuild%2fdarwin-x64 set size:196195 disposed:false
816 silly fetch manifest @esbuild/linux-ppc64@0.27.3
817 silly packumentCache full:https://registry.npmjs.org/@esbuild%2flinux-ppc64 cache-miss
818 http cache https://registry.npmjs.org/@esbuild%2fnetbsd-x64 71ms (cache hit)
819 silly packumentCache full:https://registry.npmjs.org/@esbuild%2fnetbsd-x64 set size:193883 disposed:false
820 silly fetch manifest @esbuild/linux-s390x@0.27.3
821 silly packumentCache full:https://registry.npmjs.org/@esbuild%2flinux-s390x cache-miss
822 http cache https://registry.npmjs.org/@esbuild%2fwin32-ia32 63ms (cache hit)
823 silly packumentCache full:https://registry.npmjs.org/@esbuild%2fwin32-ia32 set size:196374 disposed:false
824 silly fetch manifest @esbuild/openbsd-x64@0.27.3
825 silly packumentCache full:https://registry.npmjs.org/@esbuild%2fopenbsd-x64 cache-miss
826 http cache https://registry.npmjs.org/@esbuild%2fandroid-arm 61ms (cache hit)
827 silly packumentCache full:https://registry.npmjs.org/@esbuild%2fandroid-arm set size:221749 disposed:false
828 silly fetch manifest @esbuild/win32-arm64@0.27.3
829 silly packumentCache full:https://registry.npmjs.org/@esbuild%2fwin32-arm64 cache-miss
830 http cache https://registry.npmjs.org/@esbuild%2ffreebsd-x64 55ms (cache hit)
831 silly packumentCache full:https://registry.npmjs.org/@esbuild%2ffreebsd-x64 set size:197070 disposed:false
832 silly fetch manifest @esbuild/darwin-arm64@0.27.3
833 silly packumentCache full:https://registry.npmjs.org/@esbuild%2fdarwin-arm64 cache-miss
834 http cache https://registry.npmjs.org/@esbuild%2fandroid-x64 66ms (cache hit)
835 silly packumentCache full:https://registry.npmjs.org/@esbuild%2fandroid-x64 set size:195551 disposed:false
836 silly fetch manifest @esbuild/netbsd-arm64@0.27.3
837 silly packumentCache full:https://registry.npmjs.org/@esbuild%2fnetbsd-arm64 cache-miss
838 http cache https://registry.npmjs.org/@esbuild%2flinux-ppc64 42ms (cache hit)
839 silly packumentCache full:https://registry.npmjs.org/@esbuild%2flinux-ppc64 set size:199310 disposed:false
840 silly fetch manifest @esbuild/android-arm64@0.27.3
841 silly packumentCache full:https://registry.npmjs.org/@esbuild%2fandroid-arm64 cache-miss
842 http cache https://registry.npmjs.org/@esbuild%2flinux-s390x 41ms (cache hit)
843 silly packumentCache full:https://registry.npmjs.org/@esbuild%2flinux-s390x set size:198784 disposed:false
844 silly fetch manifest @esbuild/freebsd-arm64@0.27.3
845 silly packumentCache full:https://registry.npmjs.org/@esbuild%2ffreebsd-arm64 cache-miss
846 http cache https://registry.npmjs.org/@esbuild%2flinux-arm64 61ms (cache hit)
847 silly packumentCache full:https://registry.npmjs.org/@esbuild%2flinux-arm64 set size:197274 disposed:false
848 silly fetch manifest @esbuild/linux-loong64@0.27.3
849 silly packumentCache full:https://registry.npmjs.org/@esbuild%2flinux-loong64 cache-miss
850 http cache https://registry.npmjs.org/@esbuild%2fopenbsd-x64 53ms (cache hit)
851 silly packumentCache full:https://registry.npmjs.org/@esbuild%2fopenbsd-x64 set size:197080 disposed:false
852 silly fetch manifest @esbuild/linux-riscv64@0.27.3
853 silly packumentCache full:https://registry.npmjs.org/@esbuild%2flinux-riscv64 cache-miss
854 http cache https://registry.npmjs.org/@esbuild%2fwin32-arm64 52ms (cache hit)
855 silly packumentCache full:https://registry.npmjs.org/@esbuild%2fwin32-arm64 set size:197504 disposed:false
856 silly fetch manifest @esbuild/openbsd-arm64@0.27.3
857 silly packumentCache full:https://registry.npmjs.org/@esbuild%2fopenbsd-arm64 cache-miss
858 http cache https://registry.npmjs.org/@esbuild%2fdarwin-arm64 54ms (cache hit)
859 silly packumentCache full:https://registry.npmjs.org/@esbuild%2fdarwin-arm64 set size:197958 disposed:false
860 silly fetch manifest @esbuild/linux-mips64el@0.27.3
861 silly packumentCache full:https://registry.npmjs.org/@esbuild%2flinux-mips64el cache-miss
862 http cache https://registry.npmjs.org/@esbuild%2fnetbsd-arm64 53ms (cache hit)
863 silly packumentCache full:https://registry.npmjs.org/@esbuild%2fnetbsd-arm64 set size:40794 disposed:false
864 silly fetch manifest @esbuild/openharmony-arm64@0.27.3
865 silly packumentCache full:https://registry.npmjs.org/@esbuild%2fopenharmony-arm64 cache-miss
866 http cache https://registry.npmjs.org/@esbuild%2fandroid-arm64 52ms (cache hit)
867 silly packumentCache full:https://registry.npmjs.org/@esbuild%2fandroid-arm64 set size:200684 disposed:false
868 silly fetch manifest debug@4
869 silly packumentCache full:https://registry.npmjs.org/debug cache-hit
870 silly fetch manifest agent-base@^7.1.2
871 silly packumentCache full:https://registry.npmjs.org/agent-base cache-miss
872 http cache https://registry.npmjs.org/@esbuild%2ffreebsd-arm64 55ms (cache hit)
873 silly packumentCache full:https://registry.npmjs.org/@esbuild%2ffreebsd-arm64 set size:198853 disposed:false
874 silly fetch manifest @babel/parser@^7.23.9
875 silly packumentCache full:https://registry.npmjs.org/@babel%2fparser cache-hit
876 silly fetch manifest @istanbuljs/schema@^0.1.3
877 silly packumentCache full:https://registry.npmjs.org/@istanbuljs%2fschema cache-miss
878 http cache https://registry.npmjs.org/@esbuild%2flinux-loong64 58ms (cache hit)
879 silly packumentCache full:https://registry.npmjs.org/@esbuild%2flinux-loong64 set size:252211 disposed:false
880 silly fetch manifest istanbul-lib-coverage@^3.2.0
881 silly packumentCache full:https://registry.npmjs.org/istanbul-lib-coverage cache-miss
882 http cache https://registry.npmjs.org/@esbuild%2fopenbsd-arm64 54ms (cache hit)
883 silly packumentCache full:https://registry.npmjs.org/@esbuild%2fopenbsd-arm64 set size:46111 disposed:false
884 silly fetch manifest semver@^7.5.4
885 silly packumentCache full:https://registry.npmjs.org/semver cache-hit
886 silly fetch manifest rfdc@^1.4.1
887 silly packumentCache full:https://registry.npmjs.org/rfdc cache-miss
888 http cache https://registry.npmjs.org/@esbuild%2flinux-riscv64 68ms (cache hit)
889 silly packumentCache full:https://registry.npmjs.org/@esbuild%2flinux-riscv64 set size:198981 disposed:false
890 silly fetch manifest colorette@^2.0.20
891 silly packumentCache full:https://registry.npmjs.org/colorette cache-miss
892 http cache https://registry.npmjs.org/@esbuild%2fopenharmony-arm64 57ms (cache hit)
893 silly packumentCache full:https://registry.npmjs.org/@esbuild%2fopenharmony-arm64 set size:29494 disposed:false
894 silly fetch manifest wrap-ansi@^9.0.0
895 silly packumentCache full:https://registry.npmjs.org/wrap-ansi cache-miss
896 http cache https://registry.npmjs.org/agent-base 51ms (cache hit)
897 silly packumentCache full:https://registry.npmjs.org/agent-base set size:72085 disposed:false
898 silly fetch manifest log-update@^6.1.0
899 silly packumentCache full:https://registry.npmjs.org/log-update cache-miss
900 http cache https://registry.npmjs.org/@esbuild%2flinux-mips64el 71ms (cache hit)
901 silly packumentCache full:https://registry.npmjs.org/@esbuild%2flinux-mips64el set size:201062 disposed:false
902 silly fetch manifest cli-truncate@^5.0.0
903 silly packumentCache full:https://registry.npmjs.org/cli-truncate cache-miss
904 http cache https://registry.npmjs.org/@istanbuljs%2fschema 55ms (cache hit)
905 silly packumentCache full:https://registry.npmjs.org/@istanbuljs%2fschema set size:16895 disposed:false
906 silly fetch manifest eventemitter3@^5.0.1
907 silly packumentCache full:https://registry.npmjs.org/eventemitter3 cache-miss
908 http cache https://registry.npmjs.org/istanbul-lib-coverage 50ms (cache hit)
909 silly packumentCache full:https://registry.npmjs.org/istanbul-lib-coverage set size:75651 disposed:false
910 silly fetch manifest msgpackr@^1.11.2
911 silly packumentCache full:https://registry.npmjs.org/msgpackr cache-miss
912 http cache https://registry.npmjs.org/wrap-ansi 37ms (cache hit)
913 silly packumentCache full:https://registry.npmjs.org/wrap-ansi set size:55299 disposed:false
914 silly fetch manifest node-addon-api@^6.1.0
915 silly packumentCache full:https://registry.npmjs.org/node-addon-api cache-miss
916 http cache https://registry.npmjs.org/rfdc 54ms (cache hit)
917 silly packumentCache full:https://registry.npmjs.org/rfdc set size:45382 disposed:false
918 silly fetch manifest ordered-binary@^1.5.3
919 silly packumentCache full:https://registry.npmjs.org/ordered-binary cache-miss
920 http cache https://registry.npmjs.org/colorette 51ms (cache hit)
921 silly packumentCache full:https://registry.npmjs.org/colorette set size:92733 disposed:false
922 silly fetch manifest weak-lru-cache@^1.2.2
923 silly packumentCache full:https://registry.npmjs.org/weak-lru-cache cache-miss
924 http cache https://registry.npmjs.org/cli-truncate 39ms (cache hit)
925 silly packumentCache full:https://registry.npmjs.org/cli-truncate set size:35177 disposed:false
926 silly fetch manifest @harperfast/extended-iterable@^1.0.3
927 silly packumentCache full:https://registry.npmjs.org/@harperfast%2fextended-iterable cache-miss
928 http cache https://registry.npmjs.org/log-update 50ms (cache hit)
929 silly packumentCache full:https://registry.npmjs.org/log-update set size:60732 disposed:false
930 silly fetch manifest node-gyp-build-optional-packages@5.2.2
931 silly packumentCache full:https://registry.npmjs.org/node-gyp-build-optional-packages cache-miss
932 http cache https://registry.npmjs.org/msgpackr 38ms (cache hit)
933 silly packumentCache full:https://registry.npmjs.org/msgpackr set size:415443 disposed:false
934 silly fetch manifest @lmdb/lmdb-linux-arm@3.5.1
935 silly packumentCache full:https://registry.npmjs.org/@lmdb%2flmdb-linux-arm cache-miss
936 http cache https://registry.npmjs.org/eventemitter3 58ms (cache hit)
937 silly packumentCache full:https://registry.npmjs.org/eventemitter3 set size:92292 disposed:false
938 silly fetch manifest @lmdb/lmdb-linux-x64@3.5.1
939 silly packumentCache full:https://registry.npmjs.org/@lmdb%2flmdb-linux-x64 cache-miss
940 http cache https://registry.npmjs.org/node-addon-api 51ms (cache hit)
941 silly packumentCache full:https://registry.npmjs.org/node-addon-api set size:347062 disposed:false
942 silly fetch manifest @lmdb/lmdb-win32-x64@3.5.1
943 silly packumentCache full:https://registry.npmjs.org/@lmdb%2flmdb-win32-x64 cache-miss
944 http cache https://registry.npmjs.org/weak-lru-cache 55ms (cache hit)
945 silly packumentCache full:https://registry.npmjs.org/weak-lru-cache set size:69411 disposed:false
946 silly fetch manifest @lmdb/lmdb-darwin-x64@3.5.1
947 silly packumentCache full:https://registry.npmjs.org/@lmdb%2flmdb-darwin-x64 cache-miss
948 http cache https://registry.npmjs.org/ordered-binary 62ms (cache hit)
949 silly packumentCache full:https://registry.npmjs.org/ordered-binary set size:68084 disposed:false
950 silly fetch manifest @lmdb/lmdb-linux-arm64@3.5.1
951 silly packumentCache full:https://registry.npmjs.org/@lmdb%2flmdb-linux-arm64 cache-miss
952 http cache https://registry.npmjs.org/node-gyp-build-optional-packages 53ms (cache hit)
953 silly packumentCache full:https://registry.npmjs.org/node-gyp-build-optional-packages set size:49852 disposed:false
954 silly fetch manifest @lmdb/lmdb-win32-arm64@3.5.1
955 silly packumentCache full:https://registry.npmjs.org/@lmdb%2flmdb-win32-arm64 cache-miss
956 http cache https://registry.npmjs.org/@harperfast%2fextended-iterable 60ms (cache hit)
957 silly packumentCache full:https://registry.npmjs.org/@harperfast%2fextended-iterable set size:10900 disposed:false
958 silly fetch manifest @lmdb/lmdb-darwin-arm64@3.5.1
959 silly packumentCache full:https://registry.npmjs.org/@lmdb%2flmdb-darwin-arm64 cache-miss
960 http cache https://registry.npmjs.org/@lmdb%2flmdb-linux-arm 45ms (cache hit)
961 silly packumentCache full:https://registry.npmjs.org/@lmdb%2flmdb-linux-arm set size:194046 disposed:false
962 silly fetch manifest @jridgewell/sourcemap-codec@^1.5.5
963 silly packumentCache full:https://registry.npmjs.org/@jridgewell%2fsourcemap-codec cache-hit
964 silly fetch manifest entities@^6.0.0
965 silly packumentCache full:https://registry.npmjs.org/entities cache-miss
966 http cache https://registry.npmjs.org/@lmdb%2flmdb-linux-x64 49ms (cache hit)
967 silly packumentCache full:https://registry.npmjs.org/@lmdb%2flmdb-linux-x64 set size:195611 disposed:false
968 silly fetch manifest parse5-sax-parser@^8.0.0
969 silly packumentCache full:https://registry.npmjs.org/parse5-sax-parser cache-miss
970 http cache https://registry.npmjs.org/@lmdb%2flmdb-win32-x64 41ms (cache hit)
971 silly packumentCache full:https://registry.npmjs.org/@lmdb%2flmdb-win32-x64 set size:192588 disposed:false
972 silly fetch manifest @napi-rs/nice@^1.0.4
973 silly packumentCache full:https://registry.npmjs.org/@napi-rs%2fnice cache-miss
974 http cache https://registry.npmjs.org/@lmdb%2flmdb-darwin-x64 46ms (cache hit)
975 silly packumentCache full:https://registry.npmjs.org/@lmdb%2flmdb-darwin-x64 set size:193408 disposed:false
976 silly fetch manifest @oxc-project/types@=0.113.0
977 silly packumentCache full:https://registry.npmjs.org/@oxc-project%2ftypes cache-miss
978 http cache https://registry.npmjs.org/@lmdb%2flmdb-darwin-arm64 40ms (cache hit)
979 silly packumentCache full:https://registry.npmjs.org/@lmdb%2flmdb-darwin-arm64 set size:195012 disposed:false
980 silly fetch manifest @rolldown/pluginutils@1.0.0-rc.4
981 silly packumentCache full:https://registry.npmjs.org/@rolldown%2fpluginutils cache-miss
982 http cache https://registry.npmjs.org/@lmdb%2flmdb-win32-arm64 46ms (cache hit)
983 silly packumentCache full:https://registry.npmjs.org/@lmdb%2flmdb-win32-arm64 set size:14598 disposed:false
984 silly fetch manifest @rolldown/binding-darwin-x64@1.0.0-rc.4
985 silly packumentCache full:https://registry.npmjs.org/@rolldown%2fbinding-darwin-x64 cache-miss
986 http cache https://registry.npmjs.org/@lmdb%2flmdb-linux-arm64 53ms (cache hit)
987 silly packumentCache full:https://registry.npmjs.org/@lmdb%2flmdb-linux-arm64 set size:195766 disposed:false
988 silly fetch manifest @rolldown/binding-freebsd-x64@1.0.0-rc.4
989 silly packumentCache full:https://registry.npmjs.org/@rolldown%2fbinding-freebsd-x64 cache-miss
990 http cache https://registry.npmjs.org/entities 47ms (cache hit)
991 silly packumentCache full:https://registry.npmjs.org/entities set size:101550 disposed:false
992 silly fetch manifest @rolldown/binding-wasm32-wasi@1.0.0-rc.4
993 silly packumentCache full:https://registry.npmjs.org/@rolldown%2fbinding-wasm32-wasi cache-miss
994 http cache https://registry.npmjs.org/parse5-sax-parser 43ms (cache hit)
995 silly packumentCache full:https://registry.npmjs.org/parse5-sax-parser set size:18860 disposed:false
996 silly fetch manifest @rolldown/binding-darwin-arm64@1.0.0-rc.4
997 silly packumentCache full:https://registry.npmjs.org/@rolldown%2fbinding-darwin-arm64 cache-miss
998 http cache https://registry.npmjs.org/@napi-rs%2fnice 39ms (cache hit)
999 silly packumentCache full:https://registry.npmjs.org/@napi-rs%2fnice set size:26707 disposed:false
1000 silly fetch manifest @rolldown/binding-android-arm64@1.0.0-rc.4
1001 silly packumentCache full:https://registry.npmjs.org/@rolldown%2fbinding-android-arm64 cache-miss
1002 http cache https://registry.npmjs.org/@rolldown%2fpluginutils 37ms (cache hit)
1003 silly packumentCache full:https://registry.npmjs.org/@rolldown%2fpluginutils set size:300388 disposed:false
1004 silly fetch manifest @rolldown/binding-linux-x64-gnu@1.0.0-rc.4
1005 silly packumentCache full:https://registry.npmjs.org/@rolldown%2fbinding-linux-x64-gnu cache-miss
1006 http cache https://registry.npmjs.org/@oxc-project%2ftypes 53ms (cache hit)
1007 silly packumentCache full:https://registry.npmjs.org/@oxc-project%2ftypes set size:226468 disposed:false
1008 silly fetch manifest @rolldown/binding-linux-x64-musl@1.0.0-rc.4
1009 silly packumentCache full:https://registry.npmjs.org/@rolldown%2fbinding-linux-x64-musl cache-miss
1010 http cache https://registry.npmjs.org/@rolldown%2fbinding-darwin-x64 55ms (cache hit)
1011 silly packumentCache full:https://registry.npmjs.org/@rolldown%2fbinding-darwin-x64 set size:1361814 disposed:false
1012 silly fetch manifest @rolldown/binding-win32-x64-msvc@1.0.0-rc.4
1013 silly packumentCache full:https://registry.npmjs.org/@rolldown%2fbinding-win32-x64-msvc cache-miss
1014 http cache https://registry.npmjs.org/@rolldown%2fbinding-freebsd-x64 67ms (cache hit)
1015 silly packumentCache full:https://registry.npmjs.org/@rolldown%2fbinding-freebsd-x64 set size:1041454 disposed:false
1016 silly fetch manifest @rolldown/binding-linux-arm64-gnu@1.0.0-rc.4
1017 silly packumentCache full:https://registry.npmjs.org/@rolldown%2fbinding-linux-arm64-gnu cache-miss
1018 http cache https://registry.npmjs.org/@rolldown%2fbinding-wasm32-wasi 88ms (cache hit)
1019 silly packumentCache full:https://registry.npmjs.org/@rolldown%2fbinding-wasm32-wasi set size:1349470 disposed:false
1020 silly fetch manifest @rolldown/binding-linux-arm64-musl@1.0.0-rc.4
1021 silly packumentCache full:https://registry.npmjs.org/@rolldown%2fbinding-linux-arm64-musl cache-miss
1022 http cache https://registry.npmjs.org/@rolldown%2fbinding-darwin-arm64 104ms (cache hit)
1023 silly packumentCache full:https://registry.npmjs.org/@rolldown%2fbinding-darwin-arm64 set size:1373419 disposed:false
1024 silly fetch manifest @rolldown/binding-win32-arm64-msvc@1.0.0-rc.4
1025 silly packumentCache full:https://registry.npmjs.org/@rolldown%2fbinding-win32-arm64-msvc cache-miss
1026 http cache https://registry.npmjs.org/@rolldown%2fbinding-android-arm64 118ms (cache hit)
1027 silly packumentCache full:https://registry.npmjs.org/@rolldown%2fbinding-android-arm64 set size:147855 disposed:false
1028 silly fetch manifest @rolldown/binding-openharmony-arm64@1.0.0-rc.4
1029 silly packumentCache full:https://registry.npmjs.org/@rolldown%2fbinding-openharmony-arm64 cache-miss
1030 http cache https://registry.npmjs.org/@rolldown%2fbinding-linux-x64-gnu 118ms (cache hit)
1031 silly packumentCache full:https://registry.npmjs.org/@rolldown%2fbinding-linux-x64-gnu set size:1386944 disposed:false
1032 silly fetch manifest @rolldown/binding-linux-arm-gnueabihf@1.0.0-rc.4
1033 silly packumentCache full:https://registry.npmjs.org/@rolldown%2fbinding-linux-arm-gnueabihf cache-miss
1034 http cache https://registry.npmjs.org/@rolldown%2fbinding-linux-x64-musl 134ms (cache hit)
1035 silly packumentCache full:https://registry.npmjs.org/@rolldown%2fbinding-linux-x64-musl set size:1391572 disposed:false
1036 silly fetch manifest chokidar@^4.0.0
1037 silly packumentCache full:https://registry.npmjs.org/chokidar cache-hit
1038 silly fetch manifest immutable@^5.0.2
1039 silly packumentCache full:https://registry.npmjs.org/immutable cache-miss
1040 http cache https://registry.npmjs.org/@rolldown%2fbinding-win32-x64-msvc 134ms (cache hit)
1041 silly packumentCache full:https://registry.npmjs.org/@rolldown%2fbinding-win32-x64-msvc set size:1379681 disposed:false
1042 silly fetch manifest source-map-js@>=0.6.2 <2.0.0
1043 silly packumentCache full:https://registry.npmjs.org/source-map-js cache-miss
1044 http cache https://registry.npmjs.org/@rolldown%2fbinding-linux-arm64-gnu 134ms (cache hit)
1045 silly packumentCache full:https://registry.npmjs.org/@rolldown%2fbinding-linux-arm64-gnu set size:1398588 disposed:false
1046 silly fetch manifest @parcel/watcher@^2.4.1
1047 silly packumentCache full:https://registry.npmjs.org/@parcel%2fwatcher cache-miss
1048 http cache https://registry.npmjs.org/@rolldown%2fbinding-linux-arm64-musl 140ms (cache hit)
1049 silly packumentCache full:https://registry.npmjs.org/@rolldown%2fbinding-linux-arm64-musl set size:1403170 disposed:false
1050 silly fetch manifest buffer-from@^1.0.0
1051 silly packumentCache full:https://registry.npmjs.org/buffer-from cache-miss
1052 http cache https://registry.npmjs.org/@rolldown%2fbinding-win32-arm64-msvc 140ms (cache hit)
1053 silly packumentCache full:https://registry.npmjs.org/@rolldown%2fbinding-win32-arm64-msvc set size:1393664 disposed:false
1054 silly fetch manifest source-map@^0.6.0
1055 silly packumentCache full:https://registry.npmjs.org/source-map cache-miss
1056 http cache https://registry.npmjs.org/@rolldown%2fbinding-openharmony-arm64 152ms (cache hit)
1057 silly packumentCache full:https://registry.npmjs.org/@rolldown%2fbinding-openharmony-arm64 set size:109509 disposed:false
1058 silly fetch manifest graceful-fs@^4.1.2
1059 silly packumentCache full:https://registry.npmjs.org/graceful-fs cache-miss
1060 http cache https://registry.npmjs.org/@rolldown%2fbinding-linux-arm-gnueabihf 143ms (cache hit)
1061 silly packumentCache full:https://registry.npmjs.org/@rolldown%2fbinding-linux-arm-gnueabihf set size:1408076 disposed:false
1062 silly fetch manifest glob-to-regexp@^0.4.1
1063 silly packumentCache full:https://registry.npmjs.org/glob-to-regexp cache-miss
1064 http cache https://registry.npmjs.org/source-map-js 130ms (cache hit)
1065 silly packumentCache full:https://registry.npmjs.org/source-map-js set size:62640 disposed:false
1066 http cache https://registry.npmjs.org/source-map 63ms (cache hit)
1067 silly packumentCache full:https://registry.npmjs.org/source-map set size:226212 disposed:false
1068 http cache https://registry.npmjs.org/immutable 162ms (cache hit)
1069 silly packumentCache full:https://registry.npmjs.org/immutable set size:245402 disposed:false
1070 http cache https://registry.npmjs.org/buffer-from 102ms (cache hit)
1071 silly packumentCache full:https://registry.npmjs.org/buffer-from set size:15463 disposed:false
1072 http cache https://registry.npmjs.org/@parcel%2fwatcher 125ms (cache hit)
1073 silly packumentCache full:https://registry.npmjs.org/@parcel%2fwatcher set size:121392 disposed:false
1074 http cache https://registry.npmjs.org/graceful-fs 78ms (cache hit)
1075 silly packumentCache full:https://registry.npmjs.org/graceful-fs set size:124285 disposed:false
1076 http cache https://registry.npmjs.org/glob-to-regexp 52ms (cache hit)
1077 silly packumentCache full:https://registry.npmjs.org/glob-to-regexp set size:15844 disposed:false
1078 silly placeDep ROOT @jridgewell/gen-mapping@0.3.13 OK for: @ampproject/remapping@2.3.0 want: ^0.3.5
1079 silly placeDep ROOT @jridgewell/trace-mapping@0.3.31 OK for: @ampproject/remapping@2.3.0 want: ^0.3.24
1080 silly fetch manifest @jridgewell/sourcemap-codec@^1.5.0
1081 silly packumentCache full:https://registry.npmjs.org/@jridgewell%2fsourcemap-codec cache-hit
1082 silly fetch manifest @jridgewell/resolve-uri@^3.1.0
1083 silly packumentCache full:https://registry.npmjs.org/@jridgewell%2fresolve-uri cache-miss
1084 http cache https://registry.npmjs.org/@jridgewell%2fresolve-uri 9ms (cache hit)
1085 silly packumentCache full:https://registry.npmjs.org/@jridgewell%2fresolve-uri set size:57361 disposed:false
1086 silly placeDep ROOT @angular-devkit/core@21.2.11 OK for: @angular-devkit/architect@0.2102.11 want: 21.2.11
1087 silly fetch manifest ajv@8.18.0
1088 silly packumentCache full:https://registry.npmjs.org/ajv cache-miss
1089 silly fetch manifest source-map@0.7.6
1090 silly packumentCache full:https://registry.npmjs.org/source-map cache-hit
1091 silly fetch manifest ajv-formats@3.0.1
1092 silly packumentCache full:https://registry.npmjs.org/ajv-formats cache-miss
1093 http cache https://registry.npmjs.org/ajv-formats 9ms (cache hit)
1094 silly packumentCache full:https://registry.npmjs.org/ajv-formats set size:141264 disposed:false
1095 http cache https://registry.npmjs.org/ajv 21ms (cache hit)
1096 silly packumentCache full:https://registry.npmjs.org/ajv set size:1142658 disposed:false
1097 silly placeDep ROOT ajv@8.18.0 OK for: @angular-devkit/core@21.2.11 want: 8.18.0
1098 silly placeDep ROOT ajv-formats@3.0.1 OK for: @angular-devkit/core@21.2.11 want: 3.0.1
1099 silly placeDep ROOT source-map@0.7.6 OK for: @angular-devkit/core@21.2.11 want: 0.7.6
1100 silly fetch manifest fast-uri@^3.0.1
1101 silly packumentCache full:https://registry.npmjs.org/fast-uri cache-miss
1102 silly fetch manifest fast-deep-equal@^3.1.3
1103 silly packumentCache full:https://registry.npmjs.org/fast-deep-equal cache-miss
1104 silly fetch manifest require-from-string@^2.0.2
1105 silly packumentCache full:https://registry.npmjs.org/require-from-string cache-miss
1106 silly fetch manifest json-schema-traverse@^1.0.0
1107 silly packumentCache full:https://registry.npmjs.org/json-schema-traverse cache-miss
1108 http cache https://registry.npmjs.org/require-from-string 10ms (cache hit)
1109 silly packumentCache full:https://registry.npmjs.org/require-from-string set size:15128 disposed:false
1110 http cache https://registry.npmjs.org/fast-uri 13ms (cache hit)
1111 silly packumentCache full:https://registry.npmjs.org/fast-uri set size:68147 disposed:false
1112 http cache https://registry.npmjs.org/json-schema-traverse 14ms (cache hit)
1113 silly packumentCache full:https://registry.npmjs.org/json-schema-traverse set size:23537 disposed:false
1114 http cache https://registry.npmjs.org/fast-deep-equal 16ms (cache hit)
1115 silly packumentCache full:https://registry.npmjs.org/fast-deep-equal set size:48634 disposed:false
1116 silly placeDep ROOT parse5@8.0.1 OK for: @angular/cdk@21.2.11 want: ^8.0.0
1117 silly fetch manifest entities@^8.0.0
1118 silly packumentCache full:https://registry.npmjs.org/entities cache-hit
1119 silly fetch manifest @cfworker/json-schema@^4.1.1
1120 silly packumentCache full:https://registry.npmjs.org/@cfworker%2fjson-schema cache-miss
1121 http cache https://registry.npmjs.org/@cfworker%2fjson-schema 9ms (cache hit)
1122 silly packumentCache full:https://registry.npmjs.org/@cfworker%2fjson-schema set size:144207 disposed:false
1123 silly placeDep ROOT @angular-devkit/schematics@21.2.11 OK for: @angular/cli@21.2.11 want: 21.2.11
1124 silly placeDep ROOT @inquirer/prompts@7.10.1 OK for: @angular/cli@21.2.11 want: 7.10.1
1125 silly placeDep ROOT @listr2/prompt-adapter-inquirer@3.0.5 OK for: @angular/cli@21.2.11 want: 3.0.5
1126 silly placeDep ROOT @modelcontextprotocol/sdk@1.26.0 OK for: @angular/cli@21.2.11 want: 1.26.0
1127 silly placeDep ROOT @schematics/angular@21.2.11 OK for: @angular/cli@21.2.11 want: 21.2.11
1128 silly placeDep ROOT @yarnpkg/lockfile@1.1.0 OK for: @angular/cli@21.2.11 want: 1.1.0
1129 silly placeDep ROOT algoliasearch@5.48.1 OK for: @angular/cli@21.2.11 want: 5.48.1
1130 silly placeDep ROOT ini@6.0.0 OK for: @angular/cli@21.2.11 want: 6.0.0
1131 silly placeDep ROOT npm-package-arg@13.0.2 OK for: @angular/cli@21.2.11 want: 13.0.2
1132 silly placeDep ROOT pacote@21.3.1 OK for: @angular/cli@21.2.11 want: 21.3.1
1133 silly placeDep ROOT yargs@18.0.0 OK for: @angular/cli@21.2.11 want: 18.0.0
1134 silly placeDep ROOT zod@4.3.6 OK for: @angular/cli@21.2.11 want: 4.3.6
1135 silly fetch manifest ora@9.3.0
1136 silly packumentCache full:https://registry.npmjs.org/ora cache-miss
1137 silly fetch manifest @inquirer/input@^4.3.1
1138 silly packumentCache full:https://registry.npmjs.org/@inquirer%2finput cache-miss
1139 silly fetch manifest @inquirer/editor@^4.2.23
1140 silly packumentCache full:https://registry.npmjs.org/@inquirer%2feditor cache-miss
1141 silly fetch manifest @inquirer/expand@^4.0.23
1142 silly packumentCache full:https://registry.npmjs.org/@inquirer%2fexpand cache-miss
1143 silly fetch manifest @inquirer/number@^3.0.23
1144 silly packumentCache full:https://registry.npmjs.org/@inquirer%2fnumber cache-miss
1145 silly fetch manifest @inquirer/search@^3.2.2
1146 silly packumentCache full:https://registry.npmjs.org/@inquirer%2fsearch cache-miss
1147 silly fetch manifest @inquirer/select@^4.4.2
1148 silly packumentCache full:https://registry.npmjs.org/@inquirer%2fselect cache-miss
1149 http cache https://registry.npmjs.org/ora 24ms (cache hit)
1150 silly packumentCache full:https://registry.npmjs.org/ora set size:144913 disposed:false
1151 silly fetch manifest @inquirer/rawlist@^4.1.11
1152 silly packumentCache full:https://registry.npmjs.org/@inquirer%2frawlist cache-miss
1153 http cache https://registry.npmjs.org/@inquirer%2fexpand 26ms (cache hit)
1154 silly packumentCache full:https://registry.npmjs.org/@inquirer%2fexpand set size:317238 disposed:false
1155 silly fetch manifest @inquirer/checkbox@^4.3.2
1156 silly packumentCache full:https://registry.npmjs.org/@inquirer%2fcheckbox cache-miss
1157 http cache https://registry.npmjs.org/@inquirer%2finput 36ms (cache hit)
1158 silly packumentCache full:https://registry.npmjs.org/@inquirer%2finput set size:312113 disposed:false
1159 silly fetch manifest @inquirer/password@^4.0.23
1160 silly packumentCache full:https://registry.npmjs.org/@inquirer%2fpassword cache-miss
1161 http cache https://registry.npmjs.org/@inquirer%2feditor 42ms (cache hit)
1162 silly packumentCache full:https://registry.npmjs.org/@inquirer%2feditor set size:315450 disposed:false
1163 silly fetch manifest @inquirer/type@^3.0.8
1164 silly packumentCache full:https://registry.npmjs.org/@inquirer%2ftype cache-hit
1165 silly fetch manifest zod@^3.25 || ^4.0
1166 silly packumentCache full:https://registry.npmjs.org/zod cache-miss
1167 http cache https://registry.npmjs.org/@inquirer%2fselect 53ms (cache hit)
1168 silly packumentCache full:https://registry.npmjs.org/@inquirer%2fselect set size:330046 disposed:false
1169 silly fetch manifest cors@^2.8.5
1170 silly packumentCache full:https://registry.npmjs.org/cors cache-miss
1171 http cache https://registry.npmjs.org/@inquirer%2fsearch 63ms (cache hit)
1172 silly packumentCache full:https://registry.npmjs.org/@inquirer%2fsearch set size:138028 disposed:false
1173 silly fetch manifest hono@^4.11.4
1174 silly packumentCache full:https://registry.npmjs.org/hono cache-miss
1175 http cache https://registry.npmjs.org/@inquirer%2fnumber 69ms (cache hit)
1176 silly packumentCache full:https://registry.npmjs.org/@inquirer%2fnumber set size:137698 disposed:false
1177 silly fetch manifest jose@^6.1.3
1178 silly packumentCache full:https://registry.npmjs.org/jose cache-miss
1179 http cache https://registry.npmjs.org/@inquirer%2frawlist 64ms (cache hit)
1180 silly packumentCache full:https://registry.npmjs.org/@inquirer%2frawlist set size:283761 disposed:false
1181 silly fetch manifest express@^5.2.1
1182 silly packumentCache full:https://registry.npmjs.org/express cache-miss
1183 http cache https://registry.npmjs.org/@inquirer%2fcheckbox 67ms (cache hit)
1184 silly packumentCache full:https://registry.npmjs.org/@inquirer%2fcheckbox set size:341262 disposed:false
1185 silly fetch manifest raw-body@^3.0.0
1186 silly packumentCache full:https://registry.npmjs.org/raw-body cache-miss
1187 http cache https://registry.npmjs.org/cors 44ms (cache hit)
1188 silly packumentCache full:https://registry.npmjs.org/cors set size:77956 disposed:false
1189 silly fetch manifest cross-spawn@^7.0.5
1190 silly packumentCache full:https://registry.npmjs.org/cross-spawn cache-miss
1191 http cache https://registry.npmjs.org/zod 71ms (cache hit)
1192 silly packumentCache full:https://registry.npmjs.org/zod set size:3552562 disposed:false
1193 silly fetch manifest eventsource@^3.0.2
1194 silly packumentCache full:https://registry.npmjs.org/eventsource cache-miss
1195 http cache https://registry.npmjs.org/jose 127ms (cache hit)
1196 silly packumentCache full:https://registry.npmjs.org/jose set size:1413195 disposed:false
1197 silly fetch manifest content-type@^1.0.5
1198 silly packumentCache full:https://registry.npmjs.org/content-type cache-miss
1199 http cache https://registry.npmjs.org/hono 202ms (cache hit)
1200 silly packumentCache full:https://registry.npmjs.org/hono set size:5756193 disposed:false
1201 silly fetch manifest pkce-challenge@^5.0.0
1202 silly packumentCache full:https://registry.npmjs.org/pkce-challenge cache-miss
1203 http cache https://registry.npmjs.org/@inquirer%2fpassword 338ms (cache hit)
1204 silly packumentCache full:https://registry.npmjs.org/@inquirer%2fpassword set size:313946 disposed:false
1205 silly fetch manifest @hono/node-server@^1.19.9
1206 silly packumentCache full:https://registry.npmjs.org/@hono%2fnode-server cache-miss
1207 http cache https://registry.npmjs.org/content-type 159ms (cache hit)
1208 silly packumentCache full:https://registry.npmjs.org/content-type set size:18994 disposed:false
1209 silly fetch manifest json-schema-typed@^8.0.2
1210 silly packumentCache full:https://registry.npmjs.org/json-schema-typed cache-miss
1211 http cache https://registry.npmjs.org/express 307ms (cache hit)
1212 silly packumentCache full:https://registry.npmjs.org/express set size:804947 disposed:false
1213 silly fetch manifest eventsource-parser@^3.0.0
1214 silly packumentCache full:https://registry.npmjs.org/eventsource-parser cache-miss
1215 http cache https://registry.npmjs.org/raw-body 318ms (cache hit)
1216 silly packumentCache full:https://registry.npmjs.org/raw-body set size:117822 disposed:false
1217 silly fetch manifest express-rate-limit@^8.2.1
1218 silly packumentCache full:https://registry.npmjs.org/express-rate-limit cache-miss
1219 http cache https://registry.npmjs.org/pkce-challenge 54ms (cache hit)
1220 silly packumentCache full:https://registry.npmjs.org/pkce-challenge set size:37734 disposed:false
1221 silly fetch manifest zod-to-json-schema@^3.25.1
1222 silly packumentCache full:https://registry.npmjs.org/zod-to-json-schema cache-miss
1223 http cache https://registry.npmjs.org/cross-spawn 320ms (cache hit)
1224 silly packumentCache full:https://registry.npmjs.org/cross-spawn set size:109066 disposed:false
1225 silly fetch manifest @algolia/abtesting@1.14.1
1226 silly packumentCache full:https://registry.npmjs.org/@algolia%2fabtesting cache-miss
1227 http cache https://registry.npmjs.org/@hono%2fnode-server 55ms (cache hit)
1228 silly packumentCache full:https://registry.npmjs.org/@hono%2fnode-server set size:254642 disposed:false
1229 silly fetch manifest @algolia/ingestion@1.48.1
1230 silly packumentCache full:https://registry.npmjs.org/@algolia%2fingestion cache-miss
1231 http cache https://registry.npmjs.org/eventsource 251ms (cache hit)
1232 silly packumentCache full:https://registry.npmjs.org/eventsource set size:128214 disposed:false
1233 silly fetch manifest @algolia/recommend@5.48.1
1234 silly packumentCache full:https://registry.npmjs.org/@algolia%2frecommend cache-miss
1235 http cache https://registry.npmjs.org/json-schema-typed 58ms (cache hit)
1236 silly packumentCache full:https://registry.npmjs.org/json-schema-typed set size:26165 disposed:false
1237 silly fetch manifest @algolia/monitoring@1.48.1
1238 silly packumentCache full:https://registry.npmjs.org/@algolia%2fmonitoring cache-miss
1239 http cache https://registry.npmjs.org/eventsource-parser 37ms (cache hit)
1240 silly packumentCache full:https://registry.npmjs.org/eventsource-parser set size:72949 disposed:false
1241 silly fetch manifest @algolia/client-common@5.48.1
1242 silly packumentCache full:https://registry.npmjs.org/@algolia%2fclient-common cache-miss
1243 http cache https://registry.npmjs.org/express-rate-limit 39ms (cache hit)
1244 silly packumentCache full:https://registry.npmjs.org/express-rate-limit set size:443601 disposed:false
1245 silly fetch manifest @algolia/client-search@5.48.1
1246 silly packumentCache full:https://registry.npmjs.org/@algolia%2fclient-search cache-miss
1247 http cache https://registry.npmjs.org/zod-to-json-schema 47ms (cache hit)
1248 silly packumentCache full:https://registry.npmjs.org/zod-to-json-schema set size:309584 disposed:false
1249 silly fetch manifest @algolia/client-insights@5.48.1
1250 silly packumentCache full:https://registry.npmjs.org/@algolia%2fclient-insights cache-miss
1251 http cache https://registry.npmjs.org/@algolia%2fabtesting 48ms (cache hit)
1252 silly packumentCache full:https://registry.npmjs.org/@algolia%2fabtesting set size:306493 disposed:false
1253 silly fetch manifest @algolia/requester-fetch@5.48.1
1254 silly packumentCache full:https://registry.npmjs.org/@algolia%2frequester-fetch cache-miss
1255 http cache https://registry.npmjs.org/@algolia%2fingestion 51ms (cache hit)
1256 silly packumentCache full:https://registry.npmjs.org/@algolia%2fingestion set size:1469710 disposed:false
1257 silly fetch manifest @algolia/client-abtesting@5.48.1
1258 silly packumentCache full:https://registry.npmjs.org/@algolia%2fclient-abtesting cache-miss
1259 http cache https://registry.npmjs.org/@algolia%2frecommend 69ms (cache hit)
1260 silly packumentCache full:https://registry.npmjs.org/@algolia%2frecommend set size:743715 disposed:false
1261 silly fetch manifest @algolia/client-analytics@5.48.1
1262 silly packumentCache full:https://registry.npmjs.org/@algolia%2fclient-analytics cache-miss
1263 http cache https://registry.npmjs.org/@algolia%2fmonitoring 92ms (cache hit)
1264 silly packumentCache full:https://registry.npmjs.org/@algolia%2fmonitoring set size:1140306 disposed:false
1265 silly fetch manifest @algolia/requester-node-http@5.48.1
1266 silly packumentCache full:https://registry.npmjs.org/@algolia%2frequester-node-http cache-miss
1267 http cache https://registry.npmjs.org/@algolia%2fclient-common 105ms (cache hit)
1268 silly packumentCache full:https://registry.npmjs.org/@algolia%2fclient-common set size:849865 disposed:false
1269 silly fetch manifest @algolia/requester-browser-xhr@5.48.1
1270 silly packumentCache full:https://registry.npmjs.org/@algolia%2frequester-browser-xhr cache-miss
1271 http cache https://registry.npmjs.org/@algolia%2fclient-search 108ms (cache hit)
1272 silly packumentCache full:https://registry.npmjs.org/@algolia%2fclient-search set size:963064 disposed:false
1273 silly fetch manifest @algolia/client-personalization@5.48.1
1274 silly packumentCache full:https://registry.npmjs.org/@algolia%2fclient-personalization cache-miss
1275 http cache https://registry.npmjs.org/@algolia%2fclient-analytics 78ms (cache hit)
1276 silly packumentCache full:https://registry.npmjs.org/@algolia%2fclient-analytics set size:969845 disposed:false
1277 silly fetch manifest @algolia/client-query-suggestions@5.48.1
1278 silly packumentCache full:https://registry.npmjs.org/@algolia%2fclient-query-suggestions cache-miss
1279 http cache https://registry.npmjs.org/@algolia%2fclient-insights 154ms (cache hit)
1280 silly packumentCache full:https://registry.npmjs.org/@algolia%2fclient-insights set size:641489 disposed:false
1281 silly fetch manifest proc-log@^6.0.0
1282 silly packumentCache full:https://registry.npmjs.org/proc-log cache-miss
1283 http cache https://registry.npmjs.org/@algolia%2frequester-fetch 194ms (cache hit)
1284 silly packumentCache full:https://registry.npmjs.org/@algolia%2frequester-fetch set size:1784379 disposed:false
1285 silly fetch manifest hosted-git-info@^9.0.0
1286 silly packumentCache full:https://registry.npmjs.org/hosted-git-info cache-miss
1287 http cache https://registry.npmjs.org/@algolia%2fclient-abtesting 208ms (cache hit)
1288 silly packumentCache full:https://registry.npmjs.org/@algolia%2fclient-abtesting set size:1671793 disposed:false
1289 silly fetch manifest validate-npm-package-name@^7.0.0
1290 silly packumentCache full:https://registry.npmjs.org/validate-npm-package-name cache-miss
1291 http cache https://registry.npmjs.org/@algolia%2frequester-node-http 190ms (cache hit)
1292 silly packumentCache full:https://registry.npmjs.org/@algolia%2frequester-node-http set size:877867 disposed:false
1293 silly fetch manifest tar@^7.4.3
1294 silly packumentCache full:https://registry.npmjs.org/tar cache-miss
1295 http cache https://registry.npmjs.org/@algolia%2fclient-personalization 180ms (cache hit)
1296 silly packumentCache full:https://registry.npmjs.org/@algolia%2fclient-personalization set size:1932271 disposed:false
1297 silly fetch manifest ssri@^13.0.0
1298 silly packumentCache full:https://registry.npmjs.org/ssri cache-miss
1299 http cache https://registry.npmjs.org/@algolia%2frequester-browser-xhr 232ms (cache hit)
1300 silly packumentCache full:https://registry.npmjs.org/@algolia%2frequester-browser-xhr set size:886753 disposed:false
1301 silly fetch manifest cacache@^20.0.0
1302 silly packumentCache full:https://registry.npmjs.org/cacache cache-miss
1303 http cache https://registry.npmjs.org/proc-log 174ms (cache hit)
1304 silly packumentCache full:https://registry.npmjs.org/proc-log set size:35852 disposed:false
1305 silly fetch manifest minipass@^7.0.2
1306 silly packumentCache full:https://registry.npmjs.org/minipass cache-miss
1307 http cache https://registry.npmjs.org/hosted-git-info 125ms (cache hit)
1308 silly packumentCache full:https://registry.npmjs.org/hosted-git-info set size:190196 disposed:false
1309 silly fetch manifest sigstore@^4.0.0
1310 silly packumentCache full:https://registry.npmjs.org/sigstore cache-miss
1311 http cache https://registry.npmjs.org/@algolia%2fclient-query-suggestions 220ms (cache hit)
1312 silly packumentCache full:https://registry.npmjs.org/@algolia%2fclient-query-suggestions set size:1694100 disposed:false
1313 silly fetch manifest @npmcli/git@^7.0.0
1314 silly packumentCache full:https://registry.npmjs.org/@npmcli%2fgit cache-miss
1315 http cache https://registry.npmjs.org/validate-npm-package-name 144ms (cache hit)
1316 silly packumentCache full:https://registry.npmjs.org/validate-npm-package-name set size:51156 disposed:false
1317 silly fetch manifest fs-minipass@^3.0.0
1318 silly packumentCache full:https://registry.npmjs.org/fs-minipass cache-miss
1319 http cache https://registry.npmjs.org/ssri 96ms (cache hit)
1320 silly packumentCache full:https://registry.npmjs.org/ssri set size:139044 disposed:false
1321 silly fetch manifest npm-packlist@^10.0.1
1322 silly packumentCache full:https://registry.npmjs.org/npm-packlist cache-miss
1323 http cache https://registry.npmjs.org/tar 139ms (cache hit)
1324 silly packumentCache full:https://registry.npmjs.org/tar set size:544656 disposed:false
1325 silly fetch manifest promise-retry@^2.0.1
1326 silly packumentCache full:https://registry.npmjs.org/promise-retry cache-miss
1327 http cache https://registry.npmjs.org/minipass 87ms (cache hit)
1328 silly packumentCache full:https://registry.npmjs.org/minipass set size:276925 disposed:false
1329 silly fetch manifest npm-pick-manifest@^11.0.1
1330 silly packumentCache full:https://registry.npmjs.org/npm-pick-manifest cache-miss
1331 http cache https://registry.npmjs.org/cacache 103ms (cache hit)
1332 silly packumentCache full:https://registry.npmjs.org/cacache set size:385699 disposed:false
1333 silly fetch manifest @npmcli/run-script@^10.0.0
1334 silly packumentCache full:https://registry.npmjs.org/@npmcli%2frun-script cache-miss
1335 http cache https://registry.npmjs.org/sigstore 103ms (cache hit)
1336 silly packumentCache full:https://registry.npmjs.org/sigstore set size:116846 disposed:false
1337 silly fetch manifest npm-registry-fetch@^19.0.0
1338 silly packumentCache full:https://registry.npmjs.org/npm-registry-fetch cache-miss
1339 http cache https://registry.npmjs.org/@npmcli%2fgit 66ms (cache hit)
1340 silly packumentCache full:https://registry.npmjs.org/@npmcli%2fgit set size:116018 disposed:false
1341 silly fetch manifest @npmcli/package-json@^7.0.0
1342 silly packumentCache full:https://registry.npmjs.org/@npmcli%2fpackage-json cache-miss
1343 http cache https://registry.npmjs.org/fs-minipass 67ms (cache hit)
1344 silly packumentCache full:https://registry.npmjs.org/fs-minipass set size:44606 disposed:false
1345 silly fetch manifest @npmcli/promise-spawn@^9.0.0
1346 silly packumentCache full:https://registry.npmjs.org/@npmcli%2fpromise-spawn cache-miss
1347 http cache https://registry.npmjs.org/npm-packlist 80ms (cache hit)
1348 silly packumentCache full:https://registry.npmjs.org/npm-packlist set size:194896 disposed:false
1349 silly fetch manifest @npmcli/installed-package-contents@^4.0.0
1350 silly packumentCache full:https://registry.npmjs.org/@npmcli%2finstalled-package-contents cache-miss
1351 http cache https://registry.npmjs.org/npm-pick-manifest 65ms (cache hit)
1352 silly packumentCache full:https://registry.npmjs.org/npm-pick-manifest set size:105209 disposed:false
1353 silly fetch manifest cliui@^9.0.1
1354 silly packumentCache full:https://registry.npmjs.org/cliui cache-miss
1355 http cache https://registry.npmjs.org/promise-retry 82ms (cache hit)
1356 silly packumentCache full:https://registry.npmjs.org/promise-retry set size:34511 disposed:false
1357 silly fetch manifest escalade@^3.1.1
1358 silly packumentCache full:https://registry.npmjs.org/escalade cache-miss
1359 http cache https://registry.npmjs.org/@npmcli%2frun-script 62ms (cache hit)
1360 silly packumentCache full:https://registry.npmjs.org/@npmcli%2frun-script set size:199436 disposed:false
1361 silly fetch manifest get-caller-file@^2.0.5
1362 silly packumentCache full:https://registry.npmjs.org/get-caller-file cache-miss
1363 http cache https://registry.npmjs.org/npm-registry-fetch 62ms (cache hit)
1364 silly packumentCache full:https://registry.npmjs.org/npm-registry-fetch set size:279367 disposed:false
1365 silly fetch manifest string-width@^7.2.0
1366 silly packumentCache full:https://registry.npmjs.org/string-width cache-miss
1367 http cache https://registry.npmjs.org/@npmcli%2fpromise-spawn 59ms (cache hit)
1368 silly packumentCache full:https://registry.npmjs.org/@npmcli%2fpromise-spawn set size:70616 disposed:false
1369 silly fetch manifest y18n@^5.0.5
1370 silly packumentCache full:https://registry.npmjs.org/y18n cache-miss
1371 http cache https://registry.npmjs.org/@npmcli%2fpackage-json 70ms (cache hit)
1372 silly packumentCache full:https://registry.npmjs.org/@npmcli%2fpackage-json set size:82094 disposed:false
1373 silly fetch manifest yargs-parser@^22.0.0
1374 silly packumentCache full:https://registry.npmjs.org/yargs-parser cache-miss
1375 http cache https://registry.npmjs.org/escalade 42ms (cache hit)
1376 silly packumentCache full:https://registry.npmjs.org/escalade set size:33724 disposed:false
1377 http cache https://registry.npmjs.org/get-caller-file 39ms (cache hit)
1378 silly packumentCache full:https://registry.npmjs.org/get-caller-file set size:26456 disposed:false
1379 http cache https://registry.npmjs.org/@npmcli%2finstalled-package-contents 57ms (cache hit)
1380 silly packumentCache full:https://registry.npmjs.org/@npmcli%2finstalled-package-contents set size:51596 disposed:false
1381 http cache https://registry.npmjs.org/cliui 52ms (cache hit)
1382 silly packumentCache full:https://registry.npmjs.org/cliui set size:69089 disposed:false
1383 http cache https://registry.npmjs.org/string-width 39ms (cache hit)
1384 silly packumentCache full:https://registry.npmjs.org/string-width set size:70381 disposed:false
1385 http cache https://registry.npmjs.org/y18n 35ms (cache hit)
1386 silly packumentCache full:https://registry.npmjs.org/y18n set size:76155 disposed:false
1387 http cache https://registry.npmjs.org/yargs-parser 36ms (cache hit)
1388 silly packumentCache full:https://registry.npmjs.org/yargs-parser set size:238630 disposed:false
1389 silly placeDep ROOT ora@9.3.0 OK for: @angular-devkit/schematics@21.2.11 want: 9.3.0
1390 silly fetch manifest chalk@^5.6.2
1391 silly packumentCache full:https://registry.npmjs.org/chalk cache-miss
1392 silly fetch manifest cli-cursor@^5.0.0
1393 silly packumentCache full:https://registry.npmjs.org/cli-cursor cache-miss
1394 silly fetch manifest log-symbols@^7.0.1
1395 silly packumentCache full:https://registry.npmjs.org/log-symbols cache-miss
1396 silly fetch manifest cli-spinners@^3.2.0
1397 silly packumentCache full:https://registry.npmjs.org/cli-spinners cache-miss
1398 silly fetch manifest string-width@^8.1.0
1399 silly packumentCache full:https://registry.npmjs.org/string-width cache-hit
1400 silly fetch manifest is-interactive@^2.0.0
1401 silly packumentCache full:https://registry.npmjs.org/is-interactive cache-miss
1402 silly fetch manifest stdin-discarder@^0.3.1
1403 silly packumentCache full:https://registry.npmjs.org/stdin-discarder cache-miss
1404 silly fetch manifest is-unicode-supported@^2.1.0
1405 silly packumentCache full:https://registry.npmjs.org/is-unicode-supported cache-miss
1406 http cache https://registry.npmjs.org/is-interactive 19ms (cache hit)
1407 silly packumentCache full:https://registry.npmjs.org/is-interactive set size:10692 disposed:false
1408 http cache https://registry.npmjs.org/cli-spinners 22ms (cache hit)
1409 silly packumentCache full:https://registry.npmjs.org/cli-spinners set size:67473 disposed:false
1410 http cache https://registry.npmjs.org/cli-cursor 27ms (cache hit)
1411 silly packumentCache full:https://registry.npmjs.org/cli-cursor set size:18913 disposed:false
1412 http cache https://registry.npmjs.org/chalk 30ms (cache hit)
1413 silly packumentCache full:https://registry.npmjs.org/chalk set size:117861 disposed:false
1414 http cache https://registry.npmjs.org/log-symbols 33ms (cache hit)
1415 silly packumentCache full:https://registry.npmjs.org/log-symbols set size:31977 disposed:false
1416 http cache https://registry.npmjs.org/stdin-discarder 31ms (cache hit)
1417 silly packumentCache full:https://registry.npmjs.org/stdin-discarder set size:15211 disposed:false
1418 http cache https://registry.npmjs.org/is-unicode-supported 28ms (cache hit)
1419 silly packumentCache full:https://registry.npmjs.org/is-unicode-supported set size:19461 disposed:false
1420 silly placeDep ROOT @jridgewell/sourcemap-codec@1.5.5 OK for: @angular/compiler-cli@21.2.13 want: ^1.4.14
1421 silly placeDep ROOT chokidar@5.0.0 OK for: @angular/compiler-cli@21.2.13 want: ^5.0.0
1422 silly placeDep ROOT convert-source-map@1.9.0 OK for: @angular/compiler-cli@21.2.13 want: ^1.5.1
1423 silly placeDep ROOT reflect-metadata@0.2.2 OK for: @angular/compiler-cli@21.2.13 want: ^0.2.0
1424 silly fetch manifest readdirp@^5.0.0
1425 silly packumentCache full:https://registry.npmjs.org/readdirp cache-miss
1426 http cache https://registry.npmjs.org/readdirp 8ms (cache hit)
1427 silly packumentCache full:https://registry.npmjs.org/readdirp set size:107589 disposed:false
1428 silly placeDep ROOT @standard-schema/spec@1.1.0 OK for: @angular/forms@21.2.13 want: ^1.0.0
1429 silly fetch manifest @babel/core@^7.0.0
1430 silly packumentCache full:https://registry.npmjs.org/@babel%2fcore cache-hit
1431 silly placeDep ROOT @babel/code-frame@7.29.0 OK for: @babel/core@7.29.0 want: ^7.29.0
1432 silly placeDep ROOT @babel/generator@7.29.1 OK for: @babel/core@7.29.0 want: ^7.29.0
1433 silly placeDep ROOT @babel/helper-compilation-targets@7.28.6 OK for: @babel/core@7.29.0 want: ^7.28.6
1434 silly placeDep ROOT @babel/helper-module-transforms@7.28.6 OK for: @babel/core@7.29.0 want: ^7.28.6
1435 silly placeDep ROOT @babel/helpers@7.29.2 OK for: @babel/core@7.29.0 want: ^7.28.6
1436 silly placeDep ROOT @babel/parser@7.29.3 OK for: @babel/core@7.29.0 want: ^7.29.0
1437 silly placeDep ROOT @babel/template@7.28.6 OK for: @babel/core@7.29.0 want: ^7.28.6
1438 silly placeDep ROOT @babel/traverse@7.29.0 OK for: @babel/core@7.29.0 want: ^7.29.0
1439 silly placeDep ROOT @babel/types@7.29.0 OK for: @babel/core@7.29.0 want: ^7.29.0
1440 silly placeDep ROOT @jridgewell/remapping@2.3.5 OK for: @babel/core@7.29.0 want: ^2.3.5
1441 silly placeDep node_modules/@babel/core convert-source-map@2.0.0 OK for: @babel/core@7.29.0 want: ^2.0.0
1442 silly placeDep ROOT debug@4.4.3 OK for: @babel/core@7.29.0 want: ^4.1.0
1443 silly placeDep ROOT gensync@1.0.0-beta.2 OK for: @babel/core@7.29.0 want: ^1.0.0-beta.2
1444 silly placeDep ROOT json5@2.2.3 OK for: @babel/core@7.29.0 want: ^2.2.3
1445 silly placeDep node_modules/@babel/core semver@6.3.1 OK for: @babel/core@7.29.0 want: ^6.3.1
1446 silly fetch manifest js-tokens@^4.0.0
1447 silly packumentCache full:https://registry.npmjs.org/js-tokens cache-miss
1448 silly fetch manifest @babel/helper-validator-identifier@^7.28.5
1449 silly packumentCache full:https://registry.npmjs.org/@babel%2fhelper-validator-identifier cache-miss
1450 silly fetch manifest jsesc@^3.0.2
1451 silly packumentCache full:https://registry.npmjs.org/jsesc cache-miss
1452 silly fetch manifest lru-cache@^5.1.1
1453 silly packumentCache full:https://registry.npmjs.org/lru-cache cache-miss
1454 silly fetch manifest @babel/compat-data@^7.28.6
1455 silly packumentCache full:https://registry.npmjs.org/@babel%2fcompat-data cache-miss
1456 silly fetch manifest @babel/helper-validator-option@^7.27.1
1457 silly packumentCache full:https://registry.npmjs.org/@babel%2fhelper-validator-option cache-miss
1458 silly fetch manifest @babel/traverse@^7.28.6
1459 silly packumentCache full:https://registry.npmjs.org/@babel%2ftraverse cache-hit
1460 silly fetch manifest @babel/helper-module-imports@^7.28.6
1461 silly packumentCache full:https://registry.npmjs.org/@babel%2fhelper-module-imports cache-miss
1462 http cache https://registry.npmjs.org/@babel%2fhelper-validator-identifier 26ms (cache hit)
1463 silly packumentCache full:https://registry.npmjs.org/@babel%2fhelper-validator-identifier set size:119950 disposed:false
1464 silly fetch manifest @babel/types@^7.28.6
1465 silly packumentCache full:https://registry.npmjs.org/@babel%2ftypes cache-hit
1466 silly fetch manifest debug@^4.3.1
1467 silly packumentCache full:https://registry.npmjs.org/debug cache-hit
1468 silly fetch manifest @babel/helper-globals@^7.28.0
1469 silly packumentCache full:https://registry.npmjs.org/@babel%2fhelper-globals cache-miss
1470 http cache https://registry.npmjs.org/@babel%2fcompat-data 30ms (cache hit)
1471 silly packumentCache full:https://registry.npmjs.org/@babel%2fcompat-data set size:311957 disposed:false
1472 silly fetch manifest @babel/helper-string-parser@^7.27.1
1473 silly packumentCache full:https://registry.npmjs.org/@babel%2fhelper-string-parser cache-miss
1474 http cache https://registry.npmjs.org/jsesc 40ms (cache hit)
1475 silly packumentCache full:https://registry.npmjs.org/jsesc set size:61512 disposed:false
1476 silly fetch manifest ms@^2.1.3
1477 silly packumentCache full:https://registry.npmjs.org/ms cache-miss
1478 http cache https://registry.npmjs.org/lru-cache 48ms (cache hit)
1479 silly packumentCache full:https://registry.npmjs.org/lru-cache set size:451987 disposed:false
1480 http cache https://registry.npmjs.org/@babel%2fhelper-module-imports 60ms (cache hit)
1481 silly packumentCache full:https://registry.npmjs.org/@babel%2fhelper-module-imports set size:197300 disposed:false
1482 http cache https://registry.npmjs.org/js-tokens 73ms (cache hit)
1483 silly packumentCache full:https://registry.npmjs.org/js-tokens set size:41947 disposed:false
1484 http cache https://registry.npmjs.org/@babel%2fhelper-validator-option 70ms (cache hit)
1485 silly packumentCache full:https://registry.npmjs.org/@babel%2fhelper-validator-option set size:95686 disposed:false
1486 http cache https://registry.npmjs.org/ms 39ms (cache hit)
1487 silly packumentCache full:https://registry.npmjs.org/ms set size:92208 disposed:false
1488 http cache https://registry.npmjs.org/@babel%2fhelper-globals 55ms (cache hit)
1489 silly packumentCache full:https://registry.npmjs.org/@babel%2fhelper-globals set size:19175 disposed:false
1490 http cache https://registry.npmjs.org/@babel%2fhelper-string-parser 47ms (cache hit)
1491 silly packumentCache full:https://registry.npmjs.org/@babel%2fhelper-string-parser set size:85662 disposed:false
1492 silly placeDep ROOT @babel/helper-validator-identifier@7.28.5 OK for: @babel/code-frame@7.29.0 want: ^7.28.5
1493 silly placeDep ROOT js-tokens@4.0.0 OK for: @babel/code-frame@7.29.0 want: ^4.0.0
1494 silly placeDep ROOT picocolors@1.1.1 OK for: @babel/code-frame@7.29.0 want: ^1.1.1
1495 silly placeDep ROOT jsesc@3.1.0 OK for: @babel/generator@7.29.1 want: ^3.0.2
1496 silly placeDep ROOT @babel/compat-data@7.29.3 OK for: @babel/helper-compilation-targets@7.28.6 want: ^7.28.6
1497 silly placeDep ROOT @babel/helper-validator-option@7.27.1 OK for: @babel/helper-compilation-targets@7.28.6 want: ^7.27.1
1498 silly placeDep ROOT lru-cache@5.1.1 OK for: @babel/helper-compilation-targets@7.28.6 want: ^5.1.1
1499 silly placeDep node_modules/@babel/helper-compilation-targets semver@6.3.1 OK for: @babel/helper-compilation-targets@7.28.6 want: ^6.3.1
1500 silly fetch manifest yallist@^3.0.2
1501 silly packumentCache full:https://registry.npmjs.org/yallist cache-miss
1502 http cache https://registry.npmjs.org/yallist 9ms (cache hit)
1503 silly packumentCache full:https://registry.npmjs.org/yallist set size:34610 disposed:false
1504 silly placeDep ROOT @babel/helper-module-imports@7.28.6 OK for: @babel/helper-module-transforms@7.28.6 want: ^7.28.6
1505 silly placeDep ROOT @babel/helper-globals@7.28.0 OK for: @babel/traverse@7.29.0 want: ^7.28.0
1506 silly placeDep ROOT @babel/helper-string-parser@7.27.1 OK for: @babel/types@7.29.0 want: ^7.27.1
1507 silly placeDep ROOT @inquirer/core@10.3.2 OK for: @inquirer/confirm@5.1.21 want: ^10.3.2
1508 silly placeDep ROOT @inquirer/type@3.0.10 OK for: @inquirer/confirm@5.1.21 want: ^3.0.10
1509 silly fetch manifest cli-width@^4.1.0
1510 silly packumentCache full:https://registry.npmjs.org/cli-width cache-miss
1511 silly fetch manifest wrap-ansi@^6.2.0
1512 silly packumentCache full:https://registry.npmjs.org/wrap-ansi cache-hit
1513 silly fetch manifest mute-stream@^2.0.0
1514 silly packumentCache full:https://registry.npmjs.org/mute-stream cache-miss
1515 silly fetch manifest signal-exit@^4.1.0
1516 silly packumentCache full:https://registry.npmjs.org/signal-exit cache-miss
1517 silly fetch manifest @inquirer/ansi@^1.0.2
1518 silly packumentCache full:https://registry.npmjs.org/@inquirer%2fansi cache-miss
1519 silly fetch manifest yoctocolors-cjs@^2.1.3
1520 silly packumentCache full:https://registry.npmjs.org/yoctocolors-cjs cache-miss
1521 silly fetch manifest @inquirer/figures@^1.0.15
1522 silly packumentCache full:https://registry.npmjs.org/@inquirer%2ffigures cache-miss
1523 http cache https://registry.npmjs.org/cli-width 23ms (cache hit)
1524 silly packumentCache full:https://registry.npmjs.org/cli-width set size:24976 disposed:false
1525 http cache https://registry.npmjs.org/signal-exit 23ms (cache hit)
1526 silly packumentCache full:https://registry.npmjs.org/signal-exit set size:53489 disposed:false
1527 http cache https://registry.npmjs.org/@inquirer%2ffigures 21ms (cache hit)
1528 silly packumentCache full:https://registry.npmjs.org/@inquirer%2ffigures set size:52687 disposed:false
1529 http cache https://registry.npmjs.org/mute-stream 30ms (cache hit)
1530 silly packumentCache full:https://registry.npmjs.org/mute-stream set size:24469 disposed:false
1531 http cache https://registry.npmjs.org/@inquirer%2fansi 30ms (cache hit)
1532 silly packumentCache full:https://registry.npmjs.org/@inquirer%2fansi set size:24508 disposed:false
1533 http cache https://registry.npmjs.org/yoctocolors-cjs 43ms (cache hit)
1534 silly packumentCache full:https://registry.npmjs.org/yoctocolors-cjs set size:12865 disposed:false
1535 silly placeDep ROOT @inquirer/ansi@1.0.2 OK for: @inquirer/core@10.3.2 want: ^1.0.2
1536 silly placeDep ROOT @inquirer/figures@1.0.15 OK for: @inquirer/core@10.3.2 want: ^1.0.15
1537 silly placeDep ROOT cli-width@4.1.0 OK for: @inquirer/core@10.3.2 want: ^4.1.0
1538 silly placeDep ROOT mute-stream@2.0.0 OK for: @inquirer/core@10.3.2 want: ^2.0.0
1539 silly placeDep ROOT signal-exit@4.1.0 OK for: @inquirer/core@10.3.2 want: ^4.1.0
1540 silly placeDep ROOT wrap-ansi@6.2.0 OK for: @inquirer/core@10.3.2 want: ^6.2.0
1541 silly placeDep ROOT yoctocolors-cjs@2.1.3 OK for: @inquirer/core@10.3.2 want: ^2.1.3
1542 silly fetch manifest strip-ansi@^6.0.0
1543 silly packumentCache full:https://registry.npmjs.org/strip-ansi cache-miss
1544 silly fetch manifest ansi-styles@^4.0.0
1545 silly packumentCache full:https://registry.npmjs.org/ansi-styles cache-miss
1546 silly fetch manifest string-width@^4.1.0
1547 silly packumentCache full:https://registry.npmjs.org/string-width cache-hit
1548 http cache https://registry.npmjs.org/strip-ansi 8ms (cache hit)
1549 silly packumentCache full:https://registry.npmjs.org/strip-ansi set size:44998 disposed:false
1550 http cache https://registry.npmjs.org/ansi-styles 12ms (cache hit)
1551 silly packumentCache full:https://registry.npmjs.org/ansi-styles set size:63233 disposed:false
1552 silly placeDep ROOT @inquirer/checkbox@4.3.2 OK for: @inquirer/prompts@7.10.1 want: ^4.3.2
1553 silly placeDep ROOT @inquirer/editor@4.2.23 OK for: @inquirer/prompts@7.10.1 want: ^4.2.23
1554 silly placeDep ROOT @inquirer/expand@4.0.23 OK for: @inquirer/prompts@7.10.1 want: ^4.0.23
1555 silly placeDep ROOT @inquirer/input@4.3.1 OK for: @inquirer/prompts@7.10.1 want: ^4.3.1
1556 silly placeDep ROOT @inquirer/number@3.0.23 OK for: @inquirer/prompts@7.10.1 want: ^3.0.23
1557 silly placeDep ROOT @inquirer/password@4.0.23 OK for: @inquirer/prompts@7.10.1 want: ^4.0.23
1558 silly placeDep ROOT @inquirer/rawlist@4.1.11 OK for: @inquirer/prompts@7.10.1 want: ^4.1.11
1559 silly placeDep ROOT @inquirer/search@3.2.2 OK for: @inquirer/prompts@7.10.1 want: ^3.2.2
1560 silly placeDep ROOT @inquirer/select@4.4.2 OK for: @inquirer/prompts@7.10.1 want: ^4.4.2
1561 silly fetch manifest @inquirer/external-editor@^1.0.3
1562 silly packumentCache full:https://registry.npmjs.org/@inquirer%2fexternal-editor cache-miss
1563 http cache https://registry.npmjs.org/@inquirer%2fexternal-editor 12ms (cache hit)
1564 silly packumentCache full:https://registry.npmjs.org/@inquirer%2fexternal-editor set size:33131 disposed:false
1565 silly placeDep ROOT @inquirer/external-editor@1.0.3 OK for: @inquirer/editor@4.2.23 want: ^1.0.3
1566 silly fetch manifest chardet@^2.1.1
1567 silly packumentCache full:https://registry.npmjs.org/chardet cache-miss
1568 silly fetch manifest iconv-lite@^0.7.0
1569 silly packumentCache full:https://registry.npmjs.org/iconv-lite cache-miss
1570 http cache https://registry.npmjs.org/chardet 7ms (cache hit)
1571 silly packumentCache full:https://registry.npmjs.org/chardet set size:70553 disposed:false
1572 http cache https://registry.npmjs.org/iconv-lite 10ms (cache hit)
1573 silly packumentCache full:https://registry.npmjs.org/iconv-lite set size:120557 disposed:false
1574 silly placeDep ROOT chardet@2.1.1 OK for: @inquirer/external-editor@1.0.3 want: ^2.1.1
1575 silly placeDep ROOT iconv-lite@0.7.2 OK for: @inquirer/external-editor@1.0.3 want: ^0.7.0
1576 silly fetch manifest safer-buffer@>= 2.1.2 < 3.0.0
1577 silly packumentCache full:https://registry.npmjs.org/safer-buffer cache-miss
1578 http cache https://registry.npmjs.org/safer-buffer 8ms (cache hit)
1579 silly packumentCache full:https://registry.npmjs.org/safer-buffer set size:18521 disposed:false
1580 silly placeDep ROOT @jridgewell/resolve-uri@3.1.2 OK for: @jridgewell/trace-mapping@0.3.31 want: ^3.1.0
1581 silly placeDep ROOT @hono/node-server@1.19.14 OK for: @modelcontextprotocol/sdk@1.26.0 want: ^1.19.9
1582 silly placeDep ROOT hono@4.12.21 OK for: @hono/node-server@1.19.14 want: ^4
1583 silly placeDep ROOT content-type@1.0.5 OK for: @modelcontextprotocol/sdk@1.26.0 want: ^1.0.5
1584 silly placeDep ROOT cors@2.8.6 OK for: @modelcontextprotocol/sdk@1.26.0 want: ^2.8.5
1585 silly placeDep ROOT cross-spawn@7.0.6 OK for: @modelcontextprotocol/sdk@1.26.0 want: ^7.0.5
1586 silly placeDep ROOT eventsource@3.0.7 OK for: @modelcontextprotocol/sdk@1.26.0 want: ^3.0.2
1587 silly placeDep ROOT eventsource-parser@3.0.8 OK for: @modelcontextprotocol/sdk@1.26.0 want: ^3.0.0
1588 silly placeDep ROOT express@5.2.1 OK for: @modelcontextprotocol/sdk@1.26.0 want: ^5.2.1
1589 silly placeDep ROOT express-rate-limit@8.5.2 OK for: @modelcontextprotocol/sdk@1.26.0 want: ^8.2.1
1590 silly placeDep ROOT jose@6.2.3 OK for: @modelcontextprotocol/sdk@1.26.0 want: ^6.1.3
1591 silly placeDep ROOT json-schema-typed@8.0.2 OK for: @modelcontextprotocol/sdk@1.26.0 want: ^8.0.2
1592 silly placeDep ROOT pkce-challenge@5.0.1 OK for: @modelcontextprotocol/sdk@1.26.0 want: ^5.0.0
1593 silly placeDep ROOT raw-body@3.0.2 OK for: @modelcontextprotocol/sdk@1.26.0 want: ^3.0.0
1594 silly placeDep ROOT zod-to-json-schema@3.25.2 OK for: @modelcontextprotocol/sdk@1.26.0 want: ^3.25.1
1595 silly fetch manifest object-assign@^4
1596 silly packumentCache full:https://registry.npmjs.org/object-assign cache-miss
1597 silly fetch manifest vary@^1
1598 silly packumentCache full:https://registry.npmjs.org/vary cache-miss
1599 silly fetch manifest which@^2.0.1
1600 silly packumentCache full:https://registry.npmjs.org/which cache-miss
1601 silly fetch manifest path-key@^3.1.0
1602 silly packumentCache full:https://registry.npmjs.org/path-key cache-miss
1603 silly fetch manifest shebang-command@^2.0.0
1604 silly packumentCache full:https://registry.npmjs.org/shebang-command cache-miss
1605 silly fetch manifest eventsource-parser@^3.0.1
1606 silly packumentCache full:https://registry.npmjs.org/eventsource-parser cache-hit
1607 silly fetch manifest qs@^6.14.0
1608 silly packumentCache full:https://registry.npmjs.org/qs cache-miss
1609 silly fetch manifest depd@^2.0.0
1610 silly packumentCache full:https://registry.npmjs.org/depd cache-miss
1611 http cache https://registry.npmjs.org/path-key 27ms (cache hit)
1612 silly packumentCache full:https://registry.npmjs.org/path-key set size:16975 disposed:false
1613 silly fetch manifest etag@^1.8.1
1614 silly packumentCache full:https://registry.npmjs.org/etag cache-miss
1615 http cache https://registry.npmjs.org/vary 32ms (cache hit)
1616 silly packumentCache full:https://registry.npmjs.org/vary set size:15994 disposed:false
1617 silly fetch manifest once@^1.4.0
1618 silly packumentCache full:https://registry.npmjs.org/once cache-miss
1619 http cache https://registry.npmjs.org/object-assign 38ms (cache hit)
1620 silly packumentCache full:https://registry.npmjs.org/object-assign set size:28988 disposed:false
1621 silly fetch manifest send@^1.1.0
1622 silly packumentCache full:https://registry.npmjs.org/send cache-miss
1623 http cache https://registry.npmjs.org/which 40ms (cache hit)
1624 silly packumentCache full:https://registry.npmjs.org/which set size:70143 disposed:false
1625 silly fetch manifest vary@^1.1.2
1626 silly packumentCache full:https://registry.npmjs.org/vary cache-hit
1627 silly fetch manifest fresh@^2.0.0
1628 silly packumentCache full:https://registry.npmjs.org/fresh cache-miss
1629 http cache https://registry.npmjs.org/shebang-command 43ms (cache hit)
1630 silly packumentCache full:https://registry.npmjs.org/shebang-command set size:8525 disposed:false
1631 silly fetch manifest cookie@^0.7.1
1632 silly packumentCache full:https://registry.npmjs.org/cookie cache-miss
1633 http cache https://registry.npmjs.org/qs 46ms (cache hit)
1634 silly packumentCache full:https://registry.npmjs.org/qs set size:356906 disposed:false
1635 silly fetch manifest router@^2.2.0
1636 silly packumentCache full:https://registry.npmjs.org/router cache-miss
1637 http cache https://registry.npmjs.org/depd 56ms (cache hit)
1638 silly packumentCache full:https://registry.npmjs.org/depd set size:40182 disposed:false
1639 silly fetch manifest accepts@^2.0.0
1640 silly packumentCache full:https://registry.npmjs.org/accepts cache-miss
1641 http cache https://registry.npmjs.org/etag 51ms (cache hit)
1642 silly packumentCache full:https://registry.npmjs.org/etag set size:30032 disposed:false
1643 silly fetch manifest type-is@^2.0.1
1644 silly packumentCache full:https://registry.npmjs.org/type-is cache-miss
1645 http cache https://registry.npmjs.org/send 46ms (cache hit)
1646 silly packumentCache full:https://registry.npmjs.org/send set size:152810 disposed:false
1647 silly fetch manifest parseurl@^1.3.3
1648 silly packumentCache full:https://registry.npmjs.org/parseurl cache-miss
1649 http cache https://registry.npmjs.org/once 57ms (cache hit)
1650 silly packumentCache full:https://registry.npmjs.org/once set size:11752 disposed:false
1651 silly fetch manifest statuses@^2.0.1
1652 silly packumentCache full:https://registry.npmjs.org/statuses cache-miss
1653 http cache https://registry.npmjs.org/fresh 52ms (cache hit)
1654 silly packumentCache full:https://registry.npmjs.org/fresh set size:25427 disposed:false
1655 silly fetch manifest encodeurl@^2.0.0
1656 silly packumentCache full:https://registry.npmjs.org/encodeurl cache-miss
1657 http cache https://registry.npmjs.org/cookie 53ms (cache hit)
1658 silly packumentCache full:https://registry.npmjs.org/cookie set size:72891 disposed:false
1659 silly fetch manifest mime-types@^3.0.0
1660 silly packumentCache full:https://registry.npmjs.org/mime-types cache-miss
1661 http cache https://registry.npmjs.org/router 47ms (cache hit)
1662 silly packumentCache full:https://registry.npmjs.org/router set size:116499 disposed:false
1663 silly fetch manifest proxy-addr@^2.0.7
1664 silly packumentCache full:https://registry.npmjs.org/proxy-addr cache-miss
1665 http cache https://registry.npmjs.org/accepts 55ms (cache hit)
1666 silly packumentCache full:https://registry.npmjs.org/accepts set size:77054 disposed:false
1667 silly fetch manifest body-parser@^2.2.1
1668 silly packumentCache full:https://registry.npmjs.org/body-parser cache-miss
1669 http cache https://registry.npmjs.org/parseurl 40ms (cache hit)
1670 silly packumentCache full:https://registry.npmjs.org/parseurl set size:24148 disposed:false
1671 silly fetch manifest escape-html@^1.0.3
1672 silly packumentCache full:https://registry.npmjs.org/escape-html cache-miss
1673 http cache https://registry.npmjs.org/type-is 53ms (cache hit)
1674 silly packumentCache full:https://registry.npmjs.org/type-is set size:88614 disposed:false
1675 silly fetch manifest http-errors@^2.0.0
1676 silly packumentCache full:https://registry.npmjs.org/http-errors cache-miss
1677 http cache https://registry.npmjs.org/statuses 45ms (cache hit)
1678 silly packumentCache full:https://registry.npmjs.org/statuses set size:37117 disposed:false
1679 silly fetch manifest on-finished@^2.4.1
1680 silly packumentCache full:https://registry.npmjs.org/on-finished cache-miss
1681 http cache https://registry.npmjs.org/proxy-addr 32ms (cache hit)
1682 silly packumentCache full:https://registry.npmjs.org/proxy-addr set size:61619 disposed:false
1683 silly fetch manifest finalhandler@^2.1.0
1684 silly packumentCache full:https://registry.npmjs.org/finalhandler cache-miss
1685 http cache https://registry.npmjs.org/mime-types 43ms (cache hit)
1686 silly packumentCache full:https://registry.npmjs.org/mime-types set size:139110 disposed:false
1687 silly fetch manifest range-parser@^1.2.1
1688 silly packumentCache full:https://registry.npmjs.org/range-parser cache-miss
1689 http cache https://registry.npmjs.org/encodeurl 56ms (cache hit)
1690 silly packumentCache full:https://registry.npmjs.org/encodeurl set size:12296 disposed:false
1691 silly fetch manifest serve-static@^2.2.0
1692 silly packumentCache full:https://registry.npmjs.org/serve-static cache-miss
1693 http cache https://registry.npmjs.org/body-parser 40ms (cache hit)
1694 silly packumentCache full:https://registry.npmjs.org/body-parser set size:199299 disposed:false
1695 silly fetch manifest cookie-signature@^1.2.1
1696 silly packumentCache full:https://registry.npmjs.org/cookie-signature cache-miss
1697 http cache https://registry.npmjs.org/http-errors 38ms (cache hit)
1698 silly packumentCache full:https://registry.npmjs.org/http-errors set size:71987 disposed:false
1699 silly fetch manifest merge-descriptors@^2.0.0
1700 silly packumentCache full:https://registry.npmjs.org/merge-descriptors cache-miss
1701 http cache https://registry.npmjs.org/escape-html 47ms (cache hit)
1702 silly packumentCache full:https://registry.npmjs.org/escape-html set size:7345 disposed:false
1703 silly fetch manifest content-disposition@^1.0.0
1704 silly packumentCache full:https://registry.npmjs.org/content-disposition cache-miss
1705 http cache https://registry.npmjs.org/finalhandler 38ms (cache hit)
1706 silly packumentCache full:https://registry.npmjs.org/finalhandler set size:79291 disposed:false
1707 silly fetch manifest ip-address@^10.2.0
1708 silly packumentCache full:https://registry.npmjs.org/ip-address cache-miss
1709 http cache https://registry.npmjs.org/range-parser 39ms (cache hit)
1710 silly packumentCache full:https://registry.npmjs.org/range-parser set size:22228 disposed:false
1711 silly fetch manifest bytes@~3.1.2
1712 silly packumentCache full:https://registry.npmjs.org/bytes cache-miss
1713 http cache https://registry.npmjs.org/on-finished 54ms (cache hit)
1714 silly packumentCache full:https://registry.npmjs.org/on-finished set size:23212 disposed:false
1715 silly fetch manifest unpipe@~1.0.0
1716 silly packumentCache full:https://registry.npmjs.org/unpipe cache-miss
1717 http cache https://registry.npmjs.org/serve-static 46ms (cache hit)
1718 silly packumentCache full:https://registry.npmjs.org/serve-static set size:150391 disposed:false
1719 silly fetch manifest http-errors@~2.0.1
1720 silly packumentCache full:https://registry.npmjs.org/http-errors cache-hit
1721 http cache https://registry.npmjs.org/cookie-signature 52ms (cache hit)
1722 silly packumentCache full:https://registry.npmjs.org/cookie-signature set size:21777 disposed:false
1723 http cache https://registry.npmjs.org/merge-descriptors 49ms (cache hit)
1724 silly packumentCache full:https://registry.npmjs.org/merge-descriptors set size:16527 disposed:false
1725 http cache https://registry.npmjs.org/content-disposition 52ms (cache hit)
1726 silly packumentCache full:https://registry.npmjs.org/content-disposition set size:40258 disposed:false
1727 http cache https://registry.npmjs.org/ip-address 50ms (cache hit)
1728 silly packumentCache full:https://registry.npmjs.org/ip-address set size:171530 disposed:false
1729 http cache https://registry.npmjs.org/bytes 51ms (cache hit)
1730 silly packumentCache full:https://registry.npmjs.org/bytes set size:37018 disposed:false
1731 http cache https://registry.npmjs.org/unpipe 48ms (cache hit)
1732 silly packumentCache full:https://registry.npmjs.org/unpipe set size:3609 disposed:false
1733 silly placeDep ROOT fast-deep-equal@3.1.3 OK for: ajv@8.18.0 want: ^3.1.3
1734 silly placeDep ROOT fast-uri@3.1.2 OK for: ajv@8.18.0 want: ^3.0.1
1735 silly placeDep ROOT json-schema-traverse@1.0.0 OK for: ajv@8.18.0 want: ^1.0.0
1736 silly placeDep ROOT require-from-string@2.0.2 OK for: ajv@8.18.0 want: ^2.0.2
1737 silly placeDep ROOT @algolia/abtesting@1.14.1 OK for: algoliasearch@5.48.1 want: 1.14.1
1738 silly placeDep ROOT @algolia/client-abtesting@5.48.1 OK for: algoliasearch@5.48.1 want: 5.48.1
1739 silly placeDep ROOT @algolia/client-analytics@5.48.1 OK for: algoliasearch@5.48.1 want: 5.48.1
1740 silly placeDep ROOT @algolia/client-common@5.48.1 OK for: algoliasearch@5.48.1 want: 5.48.1
1741 silly placeDep ROOT @algolia/client-insights@5.48.1 OK for: algoliasearch@5.48.1 want: 5.48.1
1742 silly placeDep ROOT @algolia/client-personalization@5.48.1 OK for: algoliasearch@5.48.1 want: 5.48.1
1743 silly placeDep ROOT @algolia/client-query-suggestions@5.48.1 OK for: algoliasearch@5.48.1 want: 5.48.1
1744 silly placeDep ROOT @algolia/client-search@5.48.1 OK for: algoliasearch@5.48.1 want: 5.48.1
1745 silly placeDep ROOT @algolia/ingestion@1.48.1 OK for: algoliasearch@5.48.1 want: 1.48.1
1746 silly placeDep ROOT @algolia/monitoring@1.48.1 OK for: algoliasearch@5.48.1 want: 1.48.1
1747 silly placeDep ROOT @algolia/recommend@5.48.1 OK for: algoliasearch@5.48.1 want: 5.48.1
1748 silly placeDep ROOT @algolia/requester-browser-xhr@5.48.1 OK for: algoliasearch@5.48.1 want: 5.48.1
1749 silly placeDep ROOT @algolia/requester-fetch@5.48.1 OK for: algoliasearch@5.48.1 want: 5.48.1
1750 silly placeDep ROOT @algolia/requester-node-http@5.48.1 OK for: algoliasearch@5.48.1 want: 5.48.1
1751 silly placeDep ROOT css-select@6.0.0 OK for: beasties@0.4.1 want: ^6.0.0
1752 silly placeDep ROOT css-what@7.0.0 OK for: beasties@0.4.1 want: ^7.0.0
1753 silly placeDep ROOT dom-serializer@2.0.0 OK for: beasties@0.4.1 want: ^2.0.0
1754 silly placeDep ROOT domhandler@5.0.3 OK for: beasties@0.4.1 want: ^5.0.3
1755 silly placeDep ROOT htmlparser2@10.1.0 OK for: beasties@0.4.1 want: ^10.0.0
1756 silly placeDep ROOT postcss@8.5.15 OK for: beasties@0.4.1 want: ^8.4.49
1757 silly placeDep ROOT postcss-media-query-parser@0.2.3 OK for: beasties@0.4.1 want: ^0.2.3
1758 silly placeDep ROOT postcss-safe-parser@7.0.1 OK for: beasties@0.4.1 want: ^7.0.1
1759 silly fetch manifest boolbase@^1.0.0
1760 silly packumentCache full:https://registry.npmjs.org/boolbase cache-miss
1761 silly fetch manifest domutils@^3.2.2
1762 silly packumentCache full:https://registry.npmjs.org/domutils cache-miss
1763 silly fetch manifest nth-check@^2.1.1
1764 silly packumentCache full:https://registry.npmjs.org/nth-check cache-miss
1765 silly fetch manifest entities@^4.2.0
1766 silly packumentCache full:https://registry.npmjs.org/entities cache-hit
1767 silly fetch manifest domhandler@^5.0.2
1768 silly packumentCache full:https://registry.npmjs.org/domhandler cache-hit
1769 silly fetch manifest domelementtype@^2.3.0
1770 silly packumentCache full:https://registry.npmjs.org/domelementtype cache-miss
1771 silly fetch manifest domelementtype@^2.3.0
1772 silly packumentCache full:https://registry.npmjs.org/domelementtype cache-miss
1773 silly fetch manifest domutils@^3.2.2
1774 silly packumentCache full:https://registry.npmjs.org/domutils cache-miss
1775 silly fetch manifest entities@^7.0.1
1776 silly packumentCache full:https://registry.npmjs.org/entities cache-hit
1777 silly fetch manifest domelementtype@^2.3.0
1778 silly packumentCache full:https://registry.npmjs.org/domelementtype cache-miss
1779 http cache https://registry.npmjs.org/boolbase 59ms (cache hit)
1780 silly packumentCache full:https://registry.npmjs.org/boolbase set size:4438 disposed:false
1781 silly fetch manifest nanoid@^3.3.12
1782 silly packumentCache full:https://registry.npmjs.org/nanoid cache-miss
1783 http cache https://registry.npmjs.org/domutils 62ms (cache hit)
1784 silly packumentCache full:https://registry.npmjs.org/domutils set size:110068 disposed:false
1785 silly fetch manifest source-map-js@^1.2.1
1786 silly packumentCache full:https://registry.npmjs.org/source-map-js cache-hit
1787 http cache https://registry.npmjs.org/domelementtype 60ms (cache hit)
1788 silly packumentCache full:https://registry.npmjs.org/domelementtype set size:33363 disposed:false
1789 http cache https://registry.npmjs.org/domutils 66ms (cache hit)
1790 silly packumentCache full:https://registry.npmjs.org/domutils set size:110068 disposed:false
1791 silly packumentCache full:https://registry.npmjs.org/domutils dispose
1792 http cache https://registry.npmjs.org/domelementtype 73ms (cache hit)
1793 silly packumentCache full:https://registry.npmjs.org/domelementtype set size:33363 disposed:false
1794 silly packumentCache full:https://registry.npmjs.org/domelementtype dispose
1795 http cache https://registry.npmjs.org/domelementtype 76ms (cache hit)
1796 silly packumentCache full:https://registry.npmjs.org/domelementtype set size:33363 disposed:true
1797 silly packumentCache full:https://registry.npmjs.org/domelementtype dispose
1798 http cache https://registry.npmjs.org/nth-check 83ms (cache hit)
1799 silly packumentCache full:https://registry.npmjs.org/nth-check set size:27445 disposed:false
1800 http cache https://registry.npmjs.org/nanoid 30ms (cache hit)
1801 silly packumentCache full:https://registry.npmjs.org/nanoid set size:310559 disposed:false
1802 silly fetch manifest browserslist@>= 4.21.0
1803 silly packumentCache full:https://registry.npmjs.org/browserslist cache-hit
1804 silly placeDep ROOT baseline-browser-mapping@2.10.31 OK for: browserslist@4.28.2 want: ^2.10.12
1805 silly placeDep ROOT caniuse-lite@1.0.30001793 OK for: browserslist@4.28.2 want: ^1.0.30001782
1806 silly placeDep ROOT electron-to-chromium@1.5.360 OK for: browserslist@4.28.2 want: ^1.5.328
1807 silly placeDep ROOT node-releases@2.0.44 OK for: browserslist@4.28.2 want: ^2.0.36
1808 silly placeDep ROOT update-browserslist-db@1.2.3 OK for: browserslist@4.28.2 want: ^1.2.3
1809 silly fetch manifest escalade@^3.2.0
1810 silly packumentCache full:https://registry.npmjs.org/escalade cache-hit
1811 silly placeDep ROOT @kurkle/color@0.3.4 OK for: chart.js@4.5.1 want: ^0.3.0
1812 silly placeDep ROOT readdirp@5.0.0 OK for: chokidar@5.0.0 want: ^5.0.0
1813 silly placeDep ROOT object-assign@4.1.1 OK for: cors@2.8.6 want: ^4
1814 silly placeDep ROOT vary@1.1.2 OK for: cors@2.8.6 want: ^1
1815 silly placeDep ROOT path-key@3.1.1 OK for: cross-spawn@7.0.6 want: ^3.1.0
1816 silly placeDep ROOT shebang-command@2.0.0 OK for: cross-spawn@7.0.6 want: ^2.0.0
1817 silly placeDep ROOT which@2.0.2 OK for: cross-spawn@7.0.6 want: ^2.0.1
1818 silly fetch manifest shebang-regex@^3.0.0
1819 silly packumentCache full:https://registry.npmjs.org/shebang-regex cache-miss
1820 silly fetch manifest isexe@^2.0.0
1821 silly packumentCache full:https://registry.npmjs.org/isexe cache-miss
1822 http cache https://registry.npmjs.org/isexe 8ms (cache hit)
1823 silly packumentCache full:https://registry.npmjs.org/isexe set size:31756 disposed:false
1824 http cache https://registry.npmjs.org/shebang-regex 12ms (cache hit)
1825 silly packumentCache full:https://registry.npmjs.org/shebang-regex set size:9763 disposed:false
1826 silly placeDep ROOT boolbase@1.0.0 OK for: css-select@6.0.0 want: ^1.0.0
1827 silly placeDep ROOT domutils@3.2.2 OK for: css-select@6.0.0 want: ^3.2.2
1828 silly placeDep ROOT nth-check@2.1.1 OK for: css-select@6.0.0 want: ^2.1.1
1829 silly placeDep ROOT ms@2.1.3 OK for: debug@4.4.3 want: ^2.1.3
1830 silly placeDep ROOT domelementtype@2.3.0 OK for: dom-serializer@2.0.0 want: ^2.3.0
1831 silly placeDep ROOT entities@4.5.0 OK for: dom-serializer@2.0.0 want: ^4.2.0
1832 silly placeDep ROOT @esbuild/aix-ppc64@0.27.3 OK for: esbuild@0.27.3 want: 0.27.3
1833 silly placeDep ROOT @esbuild/android-arm@0.27.3 OK for: esbuild@0.27.3 want: 0.27.3
1834 silly placeDep ROOT @esbuild/android-arm64@0.27.3 OK for: esbuild@0.27.3 want: 0.27.3
1835 silly placeDep ROOT @esbuild/android-x64@0.27.3 OK for: esbuild@0.27.3 want: 0.27.3
1836 silly placeDep ROOT @esbuild/darwin-arm64@0.27.3 OK for: esbuild@0.27.3 want: 0.27.3
1837 silly placeDep ROOT @esbuild/darwin-x64@0.27.3 OK for: esbuild@0.27.3 want: 0.27.3
1838 silly placeDep ROOT @esbuild/freebsd-arm64@0.27.3 OK for: esbuild@0.27.3 want: 0.27.3
1839 silly placeDep ROOT @esbuild/freebsd-x64@0.27.3 OK for: esbuild@0.27.3 want: 0.27.3
1840 silly placeDep ROOT @esbuild/linux-arm@0.27.3 OK for: esbuild@0.27.3 want: 0.27.3
1841 silly placeDep ROOT @esbuild/linux-arm64@0.27.3 OK for: esbuild@0.27.3 want: 0.27.3
1842 silly placeDep ROOT @esbuild/linux-ia32@0.27.3 OK for: esbuild@0.27.3 want: 0.27.3
1843 silly placeDep ROOT @esbuild/linux-loong64@0.27.3 OK for: esbuild@0.27.3 want: 0.27.3
1844 silly placeDep ROOT @esbuild/linux-mips64el@0.27.3 OK for: esbuild@0.27.3 want: 0.27.3
1845 silly placeDep ROOT @esbuild/linux-ppc64@0.27.3 OK for: esbuild@0.27.3 want: 0.27.3
1846 silly placeDep ROOT @esbuild/linux-riscv64@0.27.3 OK for: esbuild@0.27.3 want: 0.27.3
1847 silly placeDep ROOT @esbuild/linux-s390x@0.27.3 OK for: esbuild@0.27.3 want: 0.27.3
1848 silly placeDep ROOT @esbuild/linux-x64@0.27.3 OK for: esbuild@0.27.3 want: 0.27.3
1849 silly placeDep ROOT @esbuild/netbsd-arm64@0.27.3 OK for: esbuild@0.27.3 want: 0.27.3
1850 silly placeDep ROOT @esbuild/netbsd-x64@0.27.3 OK for: esbuild@0.27.3 want: 0.27.3
1851 silly placeDep ROOT @esbuild/openbsd-arm64@0.27.3 OK for: esbuild@0.27.3 want: 0.27.3
1852 silly placeDep ROOT @esbuild/openbsd-x64@0.27.3 OK for: esbuild@0.27.3 want: 0.27.3
1853 silly placeDep ROOT @esbuild/openharmony-arm64@0.27.3 OK for: esbuild@0.27.3 want: 0.27.3
1854 silly placeDep ROOT @esbuild/sunos-x64@0.27.3 OK for: esbuild@0.27.3 want: 0.27.3
1855 silly placeDep ROOT @esbuild/win32-arm64@0.27.3 OK for: esbuild@0.27.3 want: 0.27.3
1856 silly placeDep ROOT @esbuild/win32-ia32@0.27.3 OK for: esbuild@0.27.3 want: 0.27.3
1857 silly placeDep ROOT @esbuild/win32-x64@0.27.3 OK for: esbuild@0.27.3 want: 0.27.3
1858 silly placeDep ROOT accepts@2.0.0 OK for: express@5.2.1 want: ^2.0.0
1859 silly placeDep ROOT body-parser@2.2.2 OK for: express@5.2.1 want: ^2.2.1
1860 silly placeDep ROOT content-disposition@1.1.0 OK for: express@5.2.1 want: ^1.0.0
1861 silly placeDep ROOT cookie@0.7.2 OK for: express@5.2.1 want: ^0.7.1
1862 silly placeDep ROOT cookie-signature@1.2.2 OK for: express@5.2.1 want: ^1.2.1
1863 silly placeDep ROOT depd@2.0.0 OK for: express@5.2.1 want: ^2.0.0
1864 silly placeDep ROOT encodeurl@2.0.0 OK for: express@5.2.1 want: ^2.0.0
1865 silly placeDep ROOT escape-html@1.0.3 OK for: express@5.2.1 want: ^1.0.3
1866 silly placeDep ROOT etag@1.8.1 OK for: express@5.2.1 want: ^1.8.1
1867 silly placeDep ROOT finalhandler@2.1.1 OK for: express@5.2.1 want: ^2.1.0
1868 silly placeDep ROOT fresh@2.0.0 OK for: express@5.2.1 want: ^2.0.0
1869 silly placeDep ROOT http-errors@2.0.1 OK for: express@5.2.1 want: ^2.0.0
1870 silly placeDep ROOT merge-descriptors@2.0.0 OK for: express@5.2.1 want: ^2.0.0
1871 silly placeDep ROOT mime-types@3.0.2 OK for: express@5.2.1 want: ^3.0.0
1872 silly placeDep ROOT on-finished@2.4.1 OK for: express@5.2.1 want: ^2.4.1
1873 silly placeDep ROOT once@1.4.0 OK for: express@5.2.1 want: ^1.4.0
1874 silly placeDep ROOT parseurl@1.3.3 OK for: express@5.2.1 want: ^1.3.3
1875 silly placeDep ROOT proxy-addr@2.0.7 OK for: express@5.2.1 want: ^2.0.7
1876 silly placeDep ROOT qs@6.15.2 OK for: express@5.2.1 want: ^6.14.0
1877 silly placeDep ROOT range-parser@1.2.1 OK for: express@5.2.1 want: ^1.2.1
1878 silly placeDep ROOT router@2.2.0 OK for: express@5.2.1 want: ^2.2.0
1879 silly placeDep ROOT send@1.2.1 OK for: express@5.2.1 want: ^1.1.0
1880 silly placeDep ROOT serve-static@2.2.1 OK for: express@5.2.1 want: ^2.2.0
1881 silly placeDep ROOT statuses@2.0.2 OK for: express@5.2.1 want: ^2.0.1
1882 silly placeDep ROOT type-is@2.1.0 OK for: express@5.2.1 want: ^2.0.1
1883 silly fetch manifest negotiator@^1.0.0
1884 silly packumentCache full:https://registry.npmjs.org/negotiator cache-miss
1885 silly fetch manifest qs@^6.14.1
1886 silly packumentCache full:https://registry.npmjs.org/qs cache-hit
1887 silly fetch manifest bytes@^3.1.2
1888 silly packumentCache full:https://registry.npmjs.org/bytes cache-hit
1889 silly fetch manifest inherits@~2.0.4
1890 silly packumentCache full:https://registry.npmjs.org/inherits cache-miss
1891 silly fetch manifest setprototypeof@~1.2.0
1892 silly packumentCache full:https://registry.npmjs.org/setprototypeof cache-miss
1893 silly fetch manifest statuses@~2.0.2
1894 silly packumentCache full:https://registry.npmjs.org/statuses cache-hit
1895 silly fetch manifest toidentifier@~1.0.1
1896 silly packumentCache full:https://registry.npmjs.org/toidentifier cache-miss
1897 silly fetch manifest mime-db@^1.54.0
1898 silly packumentCache full:https://registry.npmjs.org/mime-db cache-miss
1899 silly fetch manifest ee-first@1.1.1
1900 silly packumentCache full:https://registry.npmjs.org/ee-first cache-miss
1901 silly fetch manifest wrappy@1
1902 silly packumentCache full:https://registry.npmjs.org/wrappy cache-miss
1903 http cache https://registry.npmjs.org/negotiator 27ms (cache hit)
1904 silly packumentCache full:https://registry.npmjs.org/negotiator set size:48046 disposed:false
1905 silly fetch manifest forwarded@0.2.0
1906 silly packumentCache full:https://registry.npmjs.org/forwarded cache-miss
1907 http cache https://registry.npmjs.org/setprototypeof 26ms (cache hit)
1908 silly packumentCache full:https://registry.npmjs.org/setprototypeof set size:14532 disposed:false
1909 silly fetch manifest ipaddr.js@1.9.1
1910 silly packumentCache full:https://registry.npmjs.org/ipaddr.js cache-miss
1911 http cache https://registry.npmjs.org/inherits 30ms (cache hit)
1912 silly packumentCache full:https://registry.npmjs.org/inherits set size:12925 disposed:false
1913 silly fetch manifest side-channel@^1.1.0
1914 silly packumentCache full:https://registry.npmjs.org/side-channel cache-miss
1915 http cache https://registry.npmjs.org/toidentifier 31ms (cache hit)
1916 silly packumentCache full:https://registry.npmjs.org/toidentifier set size:12006 disposed:false
1917 silly fetch manifest is-promise@^4.0.0
1918 silly packumentCache full:https://registry.npmjs.org/is-promise cache-miss
1919 http cache https://registry.npmjs.org/ee-first 32ms (cache hit)
1920 silly packumentCache full:https://registry.npmjs.org/ee-first set size:15327 disposed:false
1921 silly fetch manifest path-to-regexp@^8.0.0
1922 silly packumentCache full:https://registry.npmjs.org/path-to-regexp cache-miss
1923 http cache https://registry.npmjs.org/mime-db 36ms (cache hit)
1924 silly packumentCache full:https://registry.npmjs.org/mime-db set size:164953 disposed:false
1925 silly fetch manifest statuses@^2.0.2
1926 silly packumentCache full:https://registry.npmjs.org/statuses cache-hit
1927 silly fetch manifest content-type@^2.0.0
1928 silly packumentCache full:https://registry.npmjs.org/content-type cache-hit
1929 silly fetch manifest media-typer@^1.1.0
1930 silly packumentCache full:https://registry.npmjs.org/media-typer cache-miss
1931 http cache https://registry.npmjs.org/wrappy 44ms (cache hit)
1932 silly packumentCache full:https://registry.npmjs.org/wrappy set size:7682 disposed:false
1933 http cache https://registry.npmjs.org/forwarded 36ms (cache hit)
1934 silly packumentCache full:https://registry.npmjs.org/forwarded set size:11229 disposed:false
1935 http cache https://registry.npmjs.org/ipaddr.js 37ms (cache hit)
1936 silly packumentCache full:https://registry.npmjs.org/ipaddr.js set size:69563 disposed:false
1937 http cache https://registry.npmjs.org/side-channel 38ms (cache hit)
1938 silly packumentCache full:https://registry.npmjs.org/side-channel set size:24660 disposed:false
1939 http cache https://registry.npmjs.org/path-to-regexp 35ms (cache hit)
1940 silly packumentCache full:https://registry.npmjs.org/path-to-regexp set size:216334 disposed:false
1941 http cache https://registry.npmjs.org/is-promise 47ms (cache hit)
1942 silly packumentCache full:https://registry.npmjs.org/is-promise set size:18599 disposed:false
1943 http cache https://registry.npmjs.org/media-typer 35ms (cache hit)
1944 silly packumentCache full:https://registry.npmjs.org/media-typer set size:20873 disposed:false
1945 silly placeDep ROOT negotiator@1.0.0 OK for: accepts@2.0.0 want: ^1.0.0
1946 silly placeDep ROOT bytes@3.1.2 OK for: body-parser@2.2.2 want: ^3.1.2
1947 silly placeDep ROOT ip-address@10.2.0 OK for: express-rate-limit@8.5.2 want: ^10.2.0
1948 silly placeDep node_modules/htmlparser2 entities@7.0.1 OK for: htmlparser2@10.1.0 want: ^7.0.1
1949 silly placeDep ROOT inherits@2.0.4 OK for: http-errors@2.0.1 want: ~2.0.4
1950 silly placeDep ROOT setprototypeof@1.2.0 OK for: http-errors@2.0.1 want: ~1.2.0
1951 silly placeDep ROOT toidentifier@1.0.1 OK for: http-errors@2.0.1 want: ~1.0.1
1952 silly placeDep ROOT agent-base@7.1.4 OK for: https-proxy-agent@7.0.6 want: ^7.1.2
1953 silly placeDep ROOT safer-buffer@2.1.2 OK for: iconv-lite@0.7.2 want: >= 2.1.2 < 3.0.0
1954 silly placeDep ROOT @istanbuljs/schema@0.1.6 OK for: istanbul-lib-instrument@6.0.3 want: ^0.1.3
1955 silly placeDep ROOT istanbul-lib-coverage@3.2.2 OK for: istanbul-lib-instrument@6.0.3 want: ^3.2.0
1956 silly fetch manifest @noble/hashes@^1.8.0 || ^2.0.0
1957 silly packumentCache full:https://registry.npmjs.org/@noble%2fhashes cache-miss
1958 http cache https://registry.npmjs.org/@noble%2fhashes 12ms (cache hit)
1959 silly packumentCache full:https://registry.npmjs.org/@noble%2fhashes set size:217737 disposed:false
1960 silly placeDep ROOT @acemir/cssom@0.9.31 OK for: jsdom@28.1.0 want: ^0.9.31
1961 silly placeDep ROOT @asamuzakjp/dom-selector@6.8.1 OK for: jsdom@28.1.0 want: ^6.8.1
1962 silly placeDep ROOT @bramus/specificity@2.4.2 OK for: jsdom@28.1.0 want: ^2.4.2
1963 silly placeDep ROOT @exodus/bytes@1.15.1 OK for: jsdom@28.1.0 want: ^1.11.0
1964 silly placeDep ROOT cssstyle@6.2.0 OK for: jsdom@28.1.0 want: ^6.0.1
1965 silly placeDep ROOT data-urls@7.0.0 OK for: jsdom@28.1.0 want: ^7.0.0
1966 silly placeDep ROOT decimal.js@10.6.0 OK for: jsdom@28.1.0 want: ^10.6.0
1967 silly placeDep ROOT html-encoding-sniffer@6.0.0 OK for: jsdom@28.1.0 want: ^6.0.0
1968 silly placeDep ROOT http-proxy-agent@7.0.2 OK for: jsdom@28.1.0 want: ^7.0.2
1969 silly placeDep ROOT is-potential-custom-element-name@1.0.1 OK for: jsdom@28.1.0 want: ^1.0.1
1970 silly placeDep ROOT saxes@6.0.0 OK for: jsdom@28.1.0 want: ^6.0.0
1971 silly placeDep ROOT symbol-tree@3.2.4 OK for: jsdom@28.1.0 want: ^3.2.4
1972 silly placeDep ROOT tough-cookie@6.0.1 OK for: jsdom@28.1.0 want: ^6.0.0
1973 silly placeDep ROOT w3c-xmlserializer@5.0.0 OK for: jsdom@28.1.0 want: ^5.0.0
1974 silly placeDep ROOT webidl-conversions@8.0.1 OK for: jsdom@28.1.0 want: ^8.0.1
1975 silly placeDep ROOT whatwg-mimetype@5.0.0 OK for: jsdom@28.1.0 want: ^5.0.0
1976 silly placeDep ROOT whatwg-url@16.0.1 OK for: jsdom@28.1.0 want: ^16.0.0
1977 silly placeDep ROOT xml-name-validator@5.0.0 OK for: jsdom@28.1.0 want: ^5.0.0
1978 silly fetch manifest bidi-js@^1.0.3
1979 silly packumentCache full:https://registry.npmjs.org/bidi-js cache-miss
1980 silly fetch manifest css-tree@^3.1.0
1981 silly packumentCache full:https://registry.npmjs.org/css-tree cache-miss
1982 silly fetch manifest lru-cache@^11.2.6
1983 silly packumentCache full:https://registry.npmjs.org/lru-cache cache-hit
1984 silly fetch manifest @asamuzakjp/nwsapi@^2.3.9
1985 silly packumentCache full:https://registry.npmjs.org/@asamuzakjp%2fnwsapi cache-miss
1986 silly fetch manifest css-tree@^3.0.0
1987 silly packumentCache full:https://registry.npmjs.org/css-tree cache-miss
1988 silly fetch manifest @asamuzakjp/css-color@^5.0.1
1989 silly packumentCache full:https://registry.npmjs.org/@asamuzakjp%2fcss-color cache-miss
1990 silly fetch manifest @csstools/css-syntax-patches-for-csstree@^1.0.28
1991 silly packumentCache full:https://registry.npmjs.org/@csstools%2fcss-syntax-patches-for-csstree cache-miss
1992 silly fetch manifest css-tree@^3.1.0
1993 silly packumentCache full:https://registry.npmjs.org/css-tree cache-miss
1994 http cache https://registry.npmjs.org/@csstools%2fcss-syntax-patches-for-csstree 21ms (cache hit)
1995 silly packumentCache full:https://registry.npmjs.org/@csstools%2fcss-syntax-patches-for-csstree set size:75610 disposed:false
1996 silly fetch manifest xmlchars@^2.2.0
1997 silly packumentCache full:https://registry.npmjs.org/xmlchars cache-miss
1998 http cache https://registry.npmjs.org/@asamuzakjp%2fnwsapi 36ms (cache hit)
1999 silly packumentCache full:https://registry.npmjs.org/@asamuzakjp%2fnwsapi set size:61198 disposed:false
2000 silly fetch manifest tldts@^7.0.5
2001 silly packumentCache full:https://registry.npmjs.org/tldts cache-miss
2002 http cache https://registry.npmjs.org/bidi-js 44ms (cache hit)
2003 silly packumentCache full:https://registry.npmjs.org/bidi-js set size:17389 disposed:false
2004 silly fetch manifest tr46@^6.0.0
2005 silly packumentCache full:https://registry.npmjs.org/tr46 cache-miss
2006 http cache https://registry.npmjs.org/css-tree 48ms (cache hit)
2007 silly packumentCache full:https://registry.npmjs.org/css-tree set size:229638 disposed:false
2008 http cache https://registry.npmjs.org/css-tree 53ms (cache hit)
2009 silly packumentCache full:https://registry.npmjs.org/css-tree set size:229638 disposed:false
2010 silly packumentCache full:https://registry.npmjs.org/css-tree dispose
2011 http cache https://registry.npmjs.org/css-tree 54ms (cache hit)
2012 silly packumentCache full:https://registry.npmjs.org/css-tree set size:229638 disposed:true
2013 silly packumentCache full:https://registry.npmjs.org/css-tree dispose
2014 http cache https://registry.npmjs.org/@asamuzakjp%2fcss-color 62ms (cache hit)
2015 silly packumentCache full:https://registry.npmjs.org/@asamuzakjp%2fcss-color set size:203153 disposed:false
2016 http cache https://registry.npmjs.org/xmlchars 48ms (cache hit)
2017 silly packumentCache full:https://registry.npmjs.org/xmlchars set size:33578 disposed:false
2018 http cache https://registry.npmjs.org/tldts 58ms (cache hit)
2019 silly packumentCache full:https://registry.npmjs.org/tldts set size:3401976 disposed:false
2020 http cache https://registry.npmjs.org/tr46 94ms (cache hit)
2021 silly packumentCache full:https://registry.npmjs.org/tr46 set size:47377 disposed:false
2022 silly placeDep ROOT @asamuzakjp/nwsapi@2.3.9 OK for: @asamuzakjp/dom-selector@6.8.1 want: ^2.3.9
2023 silly placeDep ROOT bidi-js@1.0.3 OK for: @asamuzakjp/dom-selector@6.8.1 want: ^1.0.3
2024 silly placeDep ROOT css-tree@3.2.1 OK for: @asamuzakjp/dom-selector@6.8.1 want: ^3.1.0
2025 silly placeDep node_modules/@asamuzakjp/dom-selector lru-cache@11.5.0 OK for: @asamuzakjp/dom-selector@6.8.1 want: ^11.2.6
2026 silly fetch manifest mdn-data@2.27.1
2027 silly packumentCache full:https://registry.npmjs.org/mdn-data cache-miss
2028 http cache https://registry.npmjs.org/mdn-data 9ms (cache hit)
2029 silly packumentCache full:https://registry.npmjs.org/mdn-data set size:175956 disposed:false
2030 silly placeDep ROOT mdn-data@2.27.1 OK for: css-tree@3.2.1 want: 2.27.1
2031 silly placeDep ROOT source-map-js@1.2.1 OK for: css-tree@3.2.1 want: ^1.2.1
2032 silly placeDep ROOT @asamuzakjp/css-color@5.1.11 OK for: cssstyle@6.2.0 want: ^5.0.1
2033 silly placeDep ROOT @csstools/css-syntax-patches-for-csstree@1.1.4 OK for: cssstyle@6.2.0 want: ^1.0.28
2034 silly placeDep node_modules/cssstyle lru-cache@11.5.0 OK for: cssstyle@6.2.0 want: ^11.2.6
2035 silly fetch manifest @csstools/css-calc@^3.2.0
2036 silly packumentCache full:https://registry.npmjs.org/@csstools%2fcss-calc cache-miss
2037 silly fetch manifest @csstools/css-tokenizer@^4.0.0
2038 silly packumentCache full:https://registry.npmjs.org/@csstools%2fcss-tokenizer cache-miss
2039 silly fetch manifest @csstools/css-color-parser@^4.1.0
2040 silly packumentCache full:https://registry.npmjs.org/@csstools%2fcss-color-parser cache-miss
2041 silly fetch manifest @asamuzakjp/generational-cache@^1.0.1
2042 silly packumentCache full:https://registry.npmjs.org/@asamuzakjp%2fgenerational-cache cache-miss
2043 silly fetch manifest @csstools/css-parser-algorithms@^4.0.0
2044 silly packumentCache full:https://registry.npmjs.org/@csstools%2fcss-parser-algorithms cache-miss
2045 http cache https://registry.npmjs.org/@csstools%2fcss-calc 16ms (cache hit)
2046 silly packumentCache full:https://registry.npmjs.org/@csstools%2fcss-calc set size:76338 disposed:false
2047 http cache https://registry.npmjs.org/@asamuzakjp%2fgenerational-cache 18ms (cache hit)
2048 silly packumentCache full:https://registry.npmjs.org/@asamuzakjp%2fgenerational-cache set size:23929 disposed:false
2049 http cache https://registry.npmjs.org/@csstools%2fcss-tokenizer 21ms (cache hit)
2050 silly packumentCache full:https://registry.npmjs.org/@csstools%2fcss-tokenizer set size:61164 disposed:false
2051 http cache https://registry.npmjs.org/@csstools%2fcss-parser-algorithms 24ms (cache hit)
2052 silly packumentCache full:https://registry.npmjs.org/@csstools%2fcss-parser-algorithms set size:66140 disposed:false
2053 http cache https://registry.npmjs.org/@csstools%2fcss-color-parser 28ms (cache hit)
2054 silly packumentCache full:https://registry.npmjs.org/@csstools%2fcss-color-parser set size:107633 disposed:false
2055 silly placeDep ROOT @asamuzakjp/generational-cache@1.0.1 OK for: @asamuzakjp/css-color@5.1.11 want: ^1.0.1
2056 silly placeDep ROOT @csstools/css-calc@3.2.1 OK for: @asamuzakjp/css-color@5.1.11 want: ^3.2.0
2057 silly placeDep ROOT @csstools/css-parser-algorithms@4.0.0 OK for: @csstools/css-calc@3.2.1 want: ^4.0.0
2058 silly placeDep ROOT @csstools/css-tokenizer@4.0.0 OK for: @csstools/css-parser-algorithms@4.0.0 want: ^4.0.0
2059 silly placeDep ROOT @csstools/css-color-parser@4.1.1 OK for: @asamuzakjp/css-color@5.1.11 want: ^4.1.0
2060 silly fetch manifest @csstools/color-helpers@^6.0.2
2061 silly packumentCache full:https://registry.npmjs.org/@csstools%2fcolor-helpers cache-miss
2062 http cache https://registry.npmjs.org/@csstools%2fcolor-helpers 16ms (cache hit)
2063 silly packumentCache full:https://registry.npmjs.org/@csstools%2fcolor-helpers set size:42946 disposed:false
2064 silly placeDep ROOT @csstools/color-helpers@6.0.2 OK for: @csstools/css-color-parser@4.1.1 want: ^6.0.2
2065 silly placeDep ROOT cli-truncate@5.2.0 OK for: listr2@9.0.5 want: ^5.0.0
2066 silly placeDep ROOT colorette@2.0.20 OK for: listr2@9.0.5 want: ^2.0.20
2067 silly placeDep ROOT eventemitter3@5.0.4 OK for: listr2@9.0.5 want: ^5.0.1
2068 silly placeDep ROOT log-update@6.1.0 OK for: listr2@9.0.5 want: ^6.1.0
2069 silly placeDep ROOT rfdc@1.4.1 OK for: listr2@9.0.5 want: ^1.4.1
2070 silly placeDep node_modules/listr2 wrap-ansi@9.0.2 OK for: listr2@9.0.5 want: ^9.0.0
2071 silly fetch manifest slice-ansi@^8.0.0
2072 silly packumentCache full:https://registry.npmjs.org/slice-ansi cache-miss
2073 silly fetch manifest string-width@^8.2.0
2074 silly packumentCache full:https://registry.npmjs.org/string-width cache-hit
2075 silly fetch manifest slice-ansi@^7.1.0
2076 silly packumentCache full:https://registry.npmjs.org/slice-ansi cache-miss
2077 silly fetch manifest strip-ansi@^7.1.0
2078 silly packumentCache full:https://registry.npmjs.org/strip-ansi cache-hit
2079 silly fetch manifest ansi-escapes@^7.0.0
2080 silly packumentCache full:https://registry.npmjs.org/ansi-escapes cache-miss
2081 silly fetch manifest strip-ansi@^7.1.0
2082 silly packumentCache full:https://registry.npmjs.org/strip-ansi cache-hit
2083 silly fetch manifest ansi-styles@^6.2.1
2084 silly packumentCache full:https://registry.npmjs.org/ansi-styles cache-hit
2085 silly fetch manifest string-width@^7.0.0
2086 silly packumentCache full:https://registry.npmjs.org/string-width cache-hit
2087 http cache https://registry.npmjs.org/slice-ansi 19ms (cache hit)
2088 silly packumentCache full:https://registry.npmjs.org/slice-ansi set size:36418 disposed:false
2089 http cache https://registry.npmjs.org/ansi-escapes 20ms (cache hit)
2090 silly packumentCache full:https://registry.npmjs.org/ansi-escapes set size:70915 disposed:false
2091 http cache https://registry.npmjs.org/slice-ansi 27ms (cache hit)
2092 silly packumentCache full:https://registry.npmjs.org/slice-ansi set size:36418 disposed:false
2093 silly packumentCache full:https://registry.npmjs.org/slice-ansi dispose
2094 silly placeDep ROOT slice-ansi@8.0.0 OK for: cli-truncate@5.2.0 want: ^8.0.0
2095 silly placeDep ROOT string-width@8.2.1 OK for: cli-truncate@5.2.0 want: ^8.2.0
2096 silly fetch manifest ansi-styles@^6.2.3
2097 silly packumentCache full:https://registry.npmjs.org/ansi-styles cache-hit
2098 silly fetch manifest is-fullwidth-code-point@^5.1.0
2099 silly packumentCache full:https://registry.npmjs.org/is-fullwidth-code-point cache-miss
2100 silly fetch manifest get-east-asian-width@^1.5.0
2101 silly packumentCache full:https://registry.npmjs.org/get-east-asian-width cache-miss
2102 silly fetch manifest strip-ansi@^7.1.2
2103 silly packumentCache full:https://registry.npmjs.org/strip-ansi cache-hit
2104 http cache https://registry.npmjs.org/is-fullwidth-code-point 10ms (cache hit)
2105 silly packumentCache full:https://registry.npmjs.org/is-fullwidth-code-point set size:14578 disposed:false
2106 http cache https://registry.npmjs.org/get-east-asian-width 12ms (cache hit)
2107 silly packumentCache full:https://registry.npmjs.org/get-east-asian-width set size:20538 disposed:false
2108 silly placeDep ROOT @harperfast/extended-iterable@1.0.3 OK for: lmdb@3.5.1 want: ^1.0.3
2109 silly placeDep ROOT @lmdb/lmdb-darwin-arm64@3.5.1 OK for: lmdb@3.5.1 want: 3.5.1
2110 silly placeDep ROOT @lmdb/lmdb-darwin-x64@3.5.1 OK for: lmdb@3.5.1 want: 3.5.1
2111 silly placeDep ROOT @lmdb/lmdb-linux-arm@3.5.1 OK for: lmdb@3.5.1 want: 3.5.1
2112 silly placeDep ROOT @lmdb/lmdb-linux-arm64@3.5.1 OK for: lmdb@3.5.1 want: 3.5.1
2113 silly placeDep ROOT @lmdb/lmdb-linux-x64@3.5.1 OK for: lmdb@3.5.1 want: 3.5.1
2114 silly placeDep ROOT @lmdb/lmdb-win32-arm64@3.5.1 OK for: lmdb@3.5.1 want: 3.5.1
2115 silly placeDep ROOT @lmdb/lmdb-win32-x64@3.5.1 OK for: lmdb@3.5.1 want: 3.5.1
2116 silly placeDep ROOT msgpackr@1.11.12 OK for: lmdb@3.5.1 want: ^1.11.2
2117 silly placeDep ROOT node-addon-api@6.1.0 OK for: lmdb@3.5.1 want: ^6.1.0
2118 silly placeDep ROOT node-gyp-build-optional-packages@5.2.2 OK for: lmdb@3.5.1 want: 5.2.2
2119 silly placeDep ROOT ordered-binary@1.6.1 OK for: lmdb@3.5.1 want: ^1.5.3
2120 silly placeDep ROOT weak-lru-cache@1.2.2 OK for: lmdb@3.5.1 want: ^1.2.2
2121 silly fetch manifest msgpackr-extract@^3.0.2
2122 silly packumentCache full:https://registry.npmjs.org/msgpackr-extract cache-miss
2123 silly fetch manifest detect-libc@^2.0.1
2124 silly packumentCache full:https://registry.npmjs.org/detect-libc cache-miss
2125 http cache https://registry.npmjs.org/msgpackr-extract 8ms (cache hit)
2126 silly packumentCache full:https://registry.npmjs.org/msgpackr-extract set size:148696 disposed:false
2127 http cache https://registry.npmjs.org/detect-libc 11ms (cache hit)
2128 silly packumentCache full:https://registry.npmjs.org/detect-libc set size:47861 disposed:false
2129 silly placeDep ROOT ansi-escapes@7.3.0 OK for: log-update@6.1.0 want: ^7.0.0
2130 silly placeDep ROOT cli-cursor@5.0.0 OK for: log-update@6.1.0 want: ^5.0.0
2131 silly placeDep node_modules/log-update slice-ansi@7.1.2 OK for: log-update@6.1.0 want: ^7.1.0
2132 silly placeDep ROOT strip-ansi@7.2.0 OK for: log-update@6.1.0 want: ^7.1.0
2133 silly placeDep node_modules/log-update wrap-ansi@9.0.2 OK for: log-update@6.1.0 want: ^9.0.0
2134 silly fetch manifest environment@^1.0.0
2135 silly packumentCache full:https://registry.npmjs.org/environment cache-miss
2136 silly fetch manifest restore-cursor@^5.0.0
2137 silly packumentCache full:https://registry.npmjs.org/restore-cursor cache-miss
2138 silly fetch manifest is-fullwidth-code-point@^5.0.0
2139 silly packumentCache full:https://registry.npmjs.org/is-fullwidth-code-point cache-hit
2140 silly fetch manifest ansi-regex@^6.2.2
2141 silly packumentCache full:https://registry.npmjs.org/ansi-regex cache-miss
2142 http cache https://registry.npmjs.org/environment 11ms (cache hit)
2143 silly packumentCache full:https://registry.npmjs.org/environment set size:13915 disposed:false
2144 http cache https://registry.npmjs.org/ansi-regex 12ms (cache hit)
2145 silly packumentCache full:https://registry.npmjs.org/ansi-regex set size:43572 disposed:false
2146 http cache https://registry.npmjs.org/restore-cursor 14ms (cache hit)
2147 silly packumentCache full:https://registry.npmjs.org/restore-cursor set size:17895 disposed:false
2148 silly placeDep ROOT environment@1.1.0 OK for: ansi-escapes@7.3.0 want: ^1.0.0
2149 silly placeDep ROOT restore-cursor@5.1.0 OK for: cli-cursor@5.0.0 want: ^5.0.0
2150 silly fetch manifest onetime@^7.0.0
2151 silly packumentCache full:https://registry.npmjs.org/onetime cache-miss
2152 http cache https://registry.npmjs.org/onetime 5ms (cache hit)
2153 silly packumentCache full:https://registry.npmjs.org/onetime set size:32314 disposed:false
2154 silly placeDep ROOT yallist@3.1.1 OK for: lru-cache@5.1.1 want: ^3.0.2
2155 silly placeDep ROOT mime-db@1.54.0 OK for: mime-types@3.0.2 want: ^1.54.0
2156 silly placeDep ROOT msgpackr-extract@3.0.3 OK for: msgpackr@1.11.12 want: ^3.0.2
2157 silly fetch manifest @msgpackr-extract/msgpackr-extract-darwin-arm64@3.0.3
2158 silly packumentCache full:https://registry.npmjs.org/@msgpackr-extract%2fmsgpackr-extract-darwin-arm64 cache-miss
2159 silly fetch manifest @msgpackr-extract/msgpackr-extract-darwin-x64@3.0.3
2160 silly packumentCache full:https://registry.npmjs.org/@msgpackr-extract%2fmsgpackr-extract-darwin-x64 cache-miss
2161 silly fetch manifest @msgpackr-extract/msgpackr-extract-linux-arm@3.0.3
2162 silly packumentCache full:https://registry.npmjs.org/@msgpackr-extract%2fmsgpackr-extract-linux-arm cache-miss
2163 silly fetch manifest @msgpackr-extract/msgpackr-extract-linux-arm64@3.0.3
2164 silly packumentCache full:https://registry.npmjs.org/@msgpackr-extract%2fmsgpackr-extract-linux-arm64 cache-miss
2165 silly fetch manifest @msgpackr-extract/msgpackr-extract-linux-x64@3.0.3
2166 silly packumentCache full:https://registry.npmjs.org/@msgpackr-extract%2fmsgpackr-extract-linux-x64 cache-miss
2167 silly fetch manifest @msgpackr-extract/msgpackr-extract-win32-x64@3.0.3
2168 silly packumentCache full:https://registry.npmjs.org/@msgpackr-extract%2fmsgpackr-extract-win32-x64 cache-miss
2169 http cache https://registry.npmjs.org/@msgpackr-extract%2fmsgpackr-extract-darwin-arm64 19ms (cache hit)
2170 silly packumentCache full:https://registry.npmjs.org/@msgpackr-extract%2fmsgpackr-extract-darwin-arm64 set size:24624 disposed:false
2171 http cache https://registry.npmjs.org/@msgpackr-extract%2fmsgpackr-extract-darwin-x64 20ms (cache hit)
2172 silly packumentCache full:https://registry.npmjs.org/@msgpackr-extract%2fmsgpackr-extract-darwin-x64 set size:24471 disposed:false
2173 http cache https://registry.npmjs.org/@msgpackr-extract%2fmsgpackr-extract-linux-x64 19ms (cache hit)
2174 silly packumentCache full:https://registry.npmjs.org/@msgpackr-extract%2fmsgpackr-extract-linux-x64 set size:24390 disposed:false
2175 http cache https://registry.npmjs.org/@msgpackr-extract%2fmsgpackr-extract-linux-arm64 21ms (cache hit)
2176 silly packumentCache full:https://registry.npmjs.org/@msgpackr-extract%2fmsgpackr-extract-linux-arm64 set size:24535 disposed:false
2177 http cache https://registry.npmjs.org/@msgpackr-extract%2fmsgpackr-extract-linux-arm 23ms (cache hit)
2178 silly packumentCache full:https://registry.npmjs.org/@msgpackr-extract%2fmsgpackr-extract-linux-arm set size:24389 disposed:false
2179 http cache https://registry.npmjs.org/@msgpackr-extract%2fmsgpackr-extract-win32-x64 21ms (cache hit)
2180 silly packumentCache full:https://registry.npmjs.org/@msgpackr-extract%2fmsgpackr-extract-win32-x64 set size:24400 disposed:false
2181 silly placeDep ROOT @msgpackr-extract/msgpackr-extract-darwin-arm64@3.0.3 OK for: msgpackr-extract@3.0.3 want: 3.0.3
2182 silly placeDep ROOT @msgpackr-extract/msgpackr-extract-darwin-x64@3.0.3 OK for: msgpackr-extract@3.0.3 want: 3.0.3
2183 silly placeDep ROOT @msgpackr-extract/msgpackr-extract-linux-arm@3.0.3 OK for: msgpackr-extract@3.0.3 want: 3.0.3
2184 silly placeDep ROOT @msgpackr-extract/msgpackr-extract-linux-arm64@3.0.3 OK for: msgpackr-extract@3.0.3 want: 3.0.3
2185 silly placeDep ROOT @msgpackr-extract/msgpackr-extract-linux-x64@3.0.3 OK for: msgpackr-extract@3.0.3 want: 3.0.3
2186 silly placeDep ROOT @msgpackr-extract/msgpackr-extract-win32-x64@3.0.3 OK for: msgpackr-extract@3.0.3 want: 3.0.3
2187 silly placeDep ROOT es-toolkit@1.46.1 OK for: ng2-charts@10.0.0 want: ^1.39.7
2188 silly placeDep ROOT detect-libc@2.1.2 OK for: node-gyp-build-optional-packages@5.2.2 want: ^2.0.1
2189 silly placeDep ROOT hosted-git-info@9.0.3 OK for: npm-package-arg@13.0.2 want: ^9.0.0
2190 silly placeDep ROOT proc-log@6.1.0 OK for: npm-package-arg@13.0.2 want: ^6.0.0
2191 silly placeDep ROOT validate-npm-package-name@7.0.2 OK for: npm-package-arg@13.0.2 want: ^7.0.0
2192 silly fetch manifest lru-cache@^11.1.0
2193 silly packumentCache full:https://registry.npmjs.org/lru-cache cache-hit
2194 silly placeDep node_modules/hosted-git-info lru-cache@11.5.0 OK for: hosted-git-info@9.0.3 want: ^11.1.0
2195 silly placeDep ROOT ee-first@1.1.1 OK for: on-finished@2.4.1 want: 1.1.1
2196 silly placeDep ROOT wrappy@1.0.2 OK for: once@1.4.0 want: 1
2197 silly placeDep ROOT chalk@5.6.2 OK for: ora@9.3.0 want: ^5.6.2
2198 silly placeDep ROOT cli-spinners@3.4.0 OK for: ora@9.3.0 want: ^3.2.0
2199 silly placeDep ROOT is-interactive@2.0.0 OK for: ora@9.3.0 want: ^2.0.0
2200 silly placeDep ROOT is-unicode-supported@2.1.0 OK for: ora@9.3.0 want: ^2.1.0
2201 silly placeDep ROOT log-symbols@7.0.1 OK for: ora@9.3.0 want: ^7.0.1
2202 silly placeDep ROOT stdin-discarder@0.3.2 OK for: ora@9.3.0 want: ^0.3.1
2203 silly fetch manifest yoctocolors@^2.1.1
2204 silly packumentCache full:https://registry.npmjs.org/yoctocolors cache-miss
2205 http cache https://registry.npmjs.org/yoctocolors 7ms (cache hit)
2206 silly packumentCache full:https://registry.npmjs.org/yoctocolors set size:25767 disposed:false
2207 silly placeDep ROOT yoctocolors@2.1.2 OK for: log-symbols@7.0.1 want: ^2.1.1
2208 silly placeDep ROOT @npmcli/git@7.0.2 OK for: pacote@21.3.1 want: ^7.0.0
2209 silly placeDep ROOT @npmcli/installed-package-contents@4.0.0 OK for: pacote@21.3.1 want: ^4.0.0
2210 silly placeDep ROOT @npmcli/package-json@7.0.5 OK for: pacote@21.3.1 want: ^7.0.0
2211 silly placeDep ROOT @npmcli/promise-spawn@9.0.1 OK for: pacote@21.3.1 want: ^9.0.0
2212 silly placeDep ROOT @npmcli/run-script@10.0.4 OK for: pacote@21.3.1 want: ^10.0.0
2213 silly placeDep ROOT cacache@20.0.4 OK for: pacote@21.3.1 want: ^20.0.0
2214 silly placeDep ROOT fs-minipass@3.0.3 OK for: pacote@21.3.1 want: ^3.0.0
2215 silly placeDep ROOT minipass@7.1.3 OK for: pacote@21.3.1 want: ^7.0.2
2216 silly placeDep ROOT npm-packlist@10.0.4 OK for: pacote@21.3.1 want: ^10.0.1
2217 silly placeDep ROOT npm-pick-manifest@11.0.3 OK for: pacote@21.3.1 want: ^11.0.1
2218 silly placeDep ROOT npm-registry-fetch@19.1.1 OK for: pacote@21.3.1 want: ^19.0.0
2219 silly placeDep ROOT promise-retry@2.0.1 OK for: pacote@21.3.1 want: ^2.0.1
2220 silly placeDep ROOT sigstore@4.1.0 OK for: pacote@21.3.1 want: ^4.0.0
2221 silly placeDep ROOT ssri@13.0.1 OK for: pacote@21.3.1 want: ^13.0.0
2222 silly placeDep ROOT tar@7.5.15 OK for: pacote@21.3.1 want: ^7.4.3
2223 silly fetch manifest which@^6.0.0
2224 silly packumentCache full:https://registry.npmjs.org/which cache-hit
2225 silly fetch manifest lru-cache@^11.2.1
2226 silly packumentCache full:https://registry.npmjs.org/lru-cache cache-hit
2227 silly fetch manifest @gar/promise-retry@^1.0.0
2228 silly packumentCache full:https://registry.npmjs.org/@gar%2fpromise-retry cache-miss
2229 silly fetch manifest npm-bundled@^5.0.0
2230 silly packumentCache full:https://registry.npmjs.org/npm-bundled cache-miss
2231 silly fetch manifest npm-normalize-package-bin@^5.0.0
2232 silly packumentCache full:https://registry.npmjs.org/npm-normalize-package-bin cache-miss
2233 silly fetch manifest glob@^13.0.0
2234 silly packumentCache full:https://registry.npmjs.org/glob cache-miss
2235 silly fetch manifest spdx-expression-parse@^4.0.0
2236 silly packumentCache full:https://registry.npmjs.org/spdx-expression-parse cache-miss
2237 silly fetch manifest json-parse-even-better-errors@^5.0.0
2238 silly packumentCache full:https://registry.npmjs.org/json-parse-even-better-errors cache-miss
2239 silly fetch manifest node-gyp@^12.1.0
2240 silly packumentCache full:https://registry.npmjs.org/node-gyp cache-miss
2241 http cache https://registry.npmjs.org/@gar%2fpromise-retry 21ms (cache hit)
2242 silly packumentCache full:https://registry.npmjs.org/@gar%2fpromise-retry set size:11490 disposed:false
2243 silly fetch manifest @npmcli/node-gyp@^5.0.0
2244 silly packumentCache full:https://registry.npmjs.org/@npmcli%2fnode-gyp cache-miss
2245 http cache https://registry.npmjs.org/npm-bundled 24ms (cache hit)
2246 silly packumentCache full:https://registry.npmjs.org/npm-bundled set size:43804 disposed:false
2247 silly fetch manifest glob@^13.0.0
2248 silly packumentCache full:https://registry.npmjs.org/glob cache-miss
2249 http cache https://registry.npmjs.org/spdx-expression-parse 21ms (cache hit)
2250 silly packumentCache full:https://registry.npmjs.org/spdx-expression-parse set size:29500 disposed:false
2251 silly fetch manifest p-map@^7.0.2
2252 silly packumentCache full:https://registry.npmjs.org/p-map cache-miss
2253 http cache https://registry.npmjs.org/npm-normalize-package-bin 27ms (cache hit)
2254 silly packumentCache full:https://registry.npmjs.org/npm-normalize-package-bin set size:24461 disposed:false
2255 silly fetch manifest minipass@^7.0.3
2256 silly packumentCache full:https://registry.npmjs.org/minipass cache-hit
2257 silly fetch manifest @npmcli/fs@^5.0.0
2258 silly packumentCache full:https://registry.npmjs.org/@npmcli%2ffs cache-miss
2259 http cache https://registry.npmjs.org/glob 29ms (cache hit)
2260 silly packumentCache full:https://registry.npmjs.org/glob set size:469465 disposed:false
2261 silly fetch manifest minipass-flush@^1.0.5
2262 silly packumentCache full:https://registry.npmjs.org/minipass-flush cache-miss
2263 http cache https://registry.npmjs.org/json-parse-even-better-errors 35ms (cache hit)
2264 silly packumentCache full:https://registry.npmjs.org/json-parse-even-better-errors set size:37274 disposed:false
2265 silly fetch manifest minipass-collect@^2.0.1
2266 silly packumentCache full:https://registry.npmjs.org/minipass-collect cache-miss
2267 http cache https://registry.npmjs.org/node-gyp 36ms (cache hit)
2268 silly packumentCache full:https://registry.npmjs.org/node-gyp set size:317909 disposed:false
2269 silly fetch manifest minipass-pipeline@^1.2.4
2270 silly packumentCache full:https://registry.npmjs.org/minipass-pipeline cache-miss
2271 http cache https://registry.npmjs.org/@npmcli%2fnode-gyp 51ms (cache hit)
2272 silly packumentCache full:https://registry.npmjs.org/@npmcli%2fnode-gyp set size:24278 disposed:false
2273 silly fetch manifest ignore-walk@^8.0.0
2274 silly packumentCache full:https://registry.npmjs.org/ignore-walk cache-miss
2275 http cache https://registry.npmjs.org/p-map 48ms (cache hit)
2276 silly packumentCache full:https://registry.npmjs.org/p-map set size:52373 disposed:false
2277 silly fetch manifest npm-install-checks@^8.0.0
2278 silly packumentCache full:https://registry.npmjs.org/npm-install-checks cache-miss
2279 http cache https://registry.npmjs.org/@npmcli%2ffs 49ms (cache hit)
2280 silly packumentCache full:https://registry.npmjs.org/@npmcli%2ffs set size:42864 disposed:false
2281 silly fetch manifest minizlib@^3.0.1
2282 silly packumentCache full:https://registry.npmjs.org/minizlib cache-miss
2283 http cache https://registry.npmjs.org/glob 58ms (cache hit)
2284 silly packumentCache full:https://registry.npmjs.org/glob set size:469465 disposed:false
2285 silly packumentCache full:https://registry.npmjs.org/glob dispose
2286 silly fetch manifest jsonparse@^1.3.1
2287 silly packumentCache full:https://registry.npmjs.org/jsonparse cache-miss
2288 http cache https://registry.npmjs.org/minipass-flush 54ms (cache hit)
2289 silly packumentCache full:https://registry.npmjs.org/minipass-flush set size:21037 disposed:false
2290 silly fetch manifest @npmcli/redact@^4.0.0
2291 silly packumentCache full:https://registry.npmjs.org/@npmcli%2fredact cache-miss
2292 http cache https://registry.npmjs.org/minipass-pipeline 48ms (cache hit)
2293 silly packumentCache full:https://registry.npmjs.org/minipass-pipeline set size:32257 disposed:false
2294 silly fetch manifest minipass-fetch@^5.0.0
2295 silly packumentCache full:https://registry.npmjs.org/minipass-fetch cache-miss
2296 http cache https://registry.npmjs.org/minipass-collect 58ms (cache hit)
2297 silly packumentCache full:https://registry.npmjs.org/minipass-collect set size:12471 disposed:false
2298 silly fetch manifest make-fetch-happen@^15.0.0
2299 silly packumentCache full:https://registry.npmjs.org/make-fetch-happen cache-miss
2300 http cache https://registry.npmjs.org/ignore-walk 42ms (cache hit)
2301 silly packumentCache full:https://registry.npmjs.org/ignore-walk set size:71031 disposed:false
2302 silly fetch manifest err-code@^2.0.2
2303 silly packumentCache full:https://registry.npmjs.org/err-code cache-miss
2304 http cache https://registry.npmjs.org/npm-install-checks 44ms (cache hit)
2305 silly packumentCache full:https://registry.npmjs.org/npm-install-checks set size:61706 disposed:false
2306 silly fetch manifest retry@^0.12.0
2307 silly packumentCache full:https://registry.npmjs.org/retry cache-miss
2308 http cache https://registry.npmjs.org/minizlib 45ms (cache hit)
2309 silly packumentCache full:https://registry.npmjs.org/minizlib set size:62862 disposed:false
2310 silly fetch manifest @sigstore/bundle@^4.0.0
2311 silly packumentCache full:https://registry.npmjs.org/@sigstore%2fbundle cache-miss
2312 http cache https://registry.npmjs.org/@npmcli%2fredact 33ms (cache hit)
2313 silly packumentCache full:https://registry.npmjs.org/@npmcli%2fredact set size:32911 disposed:false
2314 silly fetch manifest @sigstore/core@^3.1.0
2315 silly packumentCache full:https://registry.npmjs.org/@sigstore%2fcore cache-miss
2316 http cache https://registry.npmjs.org/minipass-fetch 35ms (cache hit)
2317 silly packumentCache full:https://registry.npmjs.org/minipass-fetch set size:109078 disposed:false
2318 silly fetch manifest @sigstore/protobuf-specs@^0.5.0
2319 silly packumentCache full:https://registry.npmjs.org/@sigstore%2fprotobuf-specs cache-miss
2320 http cache https://registry.npmjs.org/jsonparse 49ms (cache hit)
2321 silly packumentCache full:https://registry.npmjs.org/jsonparse set size:15932 disposed:false
2322 silly fetch manifest @sigstore/sign@^4.1.0
2323 silly packumentCache full:https://registry.npmjs.org/@sigstore%2fsign cache-miss
2324 http cache https://registry.npmjs.org/make-fetch-happen 43ms (cache hit)
2325 silly packumentCache full:https://registry.npmjs.org/make-fetch-happen set size:376591 disposed:false
2326 silly fetch manifest @sigstore/tuf@^4.0.1
2327 silly packumentCache full:https://registry.npmjs.org/@sigstore%2ftuf cache-miss
2328 http cache https://registry.npmjs.org/err-code 48ms (cache hit)
2329 silly packumentCache full:https://registry.npmjs.org/err-code set size:29518 disposed:false
2330 silly fetch manifest @sigstore/verify@^3.1.0
2331 silly packumentCache full:https://registry.npmjs.org/@sigstore%2fverify cache-miss
2332 http cache https://registry.npmjs.org/@sigstore%2fbundle 42ms (cache hit)
2333 silly packumentCache full:https://registry.npmjs.org/@sigstore%2fbundle set size:23167 disposed:false
2334 silly fetch manifest @isaacs/fs-minipass@^4.0.0
2335 silly packumentCache full:https://registry.npmjs.org/@isaacs%2ffs-minipass cache-miss
2336 http cache https://registry.npmjs.org/@sigstore%2fcore 42ms (cache hit)
2337 silly packumentCache full:https://registry.npmjs.org/@sigstore%2fcore set size:15387 disposed:false
2338 silly fetch manifest chownr@^3.0.0
2339 silly packumentCache full:https://registry.npmjs.org/chownr cache-miss
2340 http cache https://registry.npmjs.org/retry 55ms (cache hit)
2341 silly packumentCache full:https://registry.npmjs.org/retry set size:31161 disposed:false
2342 silly fetch manifest minizlib@^3.1.0
2343 silly packumentCache full:https://registry.npmjs.org/minizlib cache-hit
2344 silly fetch manifest yallist@^5.0.0
2345 silly packumentCache full:https://registry.npmjs.org/yallist cache-hit
2346 http cache https://registry.npmjs.org/@sigstore%2ftuf 35ms (cache hit)
2347 silly packumentCache full:https://registry.npmjs.org/@sigstore%2ftuf set size:39378 disposed:false
2348 http cache https://registry.npmjs.org/@sigstore%2fprotobuf-specs 52ms (cache hit)
2349 silly packumentCache full:https://registry.npmjs.org/@sigstore%2fprotobuf-specs set size:27957 disposed:false
2350 http cache https://registry.npmjs.org/@sigstore%2fsign 51ms (cache hit)
2351 silly packumentCache full:https://registry.npmjs.org/@sigstore%2fsign set size:39638 disposed:false
2352 http cache https://registry.npmjs.org/chownr 25ms (cache hit)
2353 silly packumentCache full:https://registry.npmjs.org/chownr set size:22157 disposed:false
2354 http cache https://registry.npmjs.org/@isaacs%2ffs-minipass 31ms (cache hit)
2355 silly packumentCache full:https://registry.npmjs.org/@isaacs%2ffs-minipass set size:7912 disposed:false
2356 http cache https://registry.npmjs.org/@sigstore%2fverify 36ms (cache hit)
2357 silly packumentCache full:https://registry.npmjs.org/@sigstore%2fverify set size:21996 disposed:false
2358 silly placeDep ROOT @gar/promise-retry@1.0.3 OK for: @npmcli/git@7.0.2 want: ^1.0.0
2359 silly placeDep node_modules/@npmcli/git lru-cache@11.5.0 OK for: @npmcli/git@7.0.2 want: ^11.2.1
2360 silly placeDep node_modules/@npmcli/git which@6.0.1 OK for: @npmcli/git@7.0.2 want: ^6.0.0
2361 silly fetch manifest isexe@^4.0.0
2362 silly packumentCache full:https://registry.npmjs.org/isexe cache-hit
2363 silly placeDep ROOT npm-bundled@5.0.0 OK for: @npmcli/installed-package-contents@4.0.0 want: ^5.0.0
2364 silly placeDep ROOT npm-normalize-package-bin@5.0.0 OK for: @npmcli/installed-package-contents@4.0.0 want: ^5.0.0
2365 silly placeDep ROOT glob@13.0.6 OK for: @npmcli/package-json@7.0.5 want: ^13.0.0
2366 silly placeDep ROOT json-parse-even-better-errors@5.0.0 OK for: @npmcli/package-json@7.0.5 want: ^5.0.0
2367 silly placeDep ROOT spdx-expression-parse@4.0.0 OK for: @npmcli/package-json@7.0.5 want: ^4.0.0
2368 silly fetch manifest minimatch@^10.2.2
2369 silly packumentCache full:https://registry.npmjs.org/minimatch cache-miss
2370 silly fetch manifest path-scurry@^2.0.2
2371 silly packumentCache full:https://registry.npmjs.org/path-scurry cache-miss
2372 silly fetch manifest spdx-exceptions@^2.1.0
2373 silly packumentCache full:https://registry.npmjs.org/spdx-exceptions cache-miss
2374 silly fetch manifest spdx-license-ids@^3.0.0
2375 silly packumentCache full:https://registry.npmjs.org/spdx-license-ids cache-miss
2376 http cache https://registry.npmjs.org/minimatch 15ms (cache hit)
2377 silly packumentCache full:https://registry.npmjs.org/minimatch set size:375282 disposed:false
2378 http cache https://registry.npmjs.org/path-scurry 26ms (cache hit)
2379 silly packumentCache full:https://registry.npmjs.org/path-scurry set size:117612 disposed:false
2380 http cache https://registry.npmjs.org/spdx-license-ids 30ms (cache hit)
2381 silly packumentCache full:https://registry.npmjs.org/spdx-license-ids set size:81601 disposed:false
2382 http cache https://registry.npmjs.org/spdx-exceptions 35ms (cache hit)
2383 silly packumentCache full:https://registry.npmjs.org/spdx-exceptions set size:21227 disposed:false
2384 silly placeDep node_modules/@npmcli/promise-spawn which@6.0.1 OK for: @npmcli/promise-spawn@9.0.1 want: ^6.0.0
2385 silly placeDep ROOT @npmcli/node-gyp@5.0.0 OK for: @npmcli/run-script@10.0.4 want: ^5.0.0
2386 silly placeDep ROOT node-gyp@12.3.0 OK for: @npmcli/run-script@10.0.4 want: ^12.1.0
2387 silly fetch manifest env-paths@^2.2.0
2388 silly packumentCache full:https://registry.npmjs.org/env-paths cache-miss
2389 silly fetch manifest exponential-backoff@^3.1.1
2390 silly packumentCache full:https://registry.npmjs.org/exponential-backoff cache-miss
2391 silly fetch manifest graceful-fs@^4.2.6
2392 silly packumentCache full:https://registry.npmjs.org/graceful-fs cache-hit
2393 silly fetch manifest nopt@^9.0.0
2394 silly packumentCache full:https://registry.npmjs.org/nopt cache-miss
2395 silly fetch manifest undici@^6.25.0
2396 silly packumentCache full:https://registry.npmjs.org/undici cache-miss
2397 http cache https://registry.npmjs.org/exponential-backoff 13ms (cache hit)
2398 silly packumentCache full:https://registry.npmjs.org/exponential-backoff set size:55896 disposed:false
2399 http cache https://registry.npmjs.org/env-paths 15ms (cache hit)
2400 silly packumentCache full:https://registry.npmjs.org/env-paths set size:26913 disposed:false
2401 http cache https://registry.npmjs.org/undici 20ms (cache hit)
2402 silly packumentCache full:https://registry.npmjs.org/undici set size:1412963 disposed:false
2403 http cache https://registry.npmjs.org/nopt 38ms (cache hit)
2404 silly packumentCache full:https://registry.npmjs.org/nopt set size:74173 disposed:false
2405 silly placeDep ROOT @npmcli/fs@5.0.0 OK for: cacache@20.0.4 want: ^5.0.0
2406 silly placeDep node_modules/cacache lru-cache@11.5.0 OK for: cacache@20.0.4 want: ^11.1.0
2407 silly placeDep ROOT minipass-collect@2.0.1 OK for: cacache@20.0.4 want: ^2.0.1
2408 silly placeDep ROOT minipass-flush@1.0.7 OK for: cacache@20.0.4 want: ^1.0.5
2409 silly placeDep ROOT minipass-pipeline@1.2.4 OK for: cacache@20.0.4 want: ^1.2.4
2410 silly placeDep ROOT p-map@7.0.4 OK for: cacache@20.0.4 want: ^7.0.2
2411 silly fetch manifest minipass@^3.0.0
2412 silly packumentCache full:https://registry.npmjs.org/minipass cache-hit
2413 silly fetch manifest minipass@^3.0.0
2414 silly packumentCache full:https://registry.npmjs.org/minipass cache-hit
2415 silly placeDep ROOT minimatch@10.2.5 OK for: glob@13.0.6 want: ^10.2.2
2416 silly placeDep ROOT path-scurry@2.0.2 OK for: glob@13.0.6 want: ^2.0.2
2417 silly fetch manifest brace-expansion@^5.0.5
2418 silly packumentCache full:https://registry.npmjs.org/brace-expansion cache-miss
2419 silly fetch manifest lru-cache@^11.0.0
2420 silly packumentCache full:https://registry.npmjs.org/lru-cache cache-hit
2421 http cache https://registry.npmjs.org/brace-expansion 16ms (cache hit)
2422 silly packumentCache full:https://registry.npmjs.org/brace-expansion set size:70654 disposed:false
2423 silly placeDep ROOT brace-expansion@5.0.6 OK for: minimatch@10.2.5 want: ^5.0.5
2424 silly fetch manifest balanced-match@^4.0.2
2425 silly packumentCache full:https://registry.npmjs.org/balanced-match cache-miss
2426 http cache https://registry.npmjs.org/balanced-match 7ms (cache hit)
2427 silly packumentCache full:https://registry.npmjs.org/balanced-match set size:39082 disposed:false
2428 silly placeDep ROOT balanced-match@4.0.4 OK for: brace-expansion@5.0.6 want: ^4.0.2
2429 silly placeDep node_modules/minipass-flush minipass@3.3.6 OK for: minipass-flush@1.0.7 want: ^3.0.0
2430 silly fetch manifest yallist@^4.0.0
2431 silly packumentCache full:https://registry.npmjs.org/yallist cache-hit
2432 silly placeDep node_modules/minipass-pipeline minipass@3.3.6 OK for: minipass-pipeline@1.2.4 want: ^3.0.0
2433 silly placeDep ROOT env-paths@2.2.1 OK for: node-gyp@12.3.0 want: ^2.2.0
2434 silly placeDep ROOT exponential-backoff@3.1.3 OK for: node-gyp@12.3.0 want: ^3.1.1
2435 silly placeDep ROOT graceful-fs@4.2.11 OK for: node-gyp@12.3.0 want: ^4.2.6
2436 silly placeDep ROOT nopt@9.0.0 OK for: node-gyp@12.3.0 want: ^9.0.0
2437 silly placeDep node_modules/node-gyp undici@6.25.0 OK for: node-gyp@12.3.0 want: ^6.25.0
2438 silly placeDep node_modules/node-gyp which@6.0.1 OK for: node-gyp@12.3.0 want: ^6.0.0
2439 silly fetch manifest abbrev@^4.0.0
2440 silly packumentCache full:https://registry.npmjs.org/abbrev cache-miss
2441 http cache https://registry.npmjs.org/abbrev 8ms (cache hit)
2442 silly packumentCache full:https://registry.npmjs.org/abbrev set size:24244 disposed:false
2443 silly placeDep ROOT abbrev@4.0.0 OK for: nopt@9.0.0 want: ^4.0.0
2444 silly placeDep ROOT ignore-walk@8.0.0 OK for: npm-packlist@10.0.4 want: ^8.0.0
2445 silly placeDep ROOT npm-install-checks@8.0.0 OK for: npm-pick-manifest@11.0.3 want: ^8.0.0
2446 silly placeDep ROOT @npmcli/redact@4.0.0 OK for: npm-registry-fetch@19.1.1 want: ^4.0.0
2447 silly placeDep ROOT jsonparse@1.3.1 OK for: npm-registry-fetch@19.1.1 want: ^1.3.1
2448 silly placeDep ROOT make-fetch-happen@15.0.5 OK for: npm-registry-fetch@19.1.1 want: ^15.0.0
2449 silly placeDep ROOT minipass-fetch@5.0.2 OK for: npm-registry-fetch@19.1.1 want: ^5.0.0
2450 silly placeDep ROOT minizlib@3.1.0 OK for: npm-registry-fetch@19.1.1 want: ^3.0.1
2451 silly fetch manifest @npmcli/agent@^4.0.0
2452 silly packumentCache full:https://registry.npmjs.org/@npmcli%2fagent cache-miss
2453 silly fetch manifest http-cache-semantics@^4.1.1
2454 silly packumentCache full:https://registry.npmjs.org/http-cache-semantics cache-miss
2455 silly fetch manifest minipass-sized@^2.0.0
2456 silly packumentCache full:https://registry.npmjs.org/minipass-sized cache-miss
2457 http cache https://registry.npmjs.org/http-cache-semantics 11ms (cache hit)
2458 silly packumentCache full:https://registry.npmjs.org/http-cache-semantics set size:66288 disposed:false
2459 http cache https://registry.npmjs.org/@npmcli%2fagent 14ms (cache hit)
2460 silly packumentCache full:https://registry.npmjs.org/@npmcli%2fagent set size:30932 disposed:false
2461 http cache https://registry.npmjs.org/minipass-sized 13ms (cache hit)
2462 silly packumentCache full:https://registry.npmjs.org/minipass-sized set size:14420 disposed:false
2463 silly placeDep ROOT @npmcli/agent@4.0.0 OK for: make-fetch-happen@15.0.5 want: ^4.0.0
2464 silly placeDep ROOT http-cache-semantics@4.2.0 OK for: make-fetch-happen@15.0.5 want: ^4.1.1
2465 silly fetch manifest socks-proxy-agent@^8.0.3
2466 silly packumentCache full:https://registry.npmjs.org/socks-proxy-agent cache-miss
2467 http cache https://registry.npmjs.org/socks-proxy-agent 10ms (cache hit)
2468 silly packumentCache full:https://registry.npmjs.org/socks-proxy-agent set size:104740 disposed:false
2469 silly placeDep node_modules/@npmcli/agent lru-cache@11.5.0 OK for: @npmcli/agent@4.0.0 want: ^11.2.1
2470 silly placeDep ROOT socks-proxy-agent@8.0.5 OK for: @npmcli/agent@4.0.0 want: ^8.0.3
2471 silly fetch manifest socks@^2.8.3
2472 silly packumentCache full:https://registry.npmjs.org/socks cache-miss
2473 http cache https://registry.npmjs.org/socks 7ms (cache hit)
2474 silly packumentCache full:https://registry.npmjs.org/socks set size:173143 disposed:false
2475 silly placeDep ROOT minipass-sized@2.0.0 OK for: minipass-fetch@5.0.2 want: ^2.0.0
2476 silly placeDep node_modules/parse5 entities@8.0.0 OK for: parse5@8.0.1 want: ^8.0.0
2477 silly placeDep node_modules/parse5-html-rewriting-stream entities@6.0.1 OK for: parse5-html-rewriting-stream@8.0.0 want: ^6.0.0
2478 silly placeDep ROOT parse5-sax-parser@8.0.0 OK for: parse5-html-rewriting-stream@8.0.0 want: ^8.0.0
2479 silly placeDep node_modules/path-scurry lru-cache@11.5.0 OK for: path-scurry@2.0.2 want: ^11.0.0
2480 silly placeDep ROOT @napi-rs/nice@1.1.1 OK for: piscina@5.1.4 want: ^1.0.4
2481 silly fetch manifest @napi-rs/nice-darwin-x64@1.1.1
2482 silly packumentCache full:https://registry.npmjs.org/@napi-rs%2fnice-darwin-x64 cache-miss
2483 silly fetch manifest @napi-rs/nice-darwin-arm64@1.1.1
2484 silly packumentCache full:https://registry.npmjs.org/@napi-rs%2fnice-darwin-arm64 cache-miss
2485 silly fetch manifest @napi-rs/nice-linux-x64-gnu@1.1.1
2486 silly packumentCache full:https://registry.npmjs.org/@napi-rs%2fnice-linux-x64-gnu cache-miss
2487 silly fetch manifest @napi-rs/nice-win32-x64-msvc@1.1.1
2488 silly packumentCache full:https://registry.npmjs.org/@napi-rs%2fnice-win32-x64-msvc cache-miss
2489 silly fetch manifest @napi-rs/nice-linux-x64-musl@1.1.1
2490 silly packumentCache full:https://registry.npmjs.org/@napi-rs%2fnice-linux-x64-musl cache-miss
2491 silly fetch manifest @napi-rs/nice-linux-arm64-gnu@1.1.1
2492 silly packumentCache full:https://registry.npmjs.org/@napi-rs%2fnice-linux-arm64-gnu cache-miss
2493 silly fetch manifest @napi-rs/nice-win32-ia32-msvc@1.1.1
2494 silly packumentCache full:https://registry.npmjs.org/@napi-rs%2fnice-win32-ia32-msvc cache-miss
2495 http cache https://registry.npmjs.org/@napi-rs%2fnice-darwin-x64 16ms (cache hit)
2496 silly packumentCache full:https://registry.npmjs.org/@napi-rs%2fnice-darwin-x64 set size:11922 disposed:false
2497 silly fetch manifest @napi-rs/nice-linux-arm-gnueabihf@1.1.1
2498 silly packumentCache full:https://registry.npmjs.org/@napi-rs%2fnice-linux-arm-gnueabihf cache-miss
2499 http cache https://registry.npmjs.org/@napi-rs%2fnice-win32-x64-msvc 19ms (cache hit)
2500 silly packumentCache full:https://registry.npmjs.org/@napi-rs%2fnice-win32-x64-msvc set size:10178 disposed:false
2501 silly fetch manifest @napi-rs/nice-android-arm64@1.1.1
2502 silly packumentCache full:https://registry.npmjs.org/@napi-rs%2fnice-android-arm64 cache-miss
2503 http cache https://registry.npmjs.org/@napi-rs%2fnice-darwin-arm64 22ms (cache hit)
2504 silly packumentCache full:https://registry.npmjs.org/@napi-rs%2fnice-darwin-arm64 set size:10116 disposed:false
2505 silly fetch manifest @napi-rs/nice-freebsd-x64@1.1.1
2506 silly packumentCache full:https://registry.npmjs.org/@napi-rs%2fnice-freebsd-x64 cache-miss
2507 http cache https://registry.npmjs.org/@napi-rs%2fnice-linux-x64-gnu 24ms (cache hit)
2508 silly packumentCache full:https://registry.npmjs.org/@napi-rs%2fnice-linux-x64-gnu set size:10229 disposed:false
2509 silly fetch manifest @napi-rs/nice-linux-arm64-musl@1.1.1
2510 silly packumentCache full:https://registry.npmjs.org/@napi-rs%2fnice-linux-arm64-musl cache-miss
2511 http cache https://registry.npmjs.org/@napi-rs%2fnice-linux-x64-musl 25ms (cache hit)
2512 silly packumentCache full:https://registry.npmjs.org/@napi-rs%2fnice-linux-x64-musl set size:10262 disposed:false
2513 silly fetch manifest @napi-rs/nice-android-arm-eabi@1.1.1
2514 silly packumentCache full:https://registry.npmjs.org/@napi-rs%2fnice-android-arm-eabi cache-miss
2515 http cache https://registry.npmjs.org/@napi-rs%2fnice-win32-ia32-msvc 26ms (cache hit)
2516 silly packumentCache full:https://registry.npmjs.org/@napi-rs%2fnice-win32-ia32-msvc set size:10218 disposed:false
2517 silly fetch manifest @napi-rs/nice-win32-arm64-msvc@1.1.1
2518 silly packumentCache full:https://registry.npmjs.org/@napi-rs%2fnice-win32-arm64-msvc cache-miss
2519 http cache https://registry.npmjs.org/@napi-rs%2fnice-linux-arm64-gnu 29ms (cache hit)
2520 silly packumentCache full:https://registry.npmjs.org/@napi-rs%2fnice-linux-arm64-gnu set size:10318 disposed:false
2521 silly fetch manifest @napi-rs/nice-linux-ppc64-gnu@1.1.1
2522 silly packumentCache full:https://registry.npmjs.org/@napi-rs%2fnice-linux-ppc64-gnu cache-miss
2523 http cache https://registry.npmjs.org/@napi-rs%2fnice-linux-arm-gnueabihf 30ms (cache hit)
2524 silly packumentCache full:https://registry.npmjs.org/@napi-rs%2fnice-linux-arm-gnueabihf set size:10376 disposed:false
2525 silly fetch manifest @napi-rs/nice-linux-s390x-gnu@1.1.1
2526 silly packumentCache full:https://registry.npmjs.org/@napi-rs%2fnice-linux-s390x-gnu cache-miss
2527 http cache https://registry.npmjs.org/@napi-rs%2fnice-android-arm64 27ms (cache hit)
2528 silly packumentCache full:https://registry.npmjs.org/@napi-rs%2fnice-android-arm64 set size:10160 disposed:false
2529 silly fetch manifest @napi-rs/nice-linux-riscv64-gnu@1.1.1
2530 silly packumentCache full:https://registry.npmjs.org/@napi-rs%2fnice-linux-riscv64-gnu cache-miss
2531 http cache https://registry.npmjs.org/@napi-rs%2fnice-freebsd-x64 27ms (cache hit)
2532 silly packumentCache full:https://registry.npmjs.org/@napi-rs%2fnice-freebsd-x64 set size:10075 disposed:false
2533 silly fetch manifest @napi-rs/nice-openharmony-arm64@1.1.1
2534 silly packumentCache full:https://registry.npmjs.org/@napi-rs%2fnice-openharmony-arm64 cache-miss
2535 http cache https://registry.npmjs.org/@napi-rs%2fnice-win32-arm64-msvc 22ms (cache hit)
2536 silly packumentCache full:https://registry.npmjs.org/@napi-rs%2fnice-win32-arm64-msvc set size:10263 disposed:false
2537 http cache https://registry.npmjs.org/@napi-rs%2fnice-android-arm-eabi 25ms (cache hit)
2538 silly packumentCache full:https://registry.npmjs.org/@napi-rs%2fnice-android-arm-eabi set size:10267 disposed:false
2539 http cache https://registry.npmjs.org/@napi-rs%2fnice-linux-arm64-musl 28ms (cache hit)
2540 silly packumentCache full:https://registry.npmjs.org/@napi-rs%2fnice-linux-arm64-musl set size:10350 disposed:false
2541 http cache https://registry.npmjs.org/@napi-rs%2fnice-linux-ppc64-gnu 21ms (cache hit)
2542 silly packumentCache full:https://registry.npmjs.org/@napi-rs%2fnice-linux-ppc64-gnu set size:8493 disposed:false
2543 http cache https://registry.npmjs.org/@napi-rs%2fnice-linux-s390x-gnu 16ms (cache hit)
2544 silly packumentCache full:https://registry.npmjs.org/@napi-rs%2fnice-linux-s390x-gnu set size:8487 disposed:false
2545 http cache https://registry.npmjs.org/@napi-rs%2fnice-openharmony-arm64 14ms (cache hit)
2546 silly packumentCache full:https://registry.npmjs.org/@napi-rs%2fnice-openharmony-arm64 set size:4506 disposed:false
2547 http cache https://registry.npmjs.org/@napi-rs%2fnice-linux-riscv64-gnu 17ms (cache hit)
2548 silly packumentCache full:https://registry.npmjs.org/@napi-rs%2fnice-linux-riscv64-gnu set size:8562 disposed:false
2549 silly placeDep ROOT @napi-rs/nice-android-arm-eabi@1.1.1 OK for: @napi-rs/nice@1.1.1 want: 1.1.1
2550 silly placeDep ROOT @napi-rs/nice-android-arm64@1.1.1 OK for: @napi-rs/nice@1.1.1 want: 1.1.1
2551 silly placeDep ROOT @napi-rs/nice-darwin-arm64@1.1.1 OK for: @napi-rs/nice@1.1.1 want: 1.1.1
2552 silly placeDep ROOT @napi-rs/nice-darwin-x64@1.1.1 OK for: @napi-rs/nice@1.1.1 want: 1.1.1
2553 silly placeDep ROOT @napi-rs/nice-freebsd-x64@1.1.1 OK for: @napi-rs/nice@1.1.1 want: 1.1.1
2554 silly placeDep ROOT @napi-rs/nice-linux-arm-gnueabihf@1.1.1 OK for: @napi-rs/nice@1.1.1 want: 1.1.1
2555 silly placeDep ROOT @napi-rs/nice-linux-arm64-gnu@1.1.1 OK for: @napi-rs/nice@1.1.1 want: 1.1.1
2556 silly placeDep ROOT @napi-rs/nice-linux-arm64-musl@1.1.1 OK for: @napi-rs/nice@1.1.1 want: 1.1.1
2557 silly placeDep ROOT @napi-rs/nice-linux-ppc64-gnu@1.1.1 OK for: @napi-rs/nice@1.1.1 want: 1.1.1
2558 silly placeDep ROOT @napi-rs/nice-linux-riscv64-gnu@1.1.1 OK for: @napi-rs/nice@1.1.1 want: 1.1.1
2559 silly placeDep ROOT @napi-rs/nice-linux-s390x-gnu@1.1.1 OK for: @napi-rs/nice@1.1.1 want: 1.1.1
2560 silly placeDep ROOT @napi-rs/nice-linux-x64-gnu@1.1.1 OK for: @napi-rs/nice@1.1.1 want: 1.1.1
2561 silly placeDep ROOT @napi-rs/nice-linux-x64-musl@1.1.1 OK for: @napi-rs/nice@1.1.1 want: 1.1.1
2562 silly placeDep ROOT @napi-rs/nice-openharmony-arm64@1.1.1 OK for: @napi-rs/nice@1.1.1 want: 1.1.1
2563 silly placeDep ROOT @napi-rs/nice-win32-arm64-msvc@1.1.1 OK for: @napi-rs/nice@1.1.1 want: 1.1.1
2564 silly placeDep ROOT @napi-rs/nice-win32-ia32-msvc@1.1.1 OK for: @napi-rs/nice@1.1.1 want: 1.1.1
2565 silly placeDep ROOT @napi-rs/nice-win32-x64-msvc@1.1.1 OK for: @napi-rs/nice@1.1.1 want: 1.1.1
2566 silly placeDep ROOT nanoid@3.3.12 OK for: postcss@8.5.15 want: ^3.3.12
2567 silly placeDep ROOT err-code@2.0.3 OK for: promise-retry@2.0.1 want: ^2.0.2
2568 silly placeDep ROOT retry@0.12.0 OK for: promise-retry@2.0.1 want: ^0.12.0
2569 silly placeDep ROOT forwarded@0.2.0 OK for: proxy-addr@2.0.7 want: 0.2.0
2570 silly placeDep ROOT ipaddr.js@1.9.1 OK for: proxy-addr@2.0.7 want: 1.9.1
2571 silly placeDep ROOT side-channel@1.1.0 OK for: qs@6.15.2 want: ^1.1.0
2572 silly fetch manifest es-errors@^1.3.0
2573 silly packumentCache full:https://registry.npmjs.org/es-errors cache-miss
2574 silly fetch manifest object-inspect@^1.13.3
2575 silly packumentCache full:https://registry.npmjs.org/object-inspect cache-miss
2576 silly fetch manifest side-channel-list@^1.0.0
2577 silly packumentCache full:https://registry.npmjs.org/side-channel-list cache-miss
2578 silly fetch manifest side-channel-map@^1.0.1
2579 silly packumentCache full:https://registry.npmjs.org/side-channel-map cache-miss
2580 silly fetch manifest side-channel-weakmap@^1.0.2
2581 silly packumentCache full:https://registry.npmjs.org/side-channel-weakmap cache-miss
2582 http cache https://registry.npmjs.org/es-errors 17ms (cache hit)
2583 silly packumentCache full:https://registry.npmjs.org/es-errors set size:16918 disposed:false
2584 http cache https://registry.npmjs.org/side-channel-list 17ms (cache hit)
2585 silly packumentCache full:https://registry.npmjs.org/side-channel-list set size:9021 disposed:false
2586 http cache https://registry.npmjs.org/side-channel-map 18ms (cache hit)
2587 silly packumentCache full:https://registry.npmjs.org/side-channel-map set size:9126 disposed:false
2588 http cache https://registry.npmjs.org/object-inspect 23ms (cache hit)
2589 silly packumentCache full:https://registry.npmjs.org/object-inspect set size:101912 disposed:false
2590 http cache https://registry.npmjs.org/side-channel-weakmap 23ms (cache hit)
2591 silly packumentCache full:https://registry.npmjs.org/side-channel-weakmap set size:12620 disposed:false
2592 silly placeDep ROOT unpipe@1.0.0 OK for: raw-body@3.0.2 want: ~1.0.0
2593 silly placeDep ROOT onetime@7.0.0 OK for: restore-cursor@5.1.0 want: ^7.0.0
2594 silly fetch manifest mimic-function@^5.0.0
2595 silly packumentCache full:https://registry.npmjs.org/mimic-function cache-miss
2596 http cache https://registry.npmjs.org/mimic-function 7ms (cache hit)
2597 silly packumentCache full:https://registry.npmjs.org/mimic-function set size:6356 disposed:false
2598 silly placeDep ROOT mimic-function@5.0.1 OK for: onetime@7.0.0 want: ^5.0.0
2599 silly placeDep ROOT @oxc-project/types@0.113.0 OK for: rolldown@1.0.0-rc.4 want: =0.113.0
2600 silly placeDep ROOT @rolldown/binding-android-arm64@1.0.0-rc.4 OK for: rolldown@1.0.0-rc.4 want: 1.0.0-rc.4
2601 silly placeDep ROOT @rolldown/binding-darwin-arm64@1.0.0-rc.4 OK for: rolldown@1.0.0-rc.4 want: 1.0.0-rc.4
2602 silly placeDep ROOT @rolldown/binding-darwin-x64@1.0.0-rc.4 OK for: rolldown@1.0.0-rc.4 want: 1.0.0-rc.4
2603 silly placeDep ROOT @rolldown/binding-freebsd-x64@1.0.0-rc.4 OK for: rolldown@1.0.0-rc.4 want: 1.0.0-rc.4
2604 silly placeDep ROOT @rolldown/binding-linux-arm-gnueabihf@1.0.0-rc.4 OK for: rolldown@1.0.0-rc.4 want: 1.0.0-rc.4
2605 silly placeDep ROOT @rolldown/binding-linux-arm64-gnu@1.0.0-rc.4 OK for: rolldown@1.0.0-rc.4 want: 1.0.0-rc.4
2606 silly placeDep ROOT @rolldown/binding-linux-arm64-musl@1.0.0-rc.4 OK for: rolldown@1.0.0-rc.4 want: 1.0.0-rc.4
2607 silly placeDep ROOT @rolldown/binding-linux-x64-gnu@1.0.0-rc.4 OK for: rolldown@1.0.0-rc.4 want: 1.0.0-rc.4
2608 silly placeDep ROOT @rolldown/binding-linux-x64-musl@1.0.0-rc.4 OK for: rolldown@1.0.0-rc.4 want: 1.0.0-rc.4
2609 silly placeDep ROOT @rolldown/binding-openharmony-arm64@1.0.0-rc.4 OK for: rolldown@1.0.0-rc.4 want: 1.0.0-rc.4
2610 silly placeDep ROOT @rolldown/binding-wasm32-wasi@1.0.0-rc.4 OK for: rolldown@1.0.0-rc.4 want: 1.0.0-rc.4
2611 silly placeDep ROOT @rolldown/binding-win32-arm64-msvc@1.0.0-rc.4 OK for: rolldown@1.0.0-rc.4 want: 1.0.0-rc.4
2612 silly placeDep ROOT @rolldown/binding-win32-x64-msvc@1.0.0-rc.4 OK for: rolldown@1.0.0-rc.4 want: 1.0.0-rc.4
2613 silly placeDep ROOT @rolldown/pluginutils@1.0.0-rc.4 OK for: rolldown@1.0.0-rc.4 want: 1.0.0-rc.4
2614 silly fetch manifest @napi-rs/wasm-runtime@^1.1.1
2615 silly packumentCache full:https://registry.npmjs.org/@napi-rs%2fwasm-runtime cache-miss
2616 http cache https://registry.npmjs.org/@napi-rs%2fwasm-runtime 11ms (cache hit)
2617 silly packumentCache full:https://registry.npmjs.org/@napi-rs%2fwasm-runtime set size:71273 disposed:false
2618 silly fetch manifest @emnapi/core@^1.7.1
2619 silly packumentCache full:https://registry.npmjs.org/@emnapi%2fcore cache-miss
2620 http cache https://registry.npmjs.org/@emnapi%2fcore 8ms (cache hit)
2621 silly packumentCache full:https://registry.npmjs.org/@emnapi%2fcore set size:105841 disposed:false
2622 silly fetch manifest @emnapi/runtime@^1.7.1
2623 silly packumentCache full:https://registry.npmjs.org/@emnapi%2fruntime cache-miss
2624 http cache https://registry.npmjs.org/@emnapi%2fruntime 11ms (cache hit)
2625 silly packumentCache full:https://registry.npmjs.org/@emnapi%2fruntime set size:108129 disposed:false
2626 silly placeDep ROOT @napi-rs/wasm-runtime@1.1.4 OK for: @rolldown/binding-wasm32-wasi@1.0.0-rc.4 want: ^1.1.1
2627 silly placeDep ROOT @emnapi/core@1.10.0 OK for: @napi-rs/wasm-runtime@1.1.4 want: ^1.7.1
2628 silly placeDep ROOT @emnapi/runtime@1.10.0 OK for: @napi-rs/wasm-runtime@1.1.4 want: ^1.7.1
2629 silly fetch manifest @tybys/wasm-util@^0.10.1
2630 silly packumentCache full:https://registry.npmjs.org/@tybys%2fwasm-util cache-miss
2631 silly fetch manifest @emnapi/wasi-threads@1.2.1
2632 silly packumentCache full:https://registry.npmjs.org/@emnapi%2fwasi-threads cache-miss
2633 http cache https://registry.npmjs.org/@emnapi%2fwasi-threads 11ms (cache hit)
2634 silly packumentCache full:https://registry.npmjs.org/@emnapi%2fwasi-threads set size:24206 disposed:false
2635 http cache https://registry.npmjs.org/@tybys%2fwasm-util 13ms (cache hit)
2636 silly packumentCache full:https://registry.npmjs.org/@tybys%2fwasm-util set size:57759 disposed:false
2637 silly placeDep ROOT @emnapi/wasi-threads@1.2.1 OK for: @emnapi/core@1.10.0 want: 1.2.1
2638 silly placeDep ROOT @tybys/wasm-util@0.10.2 OK for: @napi-rs/wasm-runtime@1.1.4 want: ^0.10.1
2639 silly placeDep ROOT is-promise@4.0.0 OK for: router@2.2.0 want: ^4.0.0
2640 silly placeDep ROOT path-to-regexp@8.4.2 OK for: router@2.2.0 want: ^8.0.0
2641 silly placeDep ROOT @parcel/watcher@2.5.6 OK for: sass@1.97.3 want: ^2.4.1
2642 silly placeDep node_modules/sass chokidar@4.0.3 OK for: sass@1.97.3 want: ^4.0.0
2643 silly placeDep ROOT immutable@5.1.5 OK for: sass@1.97.3 want: ^5.0.2
2644 silly fetch manifest is-glob@^4.0.3
2645 silly packumentCache full:https://registry.npmjs.org/is-glob cache-miss
2646 silly fetch manifest node-addon-api@^7.0.0
2647 silly packumentCache full:https://registry.npmjs.org/node-addon-api cache-hit
2648 silly fetch manifest @parcel/watcher-darwin-x64@2.5.6
2649 silly packumentCache full:https://registry.npmjs.org/@parcel%2fwatcher-darwin-x64 cache-miss
2650 silly fetch manifest @parcel/watcher-darwin-arm64@2.5.6
2651 silly packumentCache full:https://registry.npmjs.org/@parcel%2fwatcher-darwin-arm64 cache-miss
2652 silly fetch manifest @parcel/watcher-win32-x64@2.5.6
2653 silly packumentCache full:https://registry.npmjs.org/@parcel%2fwatcher-win32-x64 cache-miss
2654 silly fetch manifest @parcel/watcher-win32-arm64@2.5.6
2655 silly packumentCache full:https://registry.npmjs.org/@parcel%2fwatcher-win32-arm64 cache-miss
2656 silly fetch manifest @parcel/watcher-win32-ia32@2.5.6
2657 silly packumentCache full:https://registry.npmjs.org/@parcel%2fwatcher-win32-ia32 cache-miss
2658 silly fetch manifest @parcel/watcher-linux-x64-glibc@2.5.6
2659 silly packumentCache full:https://registry.npmjs.org/@parcel%2fwatcher-linux-x64-glibc cache-miss
2660 http cache https://registry.npmjs.org/@parcel%2fwatcher-darwin-arm64 17ms (cache hit)
2661 silly packumentCache full:https://registry.npmjs.org/@parcel%2fwatcher-darwin-arm64 set size:26656 disposed:false
2662 silly fetch manifest @parcel/watcher-linux-x64-musl@2.5.6
2663 silly packumentCache full:https://registry.npmjs.org/@parcel%2fwatcher-linux-x64-musl cache-miss
2664 http cache https://registry.npmjs.org/is-glob 22ms (cache hit)
2665 silly packumentCache full:https://registry.npmjs.org/is-glob set size:40530 disposed:false
2666 silly fetch manifest @parcel/watcher-linux-arm64-glibc@2.5.6
2667 silly packumentCache full:https://registry.npmjs.org/@parcel%2fwatcher-linux-arm64-glibc cache-miss
2668 http cache https://registry.npmjs.org/@parcel%2fwatcher-darwin-x64 24ms (cache hit)
2669 silly packumentCache full:https://registry.npmjs.org/@parcel%2fwatcher-darwin-x64 set size:26457 disposed:false
2670 silly fetch manifest @parcel/watcher-linux-arm64-musl@2.5.6
2671 silly packumentCache full:https://registry.npmjs.org/@parcel%2fwatcher-linux-arm64-musl cache-miss
2672 http cache https://registry.npmjs.org/@parcel%2fwatcher-linux-x64-glibc 22ms (cache hit)
2673 silly packumentCache full:https://registry.npmjs.org/@parcel%2fwatcher-linux-x64-glibc set size:27128 disposed:false
2674 silly fetch manifest @parcel/watcher-linux-arm-glibc@2.5.6
2675 silly packumentCache full:https://registry.npmjs.org/@parcel%2fwatcher-linux-arm-glibc cache-miss
2676 http cache https://registry.npmjs.org/@parcel%2fwatcher-win32-arm64 27ms (cache hit)
2677 silly packumentCache full:https://registry.npmjs.org/@parcel%2fwatcher-win32-arm64 set size:24926 disposed:false
2678 silly fetch manifest @parcel/watcher-linux-arm-musl@2.5.6
2679 silly packumentCache full:https://registry.npmjs.org/@parcel%2fwatcher-linux-arm-musl cache-miss
2680 http cache https://registry.npmjs.org/@parcel%2fwatcher-win32-ia32 30ms (cache hit)
2681 silly packumentCache full:https://registry.npmjs.org/@parcel%2fwatcher-win32-ia32 set size:20007 disposed:false
2682 silly fetch manifest @parcel/watcher-android-arm64@2.5.6
2683 silly packumentCache full:https://registry.npmjs.org/@parcel%2fwatcher-android-arm64 cache-miss
2684 http cache https://registry.npmjs.org/@parcel%2fwatcher-win32-x64 34ms (cache hit)
2685 silly packumentCache full:https://registry.npmjs.org/@parcel%2fwatcher-win32-x64 set size:26356 disposed:false
2686 silly fetch manifest @parcel/watcher-freebsd-x64@2.5.6
2687 silly packumentCache full:https://registry.npmjs.org/@parcel%2fwatcher-freebsd-x64 cache-miss
2688 http cache https://registry.npmjs.org/@parcel%2fwatcher-linux-x64-musl 28ms (cache hit)
2689 silly packumentCache full:https://registry.npmjs.org/@parcel%2fwatcher-linux-x64-musl set size:27028 disposed:false
2690 silly fetch manifest readdirp@^4.0.1
2691 silly packumentCache full:https://registry.npmjs.org/readdirp cache-hit
2692 http cache https://registry.npmjs.org/@parcel%2fwatcher-linux-arm64-musl 26ms (cache hit)
2693 silly packumentCache full:https://registry.npmjs.org/@parcel%2fwatcher-linux-arm64-musl set size:27225 disposed:false
2694 http cache https://registry.npmjs.org/@parcel%2fwatcher-linux-arm64-glibc 29ms (cache hit)
2695 silly packumentCache full:https://registry.npmjs.org/@parcel%2fwatcher-linux-arm64-glibc set size:27327 disposed:false
2696 http cache https://registry.npmjs.org/@parcel%2fwatcher-linux-arm-glibc 26ms (cache hit)
2697 silly packumentCache full:https://registry.npmjs.org/@parcel%2fwatcher-linux-arm-glibc set size:27125 disposed:false
2698 http cache https://registry.npmjs.org/@parcel%2fwatcher-linux-arm-musl 25ms (cache hit)
2699 silly packumentCache full:https://registry.npmjs.org/@parcel%2fwatcher-linux-arm-musl set size:7305 disposed:false
2700 http cache https://registry.npmjs.org/@parcel%2fwatcher-freebsd-x64 22ms (cache hit)
2701 silly packumentCache full:https://registry.npmjs.org/@parcel%2fwatcher-freebsd-x64 set size:20079 disposed:false
2702 http cache https://registry.npmjs.org/@parcel%2fwatcher-android-arm64 25ms (cache hit)
2703 silly packumentCache full:https://registry.npmjs.org/@parcel%2fwatcher-android-arm64 set size:25111 disposed:false
2704 silly placeDep ROOT @parcel/watcher-android-arm64@2.5.6 OK for: @parcel/watcher@2.5.6 want: 2.5.6
2705 silly placeDep ROOT @parcel/watcher-darwin-arm64@2.5.6 OK for: @parcel/watcher@2.5.6 want: 2.5.6
2706 silly placeDep ROOT @parcel/watcher-darwin-x64@2.5.6 OK for: @parcel/watcher@2.5.6 want: 2.5.6
2707 silly placeDep ROOT @parcel/watcher-freebsd-x64@2.5.6 OK for: @parcel/watcher@2.5.6 want: 2.5.6
2708 silly placeDep ROOT @parcel/watcher-linux-arm-glibc@2.5.6 OK for: @parcel/watcher@2.5.6 want: 2.5.6
2709 silly placeDep ROOT @parcel/watcher-linux-arm-musl@2.5.6 OK for: @parcel/watcher@2.5.6 want: 2.5.6
2710 silly placeDep ROOT @parcel/watcher-linux-arm64-glibc@2.5.6 OK for: @parcel/watcher@2.5.6 want: 2.5.6
2711 silly placeDep ROOT @parcel/watcher-linux-arm64-musl@2.5.6 OK for: @parcel/watcher@2.5.6 want: 2.5.6
2712 silly placeDep ROOT @parcel/watcher-linux-x64-glibc@2.5.6 OK for: @parcel/watcher@2.5.6 want: 2.5.6
2713 silly placeDep ROOT @parcel/watcher-linux-x64-musl@2.5.6 OK for: @parcel/watcher@2.5.6 want: 2.5.6
2714 silly placeDep ROOT @parcel/watcher-win32-arm64@2.5.6 OK for: @parcel/watcher@2.5.6 want: 2.5.6
2715 silly placeDep ROOT @parcel/watcher-win32-ia32@2.5.6 OK for: @parcel/watcher@2.5.6 want: 2.5.6
2716 silly placeDep ROOT @parcel/watcher-win32-x64@2.5.6 OK for: @parcel/watcher@2.5.6 want: 2.5.6
2717 silly placeDep ROOT is-glob@4.0.3 OK for: @parcel/watcher@2.5.6 want: ^4.0.3
2718 silly placeDep node_modules/@parcel/watcher node-addon-api@7.1.1 OK for: @parcel/watcher@2.5.6 want: ^7.0.0
2719 silly fetch manifest is-extglob@^2.1.1
2720 silly packumentCache full:https://registry.npmjs.org/is-extglob cache-miss
2721 http cache https://registry.npmjs.org/is-extglob 8ms (cache hit)
2722 silly packumentCache full:https://registry.npmjs.org/is-extglob set size:11766 disposed:false
2723 silly placeDep ROOT is-extglob@2.1.1 OK for: is-glob@4.0.3 want: ^2.1.1
2724 silly placeDep ROOT xmlchars@2.2.0 OK for: saxes@6.0.0 want: ^2.2.0
2725 silly placeDep ROOT shebang-regex@3.0.0 OK for: shebang-command@2.0.0 want: ^3.0.0
2726 silly placeDep ROOT es-errors@1.3.0 OK for: side-channel@1.1.0 want: ^1.3.0
2727 silly placeDep ROOT object-inspect@1.13.4 OK for: side-channel@1.1.0 want: ^1.13.3
2728 silly placeDep ROOT side-channel-list@1.0.1 OK for: side-channel@1.1.0 want: ^1.0.0
2729 silly placeDep ROOT side-channel-map@1.0.1 OK for: side-channel@1.1.0 want: ^1.0.1
2730 silly placeDep ROOT side-channel-weakmap@1.0.2 OK for: side-channel@1.1.0 want: ^1.0.2
2731 silly fetch manifest call-bound@^1.0.2
2732 silly packumentCache full:https://registry.npmjs.org/call-bound cache-miss
2733 silly fetch manifest get-intrinsic@^1.2.5
2734 silly packumentCache full:https://registry.npmjs.org/get-intrinsic cache-miss
2735 silly fetch manifest call-bound@^1.0.2
2736 silly packumentCache full:https://registry.npmjs.org/call-bound cache-miss
2737 silly fetch manifest get-intrinsic@^1.2.5
2738 silly packumentCache full:https://registry.npmjs.org/get-intrinsic cache-miss
2739 http cache https://registry.npmjs.org/get-intrinsic 14ms (cache hit)
2740 silly packumentCache full:https://registry.npmjs.org/get-intrinsic set size:60985 disposed:false
2741 http cache https://registry.npmjs.org/call-bound 15ms (cache hit)
2742 silly packumentCache full:https://registry.npmjs.org/call-bound set size:15317 disposed:false
2743 http cache https://registry.npmjs.org/get-intrinsic 15ms (cache hit)
2744 silly packumentCache full:https://registry.npmjs.org/get-intrinsic set size:60985 disposed:false
2745 silly packumentCache full:https://registry.npmjs.org/get-intrinsic dispose
2746 http cache https://registry.npmjs.org/call-bound 20ms (cache hit)
2747 silly packumentCache full:https://registry.npmjs.org/call-bound set size:15317 disposed:false
2748 silly packumentCache full:https://registry.npmjs.org/call-bound dispose
2749 silly placeDep ROOT call-bound@1.0.4 OK for: side-channel-map@1.0.1 want: ^1.0.2
2750 silly placeDep ROOT get-intrinsic@1.3.0 OK for: side-channel-map@1.0.1 want: ^1.2.5
2751 silly fetch manifest call-bind-apply-helpers@^1.0.2
2752 silly packumentCache full:https://registry.npmjs.org/call-bind-apply-helpers cache-miss
2753 silly fetch manifest get-intrinsic@^1.3.0
2754 silly packumentCache full:https://registry.npmjs.org/get-intrinsic cache-hit
2755 silly fetch manifest gopd@^1.2.0
2756 silly packumentCache full:https://registry.npmjs.org/gopd cache-miss
2757 silly fetch manifest hasown@^2.0.2
2758 silly packumentCache full:https://registry.npmjs.org/hasown cache-miss
2759 silly fetch manifest get-proto@^1.0.1
2760 silly packumentCache full:https://registry.npmjs.org/get-proto cache-miss
2761 silly fetch manifest has-symbols@^1.1.0
2762 silly packumentCache full:https://registry.npmjs.org/has-symbols cache-miss
2763 silly fetch manifest function-bind@^1.1.2
2764 silly packumentCache full:https://registry.npmjs.org/function-bind cache-miss
2765 silly fetch manifest es-object-atoms@^1.1.1
2766 silly packumentCache full:https://registry.npmjs.org/es-object-atoms cache-miss
2767 http cache https://registry.npmjs.org/hasown 18ms (cache hit)
2768 silly packumentCache full:https://registry.npmjs.org/hasown set size:15429 disposed:false
2769 silly fetch manifest math-intrinsics@^1.1.0
2770 silly packumentCache full:https://registry.npmjs.org/math-intrinsics cache-miss
2771 http cache https://registry.npmjs.org/call-bind-apply-helpers 27ms (cache hit)
2772 silly packumentCache full:https://registry.npmjs.org/call-bind-apply-helpers set size:12744 disposed:false
2773 silly fetch manifest es-define-property@^1.0.1
2774 silly packumentCache full:https://registry.npmjs.org/es-define-property cache-miss
2775 http cache https://registry.npmjs.org/has-symbols 29ms (cache hit)
2776 silly packumentCache full:https://registry.npmjs.org/has-symbols set size:21550 disposed:false
2777 http cache https://registry.npmjs.org/get-proto 34ms (cache hit)
2778 silly packumentCache full:https://registry.npmjs.org/get-proto set size:8300 disposed:false
2779 http cache https://registry.npmjs.org/es-object-atoms 31ms (cache hit)
2780 silly packumentCache full:https://registry.npmjs.org/es-object-atoms set size:15304 disposed:false
2781 http cache https://registry.npmjs.org/function-bind 37ms (cache hit)
2782 silly packumentCache full:https://registry.npmjs.org/function-bind set size:15733 disposed:false
2783 http cache https://registry.npmjs.org/gopd 42ms (cache hit)
2784 silly packumentCache full:https://registry.npmjs.org/gopd set size:11458 disposed:false
2785 http cache https://registry.npmjs.org/math-intrinsics 27ms (cache hit)
2786 silly packumentCache full:https://registry.npmjs.org/math-intrinsics set size:9265 disposed:false
2787 http cache https://registry.npmjs.org/es-define-property 22ms (cache hit)
2788 silly packumentCache full:https://registry.npmjs.org/es-define-property set size:8542 disposed:false
2789 silly placeDep ROOT call-bind-apply-helpers@1.0.2 OK for: call-bound@1.0.4 want: ^1.0.2
2790 silly placeDep ROOT function-bind@1.1.2 OK for: call-bind-apply-helpers@1.0.2 want: ^1.1.2
2791 silly placeDep ROOT es-define-property@1.0.1 OK for: get-intrinsic@1.3.0 want: ^1.0.1
2792 silly placeDep ROOT es-object-atoms@1.1.1 OK for: get-intrinsic@1.3.0 want: ^1.1.1
2793 silly placeDep ROOT get-proto@1.0.1 OK for: get-intrinsic@1.3.0 want: ^1.0.1
2794 silly placeDep ROOT gopd@1.2.0 OK for: get-intrinsic@1.3.0 want: ^1.2.0
2795 silly placeDep ROOT has-symbols@1.1.0 OK for: get-intrinsic@1.3.0 want: ^1.1.0
2796 silly placeDep ROOT hasown@2.0.3 OK for: get-intrinsic@1.3.0 want: ^2.0.2
2797 silly placeDep ROOT math-intrinsics@1.1.0 OK for: get-intrinsic@1.3.0 want: ^1.1.0
2798 silly fetch manifest dunder-proto@^1.0.1
2799 silly packumentCache full:https://registry.npmjs.org/dunder-proto cache-miss
2800 http cache https://registry.npmjs.org/dunder-proto 16ms (cache hit)
2801 silly packumentCache full:https://registry.npmjs.org/dunder-proto set size:8256 disposed:false
2802 silly placeDep ROOT dunder-proto@1.0.1 OK for: get-proto@1.0.1 want: ^1.0.1
2803 silly placeDep ROOT @sigstore/bundle@4.0.0 OK for: sigstore@4.1.0 want: ^4.0.0
2804 silly placeDep ROOT @sigstore/core@3.2.0 OK for: sigstore@4.1.0 want: ^3.1.0
2805 silly placeDep ROOT @sigstore/protobuf-specs@0.5.1 OK for: sigstore@4.1.0 want: ^0.5.0
2806 silly placeDep ROOT @sigstore/sign@4.1.1 OK for: sigstore@4.1.0 want: ^4.1.0
2807 silly placeDep ROOT @sigstore/tuf@4.0.2 OK for: sigstore@4.1.0 want: ^4.0.1
2808 silly placeDep ROOT @sigstore/verify@3.1.0 OK for: sigstore@4.1.0 want: ^3.1.0
2809 silly fetch manifest tuf-js@^4.1.0
2810 silly packumentCache full:https://registry.npmjs.org/tuf-js cache-miss
2811 http cache https://registry.npmjs.org/tuf-js 7ms (cache hit)
2812 silly packumentCache full:https://registry.npmjs.org/tuf-js set size:67490 disposed:false
2813 silly placeDep ROOT tuf-js@4.1.0 OK for: @sigstore/tuf@4.0.2 want: ^4.1.0
2814 silly fetch manifest @tufjs/models@4.1.0
2815 silly packumentCache full:https://registry.npmjs.org/@tufjs%2fmodels cache-miss
2816 http cache https://registry.npmjs.org/@tufjs%2fmodels 8ms (cache hit)
2817 silly packumentCache full:https://registry.npmjs.org/@tufjs%2fmodels set size:31346 disposed:false
2818 silly placeDep ROOT ansi-styles@6.2.3 OK for: slice-ansi@8.0.0 want: ^6.2.3
2819 silly placeDep ROOT is-fullwidth-code-point@5.1.0 OK for: slice-ansi@8.0.0 want: ^5.1.0
2820 silly fetch manifest get-east-asian-width@^1.3.1
2821 silly packumentCache full:https://registry.npmjs.org/get-east-asian-width cache-hit
2822 silly placeDep ROOT get-east-asian-width@1.6.0 OK for: is-fullwidth-code-point@5.1.0 want: ^1.3.1
2823 silly placeDep ROOT socks@2.8.9 OK for: socks-proxy-agent@8.0.5 want: ^2.8.3
2824 silly fetch manifest smart-buffer@^4.2.0
2825 silly packumentCache full:https://registry.npmjs.org/smart-buffer cache-miss
2826 http cache https://registry.npmjs.org/smart-buffer 9ms (cache hit)
2827 silly packumentCache full:https://registry.npmjs.org/smart-buffer set size:87065 disposed:false
2828 silly placeDep ROOT smart-buffer@4.2.0 OK for: socks@2.8.9 want: ^4.2.0
2829 silly placeDep ROOT buffer-from@1.1.2 OK for: source-map-support@0.5.21 want: ^1.0.0
2830 silly placeDep node_modules/source-map-support source-map@0.6.1 OK for: source-map-support@0.5.21 want: ^0.6.0
2831 silly placeDep ROOT spdx-exceptions@2.5.0 OK for: spdx-expression-parse@4.0.0 want: ^2.1.0
2832 silly placeDep ROOT spdx-license-ids@3.0.23 OK for: spdx-expression-parse@4.0.0 want: ^3.0.0
2833 silly placeDep ROOT ansi-regex@6.2.2 OK for: strip-ansi@7.2.0 want: ^6.2.2
2834 silly placeDep ROOT @isaacs/fs-minipass@4.0.1 OK for: tar@7.5.15 want: ^4.0.0
2835 silly placeDep ROOT chownr@3.0.0 OK for: tar@7.5.15 want: ^3.0.0
2836 silly placeDep node_modules/tar yallist@5.0.0 OK for: tar@7.5.15 want: ^5.0.0
2837 silly placeDep ROOT fdir@6.5.0 OK for: tinyglobby@0.2.15 want: ^6.5.0
2838 silly placeDep ROOT tldts@7.0.30 OK for: tough-cookie@6.0.1 want: ^7.0.5
2839 silly fetch manifest tldts-core@^7.0.30
2840 silly packumentCache full:https://registry.npmjs.org/tldts-core cache-miss
2841 http cache https://registry.npmjs.org/tldts-core 23ms (cache hit)
2842 silly packumentCache full:https://registry.npmjs.org/tldts-core set size:3044074 disposed:false
2843 silly placeDep ROOT tldts-core@7.0.30 OK for: tldts@7.0.30 want: ^7.0.30
2844 silly placeDep ROOT @tufjs/models@4.1.0 OK for: tuf-js@4.1.0 want: 4.1.0
2845 silly fetch manifest @tufjs/canonical-json@2.0.0
2846 silly packumentCache full:https://registry.npmjs.org/@tufjs%2fcanonical-json cache-miss
2847 http cache https://registry.npmjs.org/@tufjs%2fcanonical-json 25ms (cache hit)
2848 silly packumentCache full:https://registry.npmjs.org/@tufjs%2fcanonical-json set size:7336 disposed:false
2849 silly placeDep ROOT @tufjs/canonical-json@2.0.0 OK for: @tufjs/models@4.1.0 want: 2.0.0
2850 silly placeDep node_modules/type-is content-type@2.0.0 OK for: type-is@2.1.0 want: ^2.0.0
2851 silly placeDep ROOT media-typer@1.1.0 OK for: type-is@2.1.0 want: ^1.1.0
2852 silly placeDep ROOT escalade@3.2.0 OK for: update-browserslist-db@1.2.3 want: ^3.2.0
2853 silly placeDep ROOT fsevents@2.3.3 OK for: vite@7.3.2 want: ~2.3.3
2854 silly placeDep ROOT rollup@4.60.4 OK for: vite@7.3.2 want: ^4.43.0
2855 silly fetch manifest @types/estree@1.0.8
2856 silly packumentCache full:https://registry.npmjs.org/@types%2festree cache-miss
2857 silly fetch manifest @rollup/rollup-darwin-arm64@4.60.4
2858 silly packumentCache full:https://registry.npmjs.org/@rollup%2frollup-darwin-arm64 cache-miss
2859 silly fetch manifest @rollup/rollup-android-arm64@4.60.4
2860 silly packumentCache full:https://registry.npmjs.org/@rollup%2frollup-android-arm64 cache-miss
2861 silly fetch manifest @rollup/rollup-win32-arm64-msvc@4.60.4
2862 silly packumentCache full:https://registry.npmjs.org/@rollup%2frollup-win32-arm64-msvc cache-miss
2863 silly fetch manifest @rollup/rollup-freebsd-arm64@4.60.4
2864 silly packumentCache full:https://registry.npmjs.org/@rollup%2frollup-freebsd-arm64 cache-miss
2865 silly fetch manifest @rollup/rollup-linux-arm64-gnu@4.60.4
2866 silly packumentCache full:https://registry.npmjs.org/@rollup%2frollup-linux-arm64-gnu cache-miss
2867 silly fetch manifest @rollup/rollup-linux-arm64-musl@4.60.4
2868 silly packumentCache full:https://registry.npmjs.org/@rollup%2frollup-linux-arm64-musl cache-miss
2869 http cache https://registry.npmjs.org/@rollup%2frollup-android-arm64 17ms (cache hit)
2870 silly packumentCache full:https://registry.npmjs.org/@rollup%2frollup-android-arm64 set size:339228 disposed:false
2871 silly fetch manifest @rollup/rollup-android-arm-eabi@4.60.4
2872 silly packumentCache full:https://registry.npmjs.org/@rollup%2frollup-android-arm-eabi cache-miss
2873 http cache https://registry.npmjs.org/@rollup%2frollup-freebsd-arm64 25ms (cache hit)
2874 silly packumentCache full:https://registry.npmjs.org/@rollup%2frollup-freebsd-arm64 set size:187433 disposed:false
2875 silly fetch manifest @rollup/rollup-linux-arm-gnueabihf@4.60.4
2876 silly packumentCache full:https://registry.npmjs.org/@rollup%2frollup-linux-arm-gnueabihf cache-miss
2877 http cache https://registry.npmjs.org/@rollup%2frollup-linux-arm64-gnu 31ms (cache hit)
2878 silly packumentCache full:https://registry.npmjs.org/@rollup%2frollup-linux-arm64-gnu set size:344870 disposed:false
2879 silly fetch manifest @rollup/rollup-linux-arm-musleabihf@4.60.4
2880 silly packumentCache full:https://registry.npmjs.org/@rollup%2frollup-linux-arm-musleabihf cache-miss
2881 http cache https://registry.npmjs.org/@rollup%2frollup-darwin-arm64 40ms (cache hit)
2882 silly packumentCache full:https://registry.npmjs.org/@rollup%2frollup-darwin-arm64 set size:337725 disposed:false
2883 silly fetch manifest @rollup/rollup-win32-ia32-msvc@4.60.4
2884 silly packumentCache full:https://registry.npmjs.org/@rollup%2frollup-win32-ia32-msvc cache-miss
2885 http cache https://registry.npmjs.org/@types%2festree 48ms (cache hit)
2886 silly packumentCache full:https://registry.npmjs.org/@types%2festree set size:76072 disposed:false
2887 silly fetch manifest @rollup/rollup-linux-loong64-gnu@4.60.4
2888 silly packumentCache full:https://registry.npmjs.org/@rollup%2frollup-linux-loong64-gnu cache-miss
2889 http cache https://registry.npmjs.org/@rollup%2frollup-win32-arm64-msvc 54ms (cache hit)
2890 silly packumentCache full:https://registry.npmjs.org/@rollup%2frollup-win32-arm64-msvc set size:342623 disposed:false
2891 silly fetch manifest @rollup/rollup-linux-loong64-musl@4.60.4
2892 silly packumentCache full:https://registry.npmjs.org/@rollup%2frollup-linux-loong64-musl cache-miss
2893 http cache https://registry.npmjs.org/@rollup%2frollup-linux-arm64-musl 61ms (cache hit)
2894 silly packumentCache full:https://registry.npmjs.org/@rollup%2frollup-linux-arm64-musl set size:300259 disposed:false
2895 silly fetch manifest @rollup/rollup-linux-riscv64-gnu@4.60.4
2896 silly packumentCache full:https://registry.npmjs.org/@rollup%2frollup-linux-riscv64-gnu cache-miss
2897 http cache https://registry.npmjs.org/@rollup%2frollup-android-arm-eabi 54ms (cache hit)
2898 silly packumentCache full:https://registry.npmjs.org/@rollup%2frollup-android-arm-eabi set size:342632 disposed:false
2899 silly fetch manifest @rollup/rollup-linux-riscv64-musl@4.60.4
2900 silly packumentCache full:https://registry.npmjs.org/@rollup%2frollup-linux-riscv64-musl cache-miss
2901 http cache https://registry.npmjs.org/@rollup%2frollup-linux-loong64-gnu 38ms (cache hit)
2902 silly packumentCache full:https://registry.npmjs.org/@rollup%2frollup-linux-loong64-gnu set size:69333 disposed:false
2903 silly fetch manifest @rollup/rollup-linux-ppc64-gnu@4.60.4
2904 silly packumentCache full:https://registry.npmjs.org/@rollup%2frollup-linux-ppc64-gnu cache-miss
2905 http cache https://registry.npmjs.org/@rollup%2frollup-linux-riscv64-gnu 27ms (cache hit)
2906 silly packumentCache full:https://registry.npmjs.org/@rollup%2frollup-linux-riscv64-gnu set size:271020 disposed:false
2907 silly fetch manifest @rollup/rollup-linux-ppc64-musl@4.60.4
2908 silly packumentCache full:https://registry.npmjs.org/@rollup%2frollup-linux-ppc64-musl cache-miss
2909 http cache https://registry.npmjs.org/@rollup%2frollup-win32-ia32-msvc 56ms (cache hit)
2910 silly packumentCache full:https://registry.npmjs.org/@rollup%2frollup-win32-ia32-msvc set size:341138 disposed:false
2911 silly fetch manifest @rollup/rollup-linux-s390x-gnu@4.60.4
2912 silly packumentCache full:https://registry.npmjs.org/@rollup%2frollup-linux-s390x-gnu cache-miss
2913 http cache https://registry.npmjs.org/@rollup%2frollup-linux-loong64-musl 51ms (cache hit)
2914 silly packumentCache full:https://registry.npmjs.org/@rollup%2frollup-linux-loong64-musl set size:31337 disposed:false
2915 silly fetch manifest @rollup/rollup-darwin-x64@4.60.4
2916 silly packumentCache full:https://registry.npmjs.org/@rollup%2frollup-darwin-x64 cache-miss
2917 http cache https://registry.npmjs.org/@rollup%2frollup-linux-arm-gnueabihf 87ms (cache hit)
2918 silly packumentCache full:https://registry.npmjs.org/@rollup%2frollup-linux-arm-gnueabihf set size:348367 disposed:false
2919 silly fetch manifest @rollup/rollup-win32-x64-gnu@4.60.4
2920 silly packumentCache full:https://registry.npmjs.org/@rollup%2frollup-win32-x64-gnu cache-miss
2921 http cache https://registry.npmjs.org/@rollup%2frollup-linux-arm-musleabihf 90ms (cache hit)
2922 silly packumentCache full:https://registry.npmjs.org/@rollup%2frollup-linux-arm-musleabihf set size:242546 disposed:false
2923 silly fetch manifest @rollup/rollup-win32-x64-msvc@4.60.4
2924 silly packumentCache full:https://registry.npmjs.org/@rollup%2frollup-win32-x64-msvc cache-miss
2925 http cache https://registry.npmjs.org/@rollup%2frollup-linux-riscv64-musl 61ms (cache hit)
2926 silly packumentCache full:https://registry.npmjs.org/@rollup%2frollup-linux-riscv64-musl set size:117003 disposed:false
2927 silly fetch manifest @rollup/rollup-freebsd-x64@4.60.4
2928 silly packumentCache full:https://registry.npmjs.org/@rollup%2frollup-freebsd-x64 cache-miss
2929 http cache https://registry.npmjs.org/@rollup%2frollup-linux-ppc64-gnu 62ms (cache hit)
2930 silly packumentCache full:https://registry.npmjs.org/@rollup%2frollup-linux-ppc64-gnu set size:89550 disposed:false
2931 silly fetch manifest @rollup/rollup-linux-x64-gnu@4.60.4
2932 silly packumentCache full:https://registry.npmjs.org/@rollup%2frollup-linux-x64-gnu cache-miss
2933 http cache https://registry.npmjs.org/@rollup%2frollup-linux-ppc64-musl 57ms (cache hit)
2934 silly packumentCache full:https://registry.npmjs.org/@rollup%2frollup-linux-ppc64-musl set size:31078 disposed:false
2935 silly fetch manifest @rollup/rollup-linux-x64-musl@4.60.4
2936 silly packumentCache full:https://registry.npmjs.org/@rollup%2frollup-linux-x64-musl cache-miss
2937 http cache https://registry.npmjs.org/@rollup%2frollup-linux-s390x-gnu 50ms (cache hit)
2938 silly packumentCache full:https://registry.npmjs.org/@rollup%2frollup-linux-s390x-gnu set size:244719 disposed:false
2939 silly fetch manifest @rollup/rollup-openbsd-x64@4.60.4
2940 silly packumentCache full:https://registry.npmjs.org/@rollup%2frollup-openbsd-x64 cache-miss
2941 http cache https://registry.npmjs.org/@rollup%2frollup-darwin-x64 52ms (cache hit)
2942 silly packumentCache full:https://registry.npmjs.org/@rollup%2frollup-darwin-x64 set size:332929 disposed:false
2943 silly fetch manifest @rollup/rollup-openharmony-arm64@4.60.4
2944 silly packumentCache full:https://registry.npmjs.org/@rollup%2frollup-openharmony-arm64 cache-miss
2945 http cache https://registry.npmjs.org/@rollup%2frollup-win32-x64-gnu 45ms (cache hit)
2946 silly packumentCache full:https://registry.npmjs.org/@rollup%2frollup-win32-x64-gnu set size:60872 disposed:false
2947 http cache https://registry.npmjs.org/@rollup%2frollup-win32-x64-msvc 40ms (cache hit)
2948 silly packumentCache full:https://registry.npmjs.org/@rollup%2frollup-win32-x64-msvc set size:337788 disposed:false
2949 http cache https://registry.npmjs.org/@rollup%2frollup-freebsd-x64 35ms (cache hit)
2950 silly packumentCache full:https://registry.npmjs.org/@rollup%2frollup-freebsd-x64 set size:185525 disposed:false
2951 http cache https://registry.npmjs.org/@rollup%2frollup-linux-x64-musl 33ms (cache hit)
2952 silly packumentCache full:https://registry.npmjs.org/@rollup%2frollup-linux-x64-musl set size:339359 disposed:false
2953 http cache https://registry.npmjs.org/@rollup%2frollup-linux-x64-gnu 42ms (cache hit)
2954 silly packumentCache full:https://registry.npmjs.org/@rollup%2frollup-linux-x64-gnu set size:340008 disposed:false
2955 http cache https://registry.npmjs.org/@rollup%2frollup-openharmony-arm64 37ms (cache hit)
2956 silly packumentCache full:https://registry.npmjs.org/@rollup%2frollup-openharmony-arm64 set size:70209 disposed:false
2957 http cache https://registry.npmjs.org/@rollup%2frollup-openbsd-x64 44ms (cache hit)
2958 silly packumentCache full:https://registry.npmjs.org/@rollup%2frollup-openbsd-x64 set size:30269 disposed:false
2959 silly placeDep ROOT @rollup/rollup-android-arm-eabi@4.60.4 OK for: rollup@4.60.4 want: 4.60.4
2960 silly placeDep ROOT @rollup/rollup-android-arm64@4.60.4 OK for: rollup@4.60.4 want: 4.60.4
2961 silly placeDep ROOT @rollup/rollup-darwin-arm64@4.60.4 OK for: rollup@4.60.4 want: 4.60.4
2962 silly placeDep ROOT @rollup/rollup-darwin-x64@4.60.4 OK for: rollup@4.60.4 want: 4.60.4
2963 silly placeDep ROOT @rollup/rollup-freebsd-arm64@4.60.4 OK for: rollup@4.60.4 want: 4.60.4
2964 silly placeDep ROOT @rollup/rollup-freebsd-x64@4.60.4 OK for: rollup@4.60.4 want: 4.60.4
2965 silly placeDep ROOT @rollup/rollup-linux-arm-gnueabihf@4.60.4 OK for: rollup@4.60.4 want: 4.60.4
2966 silly placeDep ROOT @rollup/rollup-linux-arm-musleabihf@4.60.4 OK for: rollup@4.60.4 want: 4.60.4
2967 silly placeDep ROOT @rollup/rollup-linux-arm64-gnu@4.60.4 OK for: rollup@4.60.4 want: 4.60.4
2968 silly placeDep ROOT @rollup/rollup-linux-arm64-musl@4.60.4 OK for: rollup@4.60.4 want: 4.60.4
2969 silly placeDep ROOT @rollup/rollup-linux-loong64-gnu@4.60.4 OK for: rollup@4.60.4 want: 4.60.4
2970 silly placeDep ROOT @rollup/rollup-linux-loong64-musl@4.60.4 OK for: rollup@4.60.4 want: 4.60.4
2971 silly placeDep ROOT @rollup/rollup-linux-ppc64-gnu@4.60.4 OK for: rollup@4.60.4 want: 4.60.4
2972 silly placeDep ROOT @rollup/rollup-linux-ppc64-musl@4.60.4 OK for: rollup@4.60.4 want: 4.60.4
2973 silly placeDep ROOT @rollup/rollup-linux-riscv64-gnu@4.60.4 OK for: rollup@4.60.4 want: 4.60.4
2974 silly placeDep ROOT @rollup/rollup-linux-riscv64-musl@4.60.4 OK for: rollup@4.60.4 want: 4.60.4
2975 silly placeDep ROOT @rollup/rollup-linux-s390x-gnu@4.60.4 OK for: rollup@4.60.4 want: 4.60.4
2976 silly placeDep ROOT @rollup/rollup-linux-x64-gnu@4.60.4 OK for: rollup@4.60.4 want: 4.60.4
2977 silly placeDep ROOT @rollup/rollup-linux-x64-musl@4.60.4 OK for: rollup@4.60.4 want: 4.60.4
2978 silly placeDep ROOT @rollup/rollup-openbsd-x64@4.60.4 OK for: rollup@4.60.4 want: 4.60.4
2979 silly placeDep ROOT @rollup/rollup-openharmony-arm64@4.60.4 OK for: rollup@4.60.4 want: 4.60.4
2980 silly placeDep ROOT @rollup/rollup-win32-arm64-msvc@4.60.4 OK for: rollup@4.60.4 want: 4.60.4
2981 silly placeDep ROOT @rollup/rollup-win32-ia32-msvc@4.60.4 OK for: rollup@4.60.4 want: 4.60.4
2982 silly placeDep ROOT @rollup/rollup-win32-x64-gnu@4.60.4 OK for: rollup@4.60.4 want: 4.60.4
2983 silly placeDep ROOT @rollup/rollup-win32-x64-msvc@4.60.4 OK for: rollup@4.60.4 want: 4.60.4
2984 silly placeDep ROOT @types/estree@1.0.8 OK for: rollup@4.60.4 want: 1.0.8
2985 silly fetch manifest msw@^2.4.9
2986 silly packumentCache full:https://registry.npmjs.org/msw cache-miss
2987 http cache https://registry.npmjs.org/msw 17ms (cache hit)
2988 silly packumentCache full:https://registry.npmjs.org/msw set size:2020540 disposed:false
2989 silly fetch manifest typescript@>= 4.8.x
2990 silly packumentCache full:https://registry.npmjs.org/typescript cache-miss
2991 http cache https://registry.npmjs.org/typescript 80ms (cache hit)
2992 silly packumentCache full:https://registry.npmjs.org/typescript set size:15409943 disposed:false
2993 silly fetch manifest @vitejs/devtools@^0.1.18
2994 silly packumentCache full:https://registry.npmjs.org/@vitejs%2fdevtools cache-miss
2995 http cache https://registry.npmjs.org/@vitejs%2fdevtools 7ms (cache hit)
2996 silly packumentCache full:https://registry.npmjs.org/@vitejs%2fdevtools set size:211252 disposed:false
2997 silly fetch manifest esbuild@^0.27.0 || ^0.28.0
2998 silly packumentCache full:https://registry.npmjs.org/esbuild cache-miss
2999 http cache https://registry.npmjs.org/esbuild 17ms (cache hit)
3000 silly packumentCache full:https://registry.npmjs.org/esbuild set size:1254708 disposed:false
3001 silly fetch manifest less@^4.0.0
3002 silly packumentCache full:https://registry.npmjs.org/less cache-hit
3003 silly fetch manifest sass@^1.70.0
3004 silly packumentCache full:https://registry.npmjs.org/sass cache-hit
3005 silly fetch manifest postcss@^8.3.3
3006 silly packumentCache full:https://registry.npmjs.org/postcss cache-hit
3007 silly placeDep ROOT @vitest/expect@4.1.7 OK for: vitest@4.1.7 want: 4.1.7
3008 silly placeDep ROOT @vitest/mocker@4.1.7 OK for: vitest@4.1.7 want: 4.1.7
3009 silly placeDep ROOT @vitest/pretty-format@4.1.7 OK for: vitest@4.1.7 want: 4.1.7
3010 silly placeDep ROOT @vitest/runner@4.1.7 OK for: vitest@4.1.7 want: 4.1.7
3011 silly placeDep ROOT @vitest/snapshot@4.1.7 OK for: vitest@4.1.7 want: 4.1.7
3012 silly placeDep ROOT @vitest/spy@4.1.7 OK for: vitest@4.1.7 want: 4.1.7
3013 silly placeDep ROOT @vitest/utils@4.1.7 OK for: vitest@4.1.7 want: 4.1.7
3014 silly placeDep ROOT es-module-lexer@2.1.0 OK for: vitest@4.1.7 want: ^2.0.0
3015 silly placeDep ROOT expect-type@1.3.0 OK for: vitest@4.1.7 want: ^1.3.0
3016 silly placeDep ROOT obug@2.1.1 OK for: vitest@4.1.7 want: ^2.1.1
3017 silly placeDep ROOT pathe@2.0.3 OK for: vitest@4.1.7 want: ^2.0.3
3018 silly placeDep ROOT std-env@4.1.0 OK for: vitest@4.1.7 want: ^4.0.0-rc.1
3019 silly placeDep ROOT tinybench@2.9.0 OK for: vitest@4.1.7 want: ^2.9.0
3020 silly placeDep ROOT tinyexec@1.1.2 OK for: vitest@4.1.7 want: ^1.0.2
3021 silly placeDep ROOT tinyrainbow@3.1.0 OK for: vitest@4.1.7 want: ^3.1.0
3022 silly placeDep ROOT why-is-node-running@2.3.0 OK for: vitest@4.1.7 want: ^2.3.0
3023 silly fetch manifest @types/chai@^5.2.2
3024 silly packumentCache full:https://registry.npmjs.org/@types%2fchai cache-miss
3025 silly fetch manifest chai@^6.2.2
3026 silly packumentCache full:https://registry.npmjs.org/chai cache-miss
3027 silly fetch manifest estree-walker@^3.0.3
3028 silly packumentCache full:https://registry.npmjs.org/estree-walker cache-miss
3029 silly fetch manifest siginfo@^2.0.0
3030 silly packumentCache full:https://registry.npmjs.org/siginfo cache-miss
3031 silly fetch manifest stackback@0.0.2
3032 silly packumentCache full:https://registry.npmjs.org/stackback cache-miss
3033 http cache https://registry.npmjs.org/@types%2fchai 21ms (cache hit)
3034 silly packumentCache full:https://registry.npmjs.org/@types%2fchai set size:226260 disposed:false
3035 http cache https://registry.npmjs.org/siginfo 23ms (cache hit)
3036 silly packumentCache full:https://registry.npmjs.org/siginfo set size:8524 disposed:false
3037 http cache https://registry.npmjs.org/chai 30ms (cache hit)
3038 silly packumentCache full:https://registry.npmjs.org/chai set size:232540 disposed:false
3039 http cache https://registry.npmjs.org/estree-walker 38ms (cache hit)
3040 silly packumentCache full:https://registry.npmjs.org/estree-walker set size:60887 disposed:false
3041 http cache https://registry.npmjs.org/stackback 36ms (cache hit)
3042 silly packumentCache full:https://registry.npmjs.org/stackback set size:4594 disposed:false
3043 silly placeDep ROOT @types/chai@5.2.3 OK for: @vitest/expect@4.1.7 want: ^5.2.2
3044 silly placeDep ROOT chai@6.2.2 OK for: @vitest/expect@4.1.7 want: ^6.2.2
3045 silly fetch manifest @types/deep-eql@*
3046 silly packumentCache full:https://registry.npmjs.org/@types%2fdeep-eql cache-miss
3047 silly fetch manifest assertion-error@^2.0.1
3048 silly packumentCache full:https://registry.npmjs.org/assertion-error cache-miss
3049 http cache https://registry.npmjs.org/assertion-error 7ms (cache hit)
3050 silly packumentCache full:https://registry.npmjs.org/assertion-error set size:14438 disposed:false
3051 http cache https://registry.npmjs.org/@types%2fdeep-eql 9ms (cache hit)
3052 silly packumentCache full:https://registry.npmjs.org/@types%2fdeep-eql set size:6411 disposed:false
3053 silly placeDep ROOT @types/deep-eql@4.0.2 OK for: @types/chai@5.2.3 want: *
3054 silly placeDep ROOT assertion-error@2.0.1 OK for: @types/chai@5.2.3 want: ^2.0.1
3055 silly placeDep ROOT estree-walker@3.0.3 OK for: @vitest/mocker@4.1.7 want: ^3.0.3
3056 silly placeDep node_modules/@vitest/utils convert-source-map@2.0.0 OK for: @vitest/utils@4.1.7 want: ^2.0.0
3057 silly placeDep ROOT glob-to-regexp@0.4.1 OK for: watchpack@2.5.1 want: ^0.4.1
3058 silly placeDep ROOT tr46@6.0.0 OK for: whatwg-url@16.0.1 want: ^6.0.0
3059 silly fetch manifest punycode@^2.3.1
3060 silly packumentCache full:https://registry.npmjs.org/punycode cache-miss
3061 http cache https://registry.npmjs.org/punycode 7ms (cache hit)
3062 silly packumentCache full:https://registry.npmjs.org/punycode set size:61278 disposed:false
3063 silly placeDep ROOT punycode@2.3.1 OK for: tr46@6.0.0 want: ^2.3.1
3064 silly placeDep ROOT isexe@2.0.0 OK for: which@2.0.2 want: ^2.0.0
3065 silly placeDep ROOT siginfo@2.0.0 OK for: why-is-node-running@2.3.0 want: ^2.0.0
3066 silly placeDep ROOT stackback@0.0.2 OK for: why-is-node-running@2.3.0 want: 0.0.2
3067 silly placeDep node_modules/wrap-ansi ansi-styles@4.3.0 OK for: wrap-ansi@6.2.0 want: ^4.0.0
3068 silly placeDep node_modules/wrap-ansi string-width@4.2.3 OK for: wrap-ansi@6.2.0 want: ^4.1.0
3069 silly placeDep node_modules/wrap-ansi strip-ansi@6.0.1 OK for: wrap-ansi@6.2.0 want: ^6.0.0
3070 silly fetch manifest color-convert@^2.0.1
3071 silly packumentCache full:https://registry.npmjs.org/color-convert cache-miss
3072 silly fetch manifest strip-ansi@^6.0.1
3073 silly packumentCache full:https://registry.npmjs.org/strip-ansi cache-hit
3074 silly fetch manifest emoji-regex@^8.0.0
3075 silly packumentCache full:https://registry.npmjs.org/emoji-regex cache-miss
3076 silly fetch manifest is-fullwidth-code-point@^3.0.0
3077 silly packumentCache full:https://registry.npmjs.org/is-fullwidth-code-point cache-hit
3078 silly fetch manifest ansi-regex@^5.0.1
3079 silly packumentCache full:https://registry.npmjs.org/ansi-regex cache-hit
3080 http cache https://registry.npmjs.org/color-convert 13ms (cache hit)
3081 silly packumentCache full:https://registry.npmjs.org/color-convert set size:72663 disposed:false
3082 http cache https://registry.npmjs.org/emoji-regex 15ms (cache hit)
3083 silly packumentCache full:https://registry.npmjs.org/emoji-regex set size:89064 disposed:false
3084 silly placeDep ROOT cliui@9.0.1 OK for: yargs@18.0.0 want: ^9.0.1
3085 silly placeDep ROOT get-caller-file@2.0.5 OK for: yargs@18.0.0 want: ^2.0.5
3086 silly placeDep node_modules/yargs string-width@7.2.0 OK for: yargs@18.0.0 want: ^7.2.0
3087 silly placeDep ROOT y18n@5.0.8 OK for: yargs@18.0.0 want: ^5.0.5
3088 silly placeDep ROOT yargs-parser@22.0.0 OK for: yargs@18.0.0 want: ^22.0.0
3089 silly fetch manifest emoji-regex@^10.3.0
3090 silly packumentCache full:https://registry.npmjs.org/emoji-regex cache-hit
3091 silly placeDep node_modules/cliui string-width@7.2.0 OK for: cliui@9.0.1 want: ^7.2.0
3092 silly placeDep node_modules/cliui wrap-ansi@9.0.2 OK for: cliui@9.0.1 want: ^9.0.0
3093 silly placeDep node_modules/@npmcli/git isexe@4.0.0 OK for: which@6.0.1 want: ^4.0.0
3094 silly placeDep node_modules/@npmcli/promise-spawn isexe@4.0.0 OK for: which@6.0.1 want: ^4.0.0
3095 silly placeDep ROOT emoji-regex@10.6.0 OK for: string-width@7.2.0 want: ^10.3.0
3096 silly placeDep node_modules/listr2 string-width@7.2.0 OK for: wrap-ansi@9.0.2 want: ^7.0.0
3097 silly placeDep node_modules/log-update string-width@7.2.0 OK for: wrap-ansi@9.0.2 want: ^7.0.0
3098 silly placeDep node_modules/minipass-flush yallist@4.0.0 OK for: minipass@3.3.6 want: ^4.0.0
3099 silly placeDep node_modules/minipass-pipeline yallist@4.0.0 OK for: minipass@3.3.6 want: ^4.0.0
3100 silly placeDep node_modules/node-gyp isexe@4.0.0 OK for: which@6.0.1 want: ^4.0.0
3101 silly placeDep node_modules/sass readdirp@4.1.2 OK for: chokidar@4.0.3 want: ^4.0.1
3102 silly placeDep ROOT color-convert@2.0.1 OK for: ansi-styles@4.3.0 want: ^2.0.1
3103 silly fetch manifest color-name@~1.1.4
3104 silly packumentCache full:https://registry.npmjs.org/color-name cache-miss
3105 http cache https://registry.npmjs.org/color-name 7ms (cache hit)
3106 silly packumentCache full:https://registry.npmjs.org/color-name set size:19467 disposed:false
3107 silly placeDep ROOT color-name@1.1.4 OK for: color-convert@2.0.1 want: ~1.1.4
3108 silly placeDep node_modules/wrap-ansi emoji-regex@8.0.0 OK for: string-width@4.2.3 want: ^8.0.0
3109 silly placeDep node_modules/wrap-ansi is-fullwidth-code-point@3.0.0 OK for: string-width@4.2.3 want: ^3.0.0
3110 silly placeDep node_modules/wrap-ansi ansi-regex@5.0.1 OK for: strip-ansi@6.0.1 want: ^5.0.1
3111 silly reify moves {}
3112 silly audit bulk request {
3112 silly audit   '@angular/build': [ '21.2.11' ],
3112 silly audit   tslib: [ '2.8.1' ],
3112 silly audit   typescript: [ '5.9.3' ],
3112 silly audit   '@angular/compiler': [ '21.2.13' ],
3112 silly audit   '@angular/compiler-cli': [ '21.2.13' ],
3112 silly audit   '@angular/cli': [ '21.2.11' ],
3112 silly audit   '@angular/common': [ '21.2.13' ],
3112 silly audit   rxjs: [ '7.8.2' ],
3112 silly audit   '@angular/core': [ '21.2.13' ],
3112 silly audit   '@angular/forms': [ '21.2.13' ],
3112 silly audit   '@angular/platform-browser': [ '21.2.13' ],
3112 silly audit   '@angular/router': [ '21.2.13' ],
3112 silly audit   'chart.js': [ '4.5.1' ],
3112 silly audit   jsdom: [ '28.1.0' ],
3112 silly audit   'ng2-charts': [ '10.0.0' ],
3112 silly audit   '@angular/cdk': [ '21.2.11' ],
3112 silly audit   prettier: [ '3.8.3' ],
3112 silly audit   vitest: [ '4.1.7' ],
3112 silly audit   '@ampproject/remapping': [ '2.3.0' ],
3112 silly audit   '@angular-devkit/architect': [ '0.2102.11' ],
3112 silly audit   '@babel/core': [ '7.29.0' ],
3112 silly audit   '@babel/helper-annotate-as-pure': [ '7.27.3' ],
3112 silly audit   '@babel/helper-split-export-declaration': [ '7.24.7' ],
3112 silly audit   '@inquirer/confirm': [ '5.1.21' ],
3112 silly audit   '@vitejs/plugin-basic-ssl': [ '2.1.4' ],
3112 silly audit   vite: [ '7.3.2' ],
3112 silly audit   beasties: [ '0.4.1' ],
3112 silly audit   browserslist: [ '4.28.2' ],
3112 silly audit   esbuild: [ '0.27.3' ],
3112 silly audit   'https-proxy-agent': [ '7.0.6' ],
3112 silly audit   'istanbul-lib-instrument': [ '6.0.3' ],
3112 silly audit   'jsonc-parser': [ '3.3.1' ],
3112 silly audit   listr2: [ '9.0.5' ],
3112 silly audit   lmdb: [ '3.5.1' ],
3112 silly audit   'magic-string': [ '0.30.21' ],
3112 silly audit   mrmime: [ '2.0.1' ],
3112 silly audit   'parse5-html-rewriting-stream': [ '8.0.0' ],
3112 silly audit   picomatch: [ '4.0.4' ],
3112 silly audit   piscina: [ '5.1.4' ],
3112 silly audit   rolldown: [ '1.0.0-rc.4' ],
3112 silly audit   sass: [ '1.97.3' ],
3112 silly audit   semver: [ '7.7.4', '6.3.1' ],
3112 silly audit   'source-map-support': [ '0.5.21' ],
3112 silly audit   tinyglobby: [ '0.2.15' ],
3112 silly audit   undici: [ '7.24.4', '6.25.0' ],
3112 silly audit   watchpack: [ '2.5.1' ],
3112 silly audit   '@jridgewell/gen-mapping': [ '0.3.13' ],
3112 silly audit   '@jridgewell/trace-mapping': [ '0.3.31' ],
3112 silly audit   '@angular-devkit/core': [ '21.2.11' ],
3112 silly audit   ajv: [ '8.18.0' ],
3112 silly audit   'ajv-formats': [ '3.0.1' ],
3112 silly audit   'source-map': [ '0.7.6', '0.6.1' ],
3112 silly audit   parse5: [ '8.0.1' ],
3112 silly audit   '@angular-devkit/schematics': [ '21.2.11' ],
3112 silly audit   '@inquirer/prompts': [ '7.10.1' ],
3112 silly audit   '@listr2/prompt-adapter-inquirer': [ '3.0.5' ],
3112 silly audit   '@modelcontextprotocol/sdk': [ '1.26.0' ],
3112 silly audit   '@schematics/angular': [ '21.2.11' ],
3112 silly audit   '@yarnpkg/lockfile': [ '1.1.0' ],
3112 silly audit   algoliasearch: [ '5.48.1' ],
3112 silly audit   ini: [ '6.0.0' ],
3112 silly audit   'npm-package-arg': [ '13.0.2' ],
3112 silly audit   pacote: [ '21.3.1' ],
3112 silly audit   yargs: [ '18.0.0' ],
3112 silly audit   zod: [ '4.3.6' ],
3112 silly audit   ora: [ '9.3.0' ],
3112 silly audit   '@jridgewell/sourcemap-codec': [ '1.5.5' ],
3112 silly audit   chokidar: [ '5.0.0', '4.0.3' ],
3112 silly audit   'convert-source-map': [ '1.9.0', '2.0.0' ],
3112 silly audit   'reflect-metadata': [ '0.2.2' ],
3112 silly audit   '@standard-schema/spec': [ '1.1.0' ],
3112 silly audit   '@babel/code-frame': [ '7.29.0' ],
3112 silly audit   '@babel/generator': [ '7.29.1' ],
3112 silly audit   '@babel/helper-compilation-targets': [ '7.28.6' ],
3112 silly audit   '@babel/helper-module-transforms': [ '7.28.6' ],
3112 silly audit   '@babel/helpers': [ '7.29.2' ],
3112 silly audit   '@babel/parser': [ '7.29.3' ],
3112 silly audit   '@babel/template': [ '7.28.6' ],
3112 silly audit   '@babel/traverse': [ '7.29.0' ],
3112 silly audit   '@babel/types': [ '7.29.0' ],
3112 silly audit   '@jridgewell/remapping': [ '2.3.5' ],
3112 silly audit   debug: [ '4.4.3' ],
3112 silly audit   gensync: [ '1.0.0-beta.2' ],
3112 silly audit   json5: [ '2.2.3' ],
3112 silly audit   '@babel/helper-validator-identifier': [ '7.28.5' ],
3112 silly audit   'js-tokens': [ '4.0.0' ],
3112 silly audit   picocolors: [ '1.1.1' ],
3112 silly audit   jsesc: [ '3.1.0' ],
3112 silly audit   '@babel/compat-data': [ '7.29.3' ],
3112 silly audit   '@babel/helper-validator-option': [ '7.27.1' ],
3112 silly audit   'lru-cache': [ '5.1.1', '11.5.0' ],
3112 silly audit   '@babel/helper-module-imports': [ '7.28.6' ],
3112 silly audit   '@babel/helper-globals': [ '7.28.0' ],
3112 silly audit   '@babel/helper-string-parser': [ '7.27.1' ],
3112 silly audit   '@inquirer/core': [ '10.3.2' ],
3112 silly audit   '@inquirer/type': [ '3.0.10' ],
3112 silly audit   '@inquirer/ansi': [ '1.0.2' ],
3112 silly audit   '@inquirer/figures': [ '1.0.15' ],
3112 silly audit   'cli-width': [ '4.1.0' ],
3112 silly audit   'mute-stream': [ '2.0.0' ],
3112 silly audit   'signal-exit': [ '4.1.0' ],
3112 silly audit   'wrap-ansi': [ '6.2.0', '9.0.2' ],
3112 silly audit   'yoctocolors-cjs': [ '2.1.3' ],
3112 silly audit   '@inquirer/checkbox': [ '4.3.2' ],
3112 silly audit   '@inquirer/editor': [ '4.2.23' ],
3112 silly audit   '@inquirer/expand': [ '4.0.23' ],
3112 silly audit   '@inquirer/input': [ '4.3.1' ],
3112 silly audit   '@inquirer/number': [ '3.0.23' ],
3112 silly audit   '@inquirer/password': [ '4.0.23' ],
3112 silly audit   '@inquirer/rawlist': [ '4.1.11' ],
3112 silly audit   '@inquirer/search': [ '3.2.2' ],
3112 silly audit   '@inquirer/select': [ '4.4.2' ],
3112 silly audit   '@inquirer/external-editor': [ '1.0.3' ],
3112 silly audit   chardet: [ '2.1.1' ],
3112 silly audit   'iconv-lite': [ '0.7.2' ],
3112 silly audit   '@jridgewell/resolve-uri': [ '3.1.2' ],
3112 silly audit   '@hono/node-server': [ '1.19.14' ],
3112 silly audit   hono: [ '4.12.21' ],
3112 silly audit   'content-type': [ '1.0.5', '2.0.0' ],
3112 silly audit   cors: [ '2.8.6' ],
3112 silly audit   'cross-spawn': [ '7.0.6' ],
3112 silly audit   eventsource: [ '3.0.7' ],
3112 silly audit   'eventsource-parser': [ '3.0.8' ],
3112 silly audit   express: [ '5.2.1' ],
3112 silly audit   'express-rate-limit': [ '8.5.2' ],
3112 silly audit   jose: [ '6.2.3' ],
3112 silly audit   'json-schema-typed': [ '8.0.2' ],
3112 silly audit   'pkce-challenge': [ '5.0.1' ],
3112 silly audit   'raw-body': [ '3.0.2' ],
3112 silly audit   'zod-to-json-schema': [ '3.25.2' ],
3112 silly audit   'fast-deep-equal': [ '3.1.3' ],
3112 silly audit   'fast-uri': [ '3.1.2' ],
3112 silly audit   'json-schema-traverse': [ '1.0.0' ],
3112 silly audit   'require-from-string': [ '2.0.2' ],
3112 silly audit   '@algolia/abtesting': [ '1.14.1' ],
3112 silly audit   '@algolia/client-abtesting': [ '5.48.1' ],
3112 silly audit   '@algolia/client-analytics': [ '5.48.1' ],
3112 silly audit   '@algolia/client-common': [ '5.48.1' ],
3112 silly audit   '@algolia/client-insights': [ '5.48.1' ],
3112 silly audit   '@algolia/client-personalization': [ '5.48.1' ],
3112 silly audit   '@algolia/client-query-suggestions': [ '5.48.1' ],
3112 silly audit   '@algolia/client-search': [ '5.48.1' ],
3112 silly audit   '@algolia/ingestion': [ '1.48.1' ],
3112 silly audit   '@algolia/monitoring': [ '1.48.1' ],
3112 silly audit   '@algolia/recommend': [ '5.48.1' ],
3112 silly audit   '@algolia/requester-browser-xhr': [ '5.48.1' ],
3112 silly audit   '@algolia/requester-fetch': [ '5.48.1' ],
3112 silly audit   '@algolia/requester-node-http': [ '5.48.1' ],
3112 silly audit   'css-select': [ '6.0.0' ],
3112 silly audit   'css-what': [ '7.0.0' ],
3112 silly audit   'dom-serializer': [ '2.0.0' ],
3112 silly audit   domhandler: [ '5.0.3' ],
3112 silly audit   htmlparser2: [ '10.1.0' ],
3112 silly audit   postcss: [ '8.5.15' ],
3112 silly audit   'postcss-media-query-parser': [ '0.2.3' ],
3112 silly audit   'postcss-safe-parser': [ '7.0.1' ],
3112 silly audit   'baseline-browser-mapping': [ '2.10.31' ],
3112 silly audit   'caniuse-lite': [ '1.0.30001793' ],
3112 silly audit   'electron-to-chromium': [ '1.5.360' ],
3112 silly audit   'node-releases': [ '2.0.44' ],
3112 silly audit   'update-browserslist-db': [ '1.2.3' ],
3112 silly audit   '@kurkle/color': [ '0.3.4' ],
3112 silly audit   readdirp: [ '5.0.0', '4.1.2' ],
3112 silly audit   'object-assign': [ '4.1.1' ],
3112 silly audit   vary: [ '1.1.2' ],
3112 silly audit   'path-key': [ '3.1.1' ],
3112 silly audit   'shebang-command': [ '2.0.0' ],
3112 silly audit   which: [ '2.0.2', '6.0.1' ],
3112 silly audit   boolbase: [ '1.0.0' ],
3112 silly audit   domutils: [ '3.2.2' ],
3112 silly audit   'nth-check': [ '2.1.1' ],
3112 silly audit   ms: [ '2.1.3' ],
3112 silly audit   domelementtype: [ '2.3.0' ],
3112 silly audit   entities: [ '4.5.0', '7.0.1', '8.0.0', '6.0.1' ],
3112 silly audit   '@esbuild/aix-ppc64': [ '0.27.3' ],
3112 silly audit   '@esbuild/android-arm': [ '0.27.3' ],
3112 silly audit   '@esbuild/android-arm64': [ '0.27.3' ],
3112 silly audit   '@esbuild/android-x64': [ '0.27.3' ],
3112 silly audit   '@esbuild/darwin-arm64': [ '0.27.3' ],
3112 silly audit   '@esbuild/darwin-x64': [ '0.27.3' ],
3112 silly audit   '@esbuild/freebsd-arm64': [ '0.27.3' ],
3112 silly audit   '@esbuild/freebsd-x64': [ '0.27.3' ],
3112 silly audit   '@esbuild/linux-arm': [ '0.27.3' ],
3112 silly audit   '@esbuild/linux-arm64': [ '0.27.3' ],
3112 silly audit   '@esbuild/linux-ia32': [ '0.27.3' ],
3112 silly audit   '@esbuild/linux-loong64': [ '0.27.3' ],
3112 silly audit   '@esbuild/linux-mips64el': [ '0.27.3' ],
3112 silly audit   '@esbuild/linux-ppc64': [ '0.27.3' ],
3112 silly audit   '@esbuild/linux-riscv64': [ '0.27.3' ],
3112 silly audit   '@esbuild/linux-s390x': [ '0.27.3' ],
3112 silly audit   '@esbuild/linux-x64': [ '0.27.3' ],
3112 silly audit   '@esbuild/netbsd-arm64': [ '0.27.3' ],
3112 silly audit   '@esbuild/netbsd-x64': [ '0.27.3' ],
3112 silly audit   '@esbuild/openbsd-arm64': [ '0.27.3' ],
3112 silly audit   '@esbuild/openbsd-x64': [ '0.27.3' ],
3112 silly audit   '@esbuild/openharmony-arm64': [ '0.27.3' ],
3112 silly audit   '@esbuild/sunos-x64': [ '0.27.3' ],
3112 silly audit   '@esbuild/win32-arm64': [ '0.27.3' ],
3112 silly audit   '@esbuild/win32-ia32': [ '0.27.3' ],
3112 silly audit   '@esbuild/win32-x64': [ '0.27.3' ],
3112 silly audit   accepts: [ '2.0.0' ],
3112 silly audit   'body-parser': [ '2.2.2' ],
3112 silly audit   'content-disposition': [ '1.1.0' ],
3112 silly audit   cookie: [ '0.7.2' ],
3112 silly audit   'cookie-signature': [ '1.2.2' ],
3112 silly audit   depd: [ '2.0.0' ],
3112 silly audit   encodeurl: [ '2.0.0' ],
3112 silly audit   'escape-html': [ '1.0.3' ],
3112 silly audit   etag: [ '1.8.1' ],
3112 silly audit   finalhandler: [ '2.1.1' ],
3112 silly audit   fresh: [ '2.0.0' ],
3112 silly audit   'http-errors': [ '2.0.1' ],
3112 silly audit   'merge-descriptors': [ '2.0.0' ],
3112 silly audit   'mime-types': [ '3.0.2' ],
3112 silly audit   'on-finished': [ '2.4.1' ],
3112 silly audit   once: [ '1.4.0' ],
3112 silly audit   parseurl: [ '1.3.3' ],
3112 silly audit   'proxy-addr': [ '2.0.7' ],
3112 silly audit   qs: [ '6.15.2' ],
3112 silly audit   'range-parser': [ '1.2.1' ],
3112 silly audit   router: [ '2.2.0' ],
3112 silly audit   send: [ '1.2.1' ],
3112 silly audit   'serve-static': [ '2.2.1' ],
3112 silly audit   statuses: [ '2.0.2' ],
3112 silly audit   'type-is': [ '2.1.0' ],
3112 silly audit   negotiator: [ '1.0.0' ],
3112 silly audit   bytes: [ '3.1.2' ],
3112 silly audit   'ip-address': [ '10.2.0' ],
3112 silly audit   inherits: [ '2.0.4' ],
3112 silly audit   setprototypeof: [ '1.2.0' ],
3112 silly audit   toidentifier: [ '1.0.1' ],
3112 silly audit   'agent-base': [ '7.1.4' ],
3112 silly audit   'safer-buffer': [ '2.1.2' ],
3112 silly audit   '@istanbuljs/schema': [ '0.1.6' ],
3112 silly audit   'istanbul-lib-coverage': [ '3.2.2' ],
3112 silly audit   '@acemir/cssom': [ '0.9.31' ],
3112 silly audit   '@asamuzakjp/dom-selector': [ '6.8.1' ],
3112 silly audit   '@bramus/specificity': [ '2.4.2' ],
3112 silly audit   '@exodus/bytes': [ '1.15.1' ],
3112 silly audit   cssstyle: [ '6.2.0' ],
3112 silly audit   'data-urls': [ '7.0.0' ],
3112 silly audit   'decimal.js': [ '10.6.0' ],
3112 silly audit   'html-encoding-sniffer': [ '6.0.0' ],
3112 silly audit   'http-proxy-agent': [ '7.0.2' ],
3112 silly audit   'is-potential-custom-element-name': [ '1.0.1' ],
3112 silly audit   saxes: [ '6.0.0' ],
3112 silly audit   'symbol-tree': [ '3.2.4' ],
3112 silly audit   'tough-cookie': [ '6.0.1' ],
3112 silly audit   'w3c-xmlserializer': [ '5.0.0' ],
3112 silly audit   'webidl-conversions': [ '8.0.1' ],
3112 silly audit   'whatwg-mimetype': [ '5.0.0' ],
3112 silly audit   'whatwg-url': [ '16.0.1' ],
3112 silly audit   'xml-name-validator': [ '5.0.0' ],
3112 silly audit   '@asamuzakjp/nwsapi': [ '2.3.9' ],
3112 silly audit   'bidi-js': [ '1.0.3' ],
3112 silly audit   'css-tree': [ '3.2.1' ],
3112 silly audit   'mdn-data': [ '2.27.1' ],
3112 silly audit   'source-map-js': [ '1.2.1' ],
3112 silly audit   '@asamuzakjp/css-color': [ '5.1.11' ],
3112 silly audit   '@csstools/css-syntax-patches-for-csstree': [ '1.1.4' ],
3112 silly audit   '@asamuzakjp/generational-cache': [ '1.0.1' ],
3112 silly audit   '@csstools/css-calc': [ '3.2.1' ],
3112 silly audit   '@csstools/css-parser-algorithms': [ '4.0.0' ],
3112 silly audit   '@csstools/css-tokenizer': [ '4.0.0' ],
3112 silly audit   '@csstools/css-color-parser': [ '4.1.1' ],
3112 silly audit   '@csstools/color-helpers': [ '6.0.2' ],
3112 silly audit   'cli-truncate': [ '5.2.0' ],
3112 silly audit   colorette: [ '2.0.20' ],
3112 silly audit   eventemitter3: [ '5.0.4' ],
3112 silly audit   'log-update': [ '6.1.0' ],
3112 silly audit   rfdc: [ '1.4.1' ],
3112 silly audit   'slice-ansi': [ '8.0.0', '7.1.2' ],
3112 silly audit   'string-width': [ '8.2.1', '4.2.3', '7.2.0' ],
3112 silly audit   '@harperfast/extended-iterable': [ '1.0.3' ],
3112 silly audit   '@lmdb/lmdb-darwin-arm64': [ '3.5.1' ],
3112 silly audit   '@lmdb/lmdb-darwin-x64': [ '3.5.1' ],
3112 silly audit   '@lmdb/lmdb-linux-arm': [ '3.5.1' ],
3112 silly audit   '@lmdb/lmdb-linux-arm64': [ '3.5.1' ],
3112 silly audit   '@lmdb/lmdb-linux-x64': [ '3.5.1' ],
3112 silly audit   '@lmdb/lmdb-win32-arm64': [ '3.5.1' ],
3112 silly audit   '@lmdb/lmdb-win32-x64': [ '3.5.1' ],
3112 silly audit   msgpackr: [ '1.11.12' ],
3112 silly audit   'node-addon-api': [ '6.1.0', '7.1.1' ],
3112 silly audit   'node-gyp-build-optional-packages': [ '5.2.2' ],
3112 silly audit   'ordered-binary': [ '1.6.1' ],
3112 silly audit   'weak-lru-cache': [ '1.2.2' ],
3112 silly audit   'ansi-escapes': [ '7.3.0' ],
3112 silly audit   'cli-cursor': [ '5.0.0' ],
3112 silly audit   'strip-ansi': [ '7.2.0', '6.0.1' ],
3112 silly audit   environment: [ '1.1.0' ],
3112 silly audit   'restore-cursor': [ '5.1.0' ],
3112 silly audit   yallist: [ '3.1.1', '5.0.0', '4.0.0' ],
3112 silly audit   'mime-db': [ '1.54.0' ],
3112 silly audit   'msgpackr-extract': [ '3.0.3' ],
3112 silly audit   '@msgpackr-extract/msgpackr-extract-darwin-arm64': [ '3.0.3' ],
3112 silly audit   '@msgpackr-extract/msgpackr-extract-darwin-x64': [ '3.0.3' ],
3112 silly audit   '@msgpackr-extract/msgpackr-extract-linux-arm': [ '3.0.3' ],
3112 silly audit   '@msgpackr-extract/msgpackr-extract-linux-arm64': [ '3.0.3' ],
3112 silly audit   '@msgpackr-extract/msgpackr-extract-linux-x64': [ '3.0.3' ],
3112 silly audit   '@msgpackr-extract/msgpackr-extract-win32-x64': [ '3.0.3' ],
3112 silly audit   'es-toolkit': [ '1.46.1' ],
3112 silly audit   'detect-libc': [ '2.1.2' ],
3112 silly audit   'hosted-git-info': [ '9.0.3' ],
3112 silly audit   'proc-log': [ '6.1.0' ],
3112 silly audit   'validate-npm-package-name': [ '7.0.2' ],
3112 silly audit   'ee-first': [ '1.1.1' ],
3112 silly audit   wrappy: [ '1.0.2' ],
3112 silly audit   chalk: [ '5.6.2' ],
3112 silly audit   'cli-spinners': [ '3.4.0' ],
3112 silly audit   'is-interactive': [ '2.0.0' ],
3112 silly audit   'is-unicode-supported': [ '2.1.0' ],
3112 silly audit   'log-symbols': [ '7.0.1' ],
3112 silly audit   'stdin-discarder': [ '0.3.2' ],
3112 silly audit   yoctocolors: [ '2.1.2' ],
3112 silly audit   '@npmcli/git': [ '7.0.2' ],
3112 silly audit   '@npmcli/installed-package-contents': [ '4.0.0' ],
3112 silly audit   '@npmcli/package-json': [ '7.0.5' ],
3112 silly audit   '@npmcli/promise-spawn': [ '9.0.1' ],
3112 silly audit   '@npmcli/run-script': [ '10.0.4' ],
3112 silly audit   cacache: [ '20.0.4' ],
3112 silly audit   'fs-minipass': [ '3.0.3' ],
3112 silly audit   minipass: [ '7.1.3', '3.3.6' ],
3112 silly audit   'npm-packlist': [ '10.0.4' ],
3112 silly audit   'npm-pick-manifest': [ '11.0.3' ],
3112 silly audit   'npm-registry-fetch': [ '19.1.1' ],
3112 silly audit   'promise-retry': [ '2.0.1' ],
3112 silly audit   sigstore: [ '4.1.0' ],
3112 silly audit   ssri: [ '13.0.1' ],
3112 silly audit   tar: [ '7.5.15' ],
3112 silly audit   '@gar/promise-retry': [ '1.0.3' ],
3112 silly audit   'npm-bundled': [ '5.0.0' ],
3112 silly audit   'npm-normalize-package-bin': [ '5.0.0' ],
3112 silly audit   glob: [ '13.0.6' ],
3112 silly audit   'json-parse-even-better-errors': [ '5.0.0' ],
3112 silly audit   'spdx-expression-parse': [ '4.0.0' ],
3112 silly audit   '@npmcli/node-gyp': [ '5.0.0' ],
3112 silly audit   'node-gyp': [ '12.3.0' ],
3112 silly audit   '@npmcli/fs': [ '5.0.0' ],
3112 silly audit   'minipass-collect': [ '2.0.1' ],
3112 silly audit   'minipass-flush': [ '1.0.7' ],
3112 silly audit   'minipass-pipeline': [ '1.2.4' ],
3112 silly audit   'p-map': [ '7.0.4' ],
3112 silly audit   minimatch: [ '10.2.5' ],
3112 silly audit   'path-scurry': [ '2.0.2' ],
3112 silly audit   'brace-expansion': [ '5.0.6' ],
3112 silly audit   'balanced-match': [ '4.0.4' ],
3112 silly audit   'env-paths': [ '2.2.1' ],
3112 silly audit   'exponential-backoff': [ '3.1.3' ],
3112 silly audit   'graceful-fs': [ '4.2.11' ],
3112 silly audit   nopt: [ '9.0.0' ],
3112 silly audit   abbrev: [ '4.0.0' ],
3112 silly audit   'ignore-walk': [ '8.0.0' ],
3112 silly audit   'npm-install-checks': [ '8.0.0' ],
3112 silly audit   '@npmcli/redact': [ '4.0.0' ],
3112 silly audit   jsonparse: [ '1.3.1' ],
3112 silly audit   'make-fetch-happen': [ '15.0.5' ],
3112 silly audit   'minipass-fetch': [ '5.0.2' ],
3112 silly audit   minizlib: [ '3.1.0' ],
3112 silly audit   '@npmcli/agent': [ '4.0.0' ],
3112 silly audit   'http-cache-semantics': [ '4.2.0' ],
3112 silly audit   'socks-proxy-agent': [ '8.0.5' ],
3112 silly audit   'minipass-sized': [ '2.0.0' ],
3112 silly audit   'parse5-sax-parser': [ '8.0.0' ],
3112 silly audit   '@napi-rs/nice': [ '1.1.1' ],
3112 silly audit   '@napi-rs/nice-android-arm-eabi': [ '1.1.1' ],
3112 silly audit   '@napi-rs/nice-android-arm64': [ '1.1.1' ],
3112 silly audit   '@napi-rs/nice-darwin-arm64': [ '1.1.1' ],
3112 silly audit   '@napi-rs/nice-darwin-x64': [ '1.1.1' ],
3112 silly audit   '@napi-rs/nice-freebsd-x64': [ '1.1.1' ],
3112 silly audit   '@napi-rs/nice-linux-arm-gnueabihf': [ '1.1.1' ],
3112 silly audit   '@napi-rs/nice-linux-arm64-gnu': [ '1.1.1' ],
3112 silly audit   '@napi-rs/nice-linux-arm64-musl': [ '1.1.1' ],
3112 silly audit   '@napi-rs/nice-linux-ppc64-gnu': [ '1.1.1' ],
3112 silly audit   '@napi-rs/nice-linux-riscv64-gnu': [ '1.1.1' ],
3112 silly audit   '@napi-rs/nice-linux-s390x-gnu': [ '1.1.1' ],
3112 silly audit   '@napi-rs/nice-linux-x64-gnu': [ '1.1.1' ],
3112 silly audit   '@napi-rs/nice-linux-x64-musl': [ '1.1.1' ],
3112 silly audit   '@napi-rs/nice-openharmony-arm64': [ '1.1.1' ],
3112 silly audit   '@napi-rs/nice-win32-arm64-msvc': [ '1.1.1' ],
3112 silly audit   '@napi-rs/nice-win32-ia32-msvc': [ '1.1.1' ],
3112 silly audit   '@napi-rs/nice-win32-x64-msvc': [ '1.1.1' ],
3112 silly audit   nanoid: [ '3.3.12' ],
3112 silly audit   'err-code': [ '2.0.3' ],
3112 silly audit   retry: [ '0.12.0' ],
3112 silly audit   forwarded: [ '0.2.0' ],
3112 silly audit   'ipaddr.js': [ '1.9.1' ],
3112 silly audit   'side-channel': [ '1.1.0' ],
3112 silly audit   unpipe: [ '1.0.0' ],
3112 silly audit   onetime: [ '7.0.0' ],
3112 silly audit   'mimic-function': [ '5.0.1' ],
3112 silly audit   '@oxc-project/types': [ '0.113.0' ],
3112 silly audit   '@rolldown/binding-android-arm64': [ '1.0.0-rc.4' ],
3112 silly audit   '@rolldown/binding-darwin-arm64': [ '1.0.0-rc.4' ],
3112 silly audit   '@rolldown/binding-darwin-x64': [ '1.0.0-rc.4' ],
3112 silly audit   '@rolldown/binding-freebsd-x64': [ '1.0.0-rc.4' ],
3112 silly audit   '@rolldown/binding-linux-arm-gnueabihf': [ '1.0.0-rc.4' ],
3112 silly audit   '@rolldown/binding-linux-arm64-gnu': [ '1.0.0-rc.4' ],
3112 silly audit   '@rolldown/binding-linux-arm64-musl': [ '1.0.0-rc.4' ],
3112 silly audit   '@rolldown/binding-linux-x64-gnu': [ '1.0.0-rc.4' ],
3112 silly audit   '@rolldown/binding-linux-x64-musl': [ '1.0.0-rc.4' ],
3112 silly audit   '@rolldown/binding-openharmony-arm64': [ '1.0.0-rc.4' ],
3112 silly audit   '@rolldown/binding-wasm32-wasi': [ '1.0.0-rc.4' ],
3112 silly audit   '@rolldown/binding-win32-arm64-msvc': [ '1.0.0-rc.4' ],
3112 silly audit   '@rolldown/binding-win32-x64-msvc': [ '1.0.0-rc.4' ],
3112 silly audit   '@rolldown/pluginutils': [ '1.0.0-rc.4' ],
3112 silly audit   '@napi-rs/wasm-runtime': [ '1.1.4' ],
3112 silly audit   '@emnapi/core': [ '1.10.0' ],
3112 silly audit   '@emnapi/runtime': [ '1.10.0' ],
3112 silly audit   '@emnapi/wasi-threads': [ '1.2.1' ],
3112 silly audit   '@tybys/wasm-util': [ '0.10.2' ],
3112 silly audit   'is-promise': [ '4.0.0' ],
3112 silly audit   'path-to-regexp': [ '8.4.2' ],
3112 silly audit   '@parcel/watcher': [ '2.5.6' ],
3112 silly audit   immutable: [ '5.1.5' ],
3112 silly audit   '@parcel/watcher-android-arm64': [ '2.5.6' ],
3112 silly audit   '@parcel/watcher-darwin-arm64': [ '2.5.6' ],
3112 silly audit   '@parcel/watcher-darwin-x64': [ '2.5.6' ],
3112 silly audit   '@parcel/watcher-freebsd-x64': [ '2.5.6' ],
3112 silly audit   '@parcel/watcher-linux-arm-glibc': [ '2.5.6' ],
3112 silly audit   '@parcel/watcher-linux-arm-musl': [ '2.5.6' ],
3112 silly audit   '@parcel/watcher-linux-arm64-glibc': [ '2.5.6' ],
3112 silly audit   '@parcel/watcher-linux-arm64-musl': [ '2.5.6' ],
3112 silly audit   '@parcel/watcher-linux-x64-glibc': [ '2.5.6' ],
3112 silly audit   '@parcel/watcher-linux-x64-musl': [ '2.5.6' ],
3112 silly audit   '@parcel/watcher-win32-arm64': [ '2.5.6' ],
3112 silly audit   '@parcel/watcher-win32-ia32': [ '2.5.6' ],
3112 silly audit   '@parcel/watcher-win32-x64': [ '2.5.6' ],
3112 silly audit   'is-glob': [ '4.0.3' ],
3112 silly audit   'is-extglob': [ '2.1.1' ],
3112 silly audit   xmlchars: [ '2.2.0' ],
3112 silly audit   'shebang-regex': [ '3.0.0' ],
3112 silly audit   'es-errors': [ '1.3.0' ],
3112 silly audit   'object-inspect': [ '1.13.4' ],
3112 silly audit   'side-channel-list': [ '1.0.1' ],
3112 silly audit   'side-channel-map': [ '1.0.1' ],
3112 silly audit   'side-channel-weakmap': [ '1.0.2' ],
3112 silly audit   'call-bound': [ '1.0.4' ],
3112 silly audit   'get-intrinsic': [ '1.3.0' ],
3112 silly audit   'call-bind-apply-helpers': [ '1.0.2' ],
3112 silly audit   'function-bind': [ '1.1.2' ],
3112 silly audit   'es-define-property': [ '1.0.1' ],
3112 silly audit   'es-object-atoms': [ '1.1.1' ],
3112 silly audit   'get-proto': [ '1.0.1' ],
3112 silly audit   gopd: [ '1.2.0' ],
3112 silly audit   'has-symbols': [ '1.1.0' ],
3112 silly audit   hasown: [ '2.0.3' ],
3112 silly audit   'math-intrinsics': [ '1.1.0' ],
3112 silly audit   'dunder-proto': [ '1.0.1' ],
3112 silly audit   '@sigstore/bundle': [ '4.0.0' ],
3112 silly audit   '@sigstore/core': [ '3.2.0' ],
3112 silly audit   '@sigstore/protobuf-specs': [ '0.5.1' ],
3112 silly audit   '@sigstore/sign': [ '4.1.1' ],
3112 silly audit   '@sigstore/tuf': [ '4.0.2' ],
3112 silly audit   '@sigstore/verify': [ '3.1.0' ],
3112 silly audit   'tuf-js': [ '4.1.0' ],
3112 silly audit   'ansi-styles': [ '6.2.3', '4.3.0' ],
3112 silly audit   'is-fullwidth-code-point': [ '5.1.0', '3.0.0' ],
3112 silly audit   'get-east-asian-width': [ '1.6.0' ],
3112 silly audit   socks: [ '2.8.9' ],
3112 silly audit   'smart-buffer': [ '4.2.0' ],
3112 silly audit   'buffer-from': [ '1.1.2' ],
3112 silly audit   'spdx-exceptions': [ '2.5.0' ],
3112 silly audit   'spdx-license-ids': [ '3.0.23' ],
3112 silly audit   'ansi-regex': [ '6.2.2', '5.0.1' ],
3112 silly audit   '@isaacs/fs-minipass': [ '4.0.1' ],
3112 silly audit   chownr: [ '3.0.0' ],
3112 silly audit   fdir: [ '6.5.0' ],
3112 silly audit   tldts: [ '7.0.30' ],
3112 silly audit   'tldts-core': [ '7.0.30' ],
3112 silly audit   '@tufjs/models': [ '4.1.0' ],
3112 silly audit   '@tufjs/canonical-json': [ '2.0.0' ],
3112 silly audit   'media-typer': [ '1.1.0' ],
3112 silly audit   escalade: [ '3.2.0' ],
3112 silly audit   fsevents: [ '2.3.3' ],
3112 silly audit   rollup: [ '4.60.4' ],
3112 silly audit   '@rollup/rollup-android-arm-eabi': [ '4.60.4' ],
3112 silly audit   '@rollup/rollup-android-arm64': [ '4.60.4' ],
3112 silly audit   '@rollup/rollup-darwin-arm64': [ '4.60.4' ],
3112 silly audit   '@rollup/rollup-darwin-x64': [ '4.60.4' ],
3112 silly audit   '@rollup/rollup-freebsd-arm64': [ '4.60.4' ],
3112 silly audit   '@rollup/rollup-freebsd-x64': [ '4.60.4' ],
3112 silly audit   '@rollup/rollup-linux-arm-gnueabihf': [ '4.60.4' ],
3112 silly audit   '@rollup/rollup-linux-arm-musleabihf': [ '4.60.4' ],
3112 silly audit   '@rollup/rollup-linux-arm64-gnu': [ '4.60.4' ],
3112 silly audit   '@rollup/rollup-linux-arm64-musl': [ '4.60.4' ],
3112 silly audit   '@rollup/rollup-linux-loong64-gnu': [ '4.60.4' ],
3112 silly audit   '@rollup/rollup-linux-loong64-musl': [ '4.60.4' ],
3112 silly audit   '@rollup/rollup-linux-ppc64-gnu': [ '4.60.4' ],
3112 silly audit   '@rollup/rollup-linux-ppc64-musl': [ '4.60.4' ],
3112 silly audit   '@rollup/rollup-linux-riscv64-gnu': [ '4.60.4' ],
3112 silly audit   '@rollup/rollup-linux-riscv64-musl': [ '4.60.4' ],
3112 silly audit   '@rollup/rollup-linux-s390x-gnu': [ '4.60.4' ],
3112 silly audit   '@rollup/rollup-linux-x64-gnu': [ '4.60.4' ],
3112 silly audit   '@rollup/rollup-linux-x64-musl': [ '4.60.4' ],
3112 silly audit   '@rollup/rollup-openbsd-x64': [ '4.60.4' ],
3112 silly audit   '@rollup/rollup-openharmony-arm64': [ '4.60.4' ],
3112 silly audit   '@rollup/rollup-win32-arm64-msvc': [ '4.60.4' ],
3112 silly audit   '@rollup/rollup-win32-ia32-msvc': [ '4.60.4' ],
3112 silly audit   '@rollup/rollup-win32-x64-gnu': [ '4.60.4' ],
3112 silly audit   '@rollup/rollup-win32-x64-msvc': [ '4.60.4' ],
3112 silly audit   '@types/estree': [ '1.0.8' ],
3112 silly audit   '@vitest/expect': [ '4.1.7' ],
3112 silly audit   '@vitest/mocker': [ '4.1.7' ],
3112 silly audit   '@vitest/pretty-format': [ '4.1.7' ],
3112 silly audit   '@vitest/runner': [ '4.1.7' ],
3112 silly audit   '@vitest/snapshot': [ '4.1.7' ],
3112 silly audit   '@vitest/spy': [ '4.1.7' ],
3112 silly audit   '@vitest/utils': [ '4.1.7' ],
3112 silly audit   'es-module-lexer': [ '2.1.0' ],
3112 silly audit   'expect-type': [ '1.3.0' ],
3112 silly audit   obug: [ '2.1.1' ],
3112 silly audit   pathe: [ '2.0.3' ],
3112 silly audit   'std-env': [ '4.1.0' ],
3112 silly audit   tinybench: [ '2.9.0' ],
3112 silly audit   tinyexec: [ '1.1.2' ],
3112 silly audit   tinyrainbow: [ '3.1.0' ],
3112 silly audit   'why-is-node-running': [ '2.3.0' ],
3112 silly audit   '@types/chai': [ '5.2.3' ],
3112 silly audit   chai: [ '6.2.2' ],
3112 silly audit   '@types/deep-eql': [ '4.0.2' ],
3112 silly audit   'assertion-error': [ '2.0.1' ],
3112 silly audit   'estree-walker': [ '3.0.3' ],
3112 silly audit   'glob-to-regexp': [ '0.4.1' ],
3112 silly audit   tr46: [ '6.0.0' ],
3112 silly audit   punycode: [ '2.3.1' ],
3112 silly audit   isexe: [ '2.0.0', '4.0.0' ],
3112 silly audit   siginfo: [ '2.0.0' ],
3112 silly audit   stackback: [ '0.0.2' ],
3112 silly audit   cliui: [ '9.0.1' ],
3112 silly audit   'get-caller-file': [ '2.0.5' ],
3112 silly audit   y18n: [ '5.0.8' ],
3112 silly audit   'yargs-parser': [ '22.0.0' ],
3112 silly audit   'emoji-regex': [ '10.6.0', '8.0.0' ],
3112 silly audit   'color-convert': [ '2.0.1' ],
3112 silly audit   'color-name': [ '1.1.4' ]
3112 silly audit }
3113 http cache color-name@https://registry.npmjs.org/color-name/-/color-name-1.1.4.tgz 0ms (cache hit)
3114 http cache emoji-regex@https://registry.npmjs.org/emoji-regex/-/emoji-regex-10.6.0.tgz 0ms (cache hit)
3115 http cache color-convert@https://registry.npmjs.org/color-convert/-/color-convert-2.0.1.tgz 0ms (cache hit)
3116 http cache yargs-parser@https://registry.npmjs.org/yargs-parser/-/yargs-parser-22.0.0.tgz 0ms (cache hit)
3117 http cache get-caller-file@https://registry.npmjs.org/get-caller-file/-/get-caller-file-2.0.5.tgz 0ms (cache hit)
3118 http cache cliui@https://registry.npmjs.org/cliui/-/cliui-9.0.1.tgz 0ms (cache hit)
3119 http cache y18n@https://registry.npmjs.org/y18n/-/y18n-5.0.8.tgz 0ms (cache hit)
3120 http cache stackback@https://registry.npmjs.org/stackback/-/stackback-0.0.2.tgz 0ms (cache hit)
3121 http cache isexe@https://registry.npmjs.org/isexe/-/isexe-2.0.0.tgz 0ms (cache hit)
3122 http cache siginfo@https://registry.npmjs.org/siginfo/-/siginfo-2.0.0.tgz 0ms (cache hit)
3123 http cache punycode@https://registry.npmjs.org/punycode/-/punycode-2.3.1.tgz 0ms (cache hit)
3124 http cache tr46@https://registry.npmjs.org/tr46/-/tr46-6.0.0.tgz 0ms (cache hit)
3125 http cache glob-to-regexp@https://registry.npmjs.org/glob-to-regexp/-/glob-to-regexp-0.4.1.tgz 0ms (cache hit)
3126 http cache estree-walker@https://registry.npmjs.org/estree-walker/-/estree-walker-3.0.3.tgz 0ms (cache hit)
3127 http cache chai@https://registry.npmjs.org/chai/-/chai-6.2.2.tgz 0ms (cache hit)
3128 http cache assertion-error@https://registry.npmjs.org/assertion-error/-/assertion-error-2.0.1.tgz 0ms (cache hit)
3129 http cache @types/deep-eql@https://registry.npmjs.org/@types/deep-eql/-/deep-eql-4.0.2.tgz 0ms (cache hit)
3130 http cache @types/chai@https://registry.npmjs.org/@types/chai/-/chai-5.2.3.tgz 0ms (cache hit)
3131 http cache tinyrainbow@https://registry.npmjs.org/tinyrainbow/-/tinyrainbow-3.1.0.tgz 0ms (cache hit)
3132 http cache why-is-node-running@https://registry.npmjs.org/why-is-node-running/-/why-is-node-running-2.3.0.tgz 0ms (cache hit)
3133 http cache tinyexec@https://registry.npmjs.org/tinyexec/-/tinyexec-1.1.2.tgz 0ms (cache hit)
3134 http cache tinybench@https://registry.npmjs.org/tinybench/-/tinybench-2.9.0.tgz 0ms (cache hit)
3135 http cache @vitest/utils@https://registry.npmjs.org/@vitest/utils/-/utils-4.1.7.tgz 0ms (cache hit)
3136 http cache std-env@https://registry.npmjs.org/std-env/-/std-env-4.1.0.tgz 0ms (cache hit)
3137 http cache expect-type@https://registry.npmjs.org/expect-type/-/expect-type-1.3.0.tgz 0ms (cache hit)
3138 http cache @vitest/spy@https://registry.npmjs.org/@vitest/spy/-/spy-4.1.7.tgz 0ms (cache hit)
3139 http cache @vitest/snapshot@https://registry.npmjs.org/@vitest/snapshot/-/snapshot-4.1.7.tgz 0ms (cache hit)
3140 http cache obug@https://registry.npmjs.org/obug/-/obug-2.1.1.tgz 0ms (cache hit)
3141 http cache @vitest/runner@https://registry.npmjs.org/@vitest/runner/-/runner-4.1.7.tgz 0ms (cache hit)
3142 http cache es-module-lexer@https://registry.npmjs.org/es-module-lexer/-/es-module-lexer-2.1.0.tgz 0ms (cache hit)
3143 http cache @vitest/expect@https://registry.npmjs.org/@vitest/expect/-/expect-4.1.7.tgz 0ms (cache hit)
3144 http cache pathe@https://registry.npmjs.org/pathe/-/pathe-2.0.3.tgz 0ms (cache hit)
3145 http cache @types/estree@https://registry.npmjs.org/@types/estree/-/estree-1.0.8.tgz 0ms (cache hit)
3146 http cache @vitest/mocker@https://registry.npmjs.org/@vitest/mocker/-/mocker-4.1.7.tgz 0ms (cache hit)
3147 http cache @vitest/pretty-format@https://registry.npmjs.org/@vitest/pretty-format/-/pretty-format-4.1.7.tgz 0ms (cache hit)
3148 http cache @rollup/rollup-win32-x64-gnu@https://registry.npmjs.org/@rollup/rollup-win32-x64-gnu/-/rollup-win32-x64-gnu-4.60.4.tgz 0ms (cache hit)
3149 http cache @rollup/rollup-win32-x64-msvc@https://registry.npmjs.org/@rollup/rollup-win32-x64-msvc/-/rollup-win32-x64-msvc-4.60.4.tgz 0ms (cache hit)
3150 http cache rollup@https://registry.npmjs.org/rollup/-/rollup-4.60.4.tgz 0ms (cache hit)
3151 http cache @tufjs/canonical-json@https://registry.npmjs.org/@tufjs/canonical-json/-/canonical-json-2.0.0.tgz 0ms (cache hit)
3152 http cache @tufjs/models@https://registry.npmjs.org/@tufjs/models/-/models-4.1.0.tgz 0ms (cache hit)
3153 http cache tldts-core@https://registry.npmjs.org/tldts-core/-/tldts-core-7.0.30.tgz 0ms (cache hit)
3154 http cache escalade@https://registry.npmjs.org/escalade/-/escalade-3.2.0.tgz 0ms (cache hit)
3155 http cache media-typer@https://registry.npmjs.org/media-typer/-/media-typer-1.1.0.tgz 0ms (cache hit)
3156 http cache @isaacs/fs-minipass@https://registry.npmjs.org/@isaacs/fs-minipass/-/fs-minipass-4.0.1.tgz 0ms (cache hit)
3157 http cache ansi-regex@https://registry.npmjs.org/ansi-regex/-/ansi-regex-6.2.2.tgz 0ms (cache hit)
3158 http cache fdir@https://registry.npmjs.org/fdir/-/fdir-6.5.0.tgz 0ms (cache hit)
3159 http cache chownr@https://registry.npmjs.org/chownr/-/chownr-3.0.0.tgz 0ms (cache hit)
3160 http cache spdx-exceptions@https://registry.npmjs.org/spdx-exceptions/-/spdx-exceptions-2.5.0.tgz 0ms (cache hit)
3161 http cache spdx-license-ids@https://registry.npmjs.org/spdx-license-ids/-/spdx-license-ids-3.0.23.tgz 0ms (cache hit)
3162 http cache smart-buffer@https://registry.npmjs.org/smart-buffer/-/smart-buffer-4.2.0.tgz 0ms (cache hit)
3163 http cache socks@https://registry.npmjs.org/socks/-/socks-2.8.9.tgz 0ms (cache hit)
3164 http cache buffer-from@https://registry.npmjs.org/buffer-from/-/buffer-from-1.1.2.tgz 0ms (cache hit)
3165 http cache tldts@https://registry.npmjs.org/tldts/-/tldts-7.0.30.tgz 0ms (cache hit)
3166 http cache ansi-styles@https://registry.npmjs.org/ansi-styles/-/ansi-styles-6.2.3.tgz 0ms (cache hit)
3167 http cache tuf-js@https://registry.npmjs.org/tuf-js/-/tuf-js-4.1.0.tgz 0ms (cache hit)
3168 http cache is-fullwidth-code-point@https://registry.npmjs.org/is-fullwidth-code-point/-/is-fullwidth-code-point-5.1.0.tgz 0ms (cache hit)
3169 http cache get-east-asian-width@https://registry.npmjs.org/get-east-asian-width/-/get-east-asian-width-1.6.0.tgz 0ms (cache hit)
3170 http cache @sigstore/verify@https://registry.npmjs.org/@sigstore/verify/-/verify-3.1.0.tgz 0ms (cache hit)
3171 http cache @sigstore/tuf@https://registry.npmjs.org/@sigstore/tuf/-/tuf-4.0.2.tgz 0ms (cache hit)
3172 http cache @sigstore/sign@https://registry.npmjs.org/@sigstore/sign/-/sign-4.1.1.tgz 0ms (cache hit)
3173 http cache @sigstore/protobuf-specs@https://registry.npmjs.org/@sigstore/protobuf-specs/-/protobuf-specs-0.5.1.tgz 0ms (cache hit)
3174 http cache @sigstore/bundle@https://registry.npmjs.org/@sigstore/bundle/-/bundle-4.0.0.tgz 0ms (cache hit)
3175 http cache @sigstore/core@https://registry.npmjs.org/@sigstore/core/-/core-3.2.0.tgz 0ms (cache hit)
3176 http cache dunder-proto@https://registry.npmjs.org/dunder-proto/-/dunder-proto-1.0.1.tgz 1ms (cache hit)
3177 http cache math-intrinsics@https://registry.npmjs.org/math-intrinsics/-/math-intrinsics-1.1.0.tgz 0ms (cache hit)
3178 http cache hasown@https://registry.npmjs.org/hasown/-/hasown-2.0.3.tgz 0ms (cache hit)
3179 http cache es-object-atoms@https://registry.npmjs.org/es-object-atoms/-/es-object-atoms-1.1.1.tgz 0ms (cache hit)
3180 http cache get-proto@https://registry.npmjs.org/get-proto/-/get-proto-1.0.1.tgz 0ms (cache hit)
3181 http cache gopd@https://registry.npmjs.org/gopd/-/gopd-1.2.0.tgz 0ms (cache hit)
3182 http cache has-symbols@https://registry.npmjs.org/has-symbols/-/has-symbols-1.1.0.tgz 0ms (cache hit)
3183 http cache call-bind-apply-helpers@https://registry.npmjs.org/call-bind-apply-helpers/-/call-bind-apply-helpers-1.0.2.tgz 0ms (cache hit)
3184 http cache function-bind@https://registry.npmjs.org/function-bind/-/function-bind-1.1.2.tgz 1ms (cache hit)
3185 http cache call-bound@https://registry.npmjs.org/call-bound/-/call-bound-1.0.4.tgz 0ms (cache hit)
3186 http cache side-channel-map@https://registry.npmjs.org/side-channel-map/-/side-channel-map-1.0.1.tgz 0ms (cache hit)
3187 http cache get-intrinsic@https://registry.npmjs.org/get-intrinsic/-/get-intrinsic-1.3.0.tgz 0ms (cache hit)
3188 http cache side-channel-weakmap@https://registry.npmjs.org/side-channel-weakmap/-/side-channel-weakmap-1.0.2.tgz 0ms (cache hit)
3189 http cache object-inspect@https://registry.npmjs.org/object-inspect/-/object-inspect-1.13.4.tgz 0ms (cache hit)
3190 http cache side-channel-list@https://registry.npmjs.org/side-channel-list/-/side-channel-list-1.0.1.tgz 0ms (cache hit)
3191 http cache shebang-regex@https://registry.npmjs.org/shebang-regex/-/shebang-regex-3.0.0.tgz 0ms (cache hit)
3192 http cache xmlchars@https://registry.npmjs.org/xmlchars/-/xmlchars-2.2.0.tgz 0ms (cache hit)
3193 http cache es-errors@https://registry.npmjs.org/es-errors/-/es-errors-1.3.0.tgz 0ms (cache hit)
3194 http cache es-define-property@https://registry.npmjs.org/es-define-property/-/es-define-property-1.0.1.tgz 0ms (cache hit)
3195 http cache is-extglob@https://registry.npmjs.org/is-extglob/-/is-extglob-2.1.1.tgz 0ms (cache hit)
3196 http cache immutable@https://registry.npmjs.org/immutable/-/immutable-5.1.5.tgz 0ms (cache hit)
3197 http cache @parcel/watcher@https://registry.npmjs.org/@parcel/watcher/-/watcher-2.5.6.tgz 0ms (cache hit)
3198 http cache is-promise@https://registry.npmjs.org/is-promise/-/is-promise-4.0.0.tgz 0ms (cache hit)
3199 http cache path-to-regexp@https://registry.npmjs.org/path-to-regexp/-/path-to-regexp-8.4.2.tgz 0ms (cache hit)
3200 http cache is-glob@https://registry.npmjs.org/is-glob/-/is-glob-4.0.3.tgz 0ms (cache hit)
3201 http cache mimic-function@https://registry.npmjs.org/mimic-function/-/mimic-function-5.0.1.tgz 0ms (cache hit)
3202 http cache @parcel/watcher-win32-x64@https://registry.npmjs.org/@parcel/watcher-win32-x64/-/watcher-win32-x64-2.5.6.tgz 0ms (cache hit)
3203 http cache @rolldown/pluginutils@https://registry.npmjs.org/@rolldown/pluginutils/-/pluginutils-1.0.0-rc.4.tgz 0ms (cache hit)
3204 http cache @rolldown/binding-win32-x64-msvc@https://registry.npmjs.org/@rolldown/binding-win32-x64-msvc/-/binding-win32-x64-msvc-1.0.0-rc.4.tgz 0ms (cache hit)
3205 http cache unpipe@https://registry.npmjs.org/unpipe/-/unpipe-1.0.0.tgz 0ms (cache hit)
3206 http cache @oxc-project/types@https://registry.npmjs.org/@oxc-project/types/-/types-0.113.0.tgz 0ms (cache hit)
3207 http cache ipaddr.js@https://registry.npmjs.org/ipaddr.js/-/ipaddr.js-1.9.1.tgz 0ms (cache hit)
3208 http cache side-channel@https://registry.npmjs.org/side-channel/-/side-channel-1.1.0.tgz 0ms (cache hit)
3209 http cache onetime@https://registry.npmjs.org/onetime/-/onetime-7.0.0.tgz 0ms (cache hit)
3210 http cache err-code@https://registry.npmjs.org/err-code/-/err-code-2.0.3.tgz 0ms (cache hit)
3211 http cache retry@https://registry.npmjs.org/retry/-/retry-0.12.0.tgz 0ms (cache hit)
3212 http cache forwarded@https://registry.npmjs.org/forwarded/-/forwarded-0.2.0.tgz 0ms (cache hit)
3213 http cache minipass-sized@https://registry.npmjs.org/minipass-sized/-/minipass-sized-2.0.0.tgz 0ms (cache hit)
3214 http cache nanoid@https://registry.npmjs.org/nanoid/-/nanoid-3.3.12.tgz 0ms (cache hit)
3215 http cache @npmcli/agent@https://registry.npmjs.org/@npmcli/agent/-/agent-4.0.0.tgz 0ms (cache hit)
3216 http cache @napi-rs/nice-win32-x64-msvc@https://registry.npmjs.org/@napi-rs/nice-win32-x64-msvc/-/nice-win32-x64-msvc-1.1.1.tgz 0ms (cache hit)
3217 http cache socks-proxy-agent@https://registry.npmjs.org/socks-proxy-agent/-/socks-proxy-agent-8.0.5.tgz 0ms (cache hit)
3218 http cache @napi-rs/nice@https://registry.npmjs.org/@napi-rs/nice/-/nice-1.1.1.tgz 0ms (cache hit)
3219 http cache minizlib@https://registry.npmjs.org/minizlib/-/minizlib-3.1.0.tgz 0ms (cache hit)
3220 http cache parse5-sax-parser@https://registry.npmjs.org/parse5-sax-parser/-/parse5-sax-parser-8.0.0.tgz 0ms (cache hit)
3221 http cache http-cache-semantics@https://registry.npmjs.org/http-cache-semantics/-/http-cache-semantics-4.2.0.tgz 0ms (cache hit)
3222 http cache @npmcli/redact@https://registry.npmjs.org/@npmcli/redact/-/redact-4.0.0.tgz 0ms (cache hit)
3223 http cache minipass-fetch@https://registry.npmjs.org/minipass-fetch/-/minipass-fetch-5.0.2.tgz 0ms (cache hit)
3224 http cache make-fetch-happen@https://registry.npmjs.org/make-fetch-happen/-/make-fetch-happen-15.0.5.tgz 0ms (cache hit)
3225 http cache jsonparse@https://registry.npmjs.org/jsonparse/-/jsonparse-1.3.1.tgz 0ms (cache hit)
3226 http cache npm-install-checks@https://registry.npmjs.org/npm-install-checks/-/npm-install-checks-8.0.0.tgz 0ms (cache hit)
3227 http cache ignore-walk@https://registry.npmjs.org/ignore-walk/-/ignore-walk-8.0.0.tgz 0ms (cache hit)
3228 http cache abbrev@https://registry.npmjs.org/abbrev/-/abbrev-4.0.0.tgz 0ms (cache hit)
3229 http cache nopt@https://registry.npmjs.org/nopt/-/nopt-9.0.0.tgz 0ms (cache hit)
3230 http cache exponential-backoff@https://registry.npmjs.org/exponential-backoff/-/exponential-backoff-3.1.3.tgz 0ms (cache hit)
3231 http cache graceful-fs@https://registry.npmjs.org/graceful-fs/-/graceful-fs-4.2.11.tgz 0ms (cache hit)
3232 http cache brace-expansion@https://registry.npmjs.org/brace-expansion/-/brace-expansion-5.0.6.tgz 0ms (cache hit)
3233 http cache env-paths@https://registry.npmjs.org/env-paths/-/env-paths-2.2.1.tgz 0ms (cache hit)
3234 http cache minimatch@https://registry.npmjs.org/minimatch/-/minimatch-10.2.5.tgz 0ms (cache hit)
3235 http cache balanced-match@https://registry.npmjs.org/balanced-match/-/balanced-match-4.0.4.tgz 0ms (cache hit)
3236 http cache path-scurry@https://registry.npmjs.org/path-scurry/-/path-scurry-2.0.2.tgz 0ms (cache hit)
3237 http cache p-map@https://registry.npmjs.org/p-map/-/p-map-7.0.4.tgz 0ms (cache hit)
3238 http cache minipass-pipeline@https://registry.npmjs.org/minipass-pipeline/-/minipass-pipeline-1.2.4.tgz 0ms (cache hit)
3239 http cache minipass-flush@https://registry.npmjs.org/minipass-flush/-/minipass-flush-1.0.7.tgz 0ms (cache hit)
3240 http cache @npmcli/fs@https://registry.npmjs.org/@npmcli/fs/-/fs-5.0.0.tgz 0ms (cache hit)
3241 http cache minipass-collect@https://registry.npmjs.org/minipass-collect/-/minipass-collect-2.0.1.tgz 0ms (cache hit)
3242 http cache @npmcli/node-gyp@https://registry.npmjs.org/@npmcli/node-gyp/-/node-gyp-5.0.0.tgz 0ms (cache hit)
3243 http cache node-gyp@https://registry.npmjs.org/node-gyp/-/node-gyp-12.3.0.tgz 0ms (cache hit)
3244 http cache json-parse-even-better-errors@https://registry.npmjs.org/json-parse-even-better-errors/-/json-parse-even-better-errors-5.0.0.tgz 0ms (cache hit)
3245 http cache spdx-expression-parse@https://registry.npmjs.org/spdx-expression-parse/-/spdx-expression-parse-4.0.0.tgz 0ms (cache hit)
3246 http cache glob@https://registry.npmjs.org/glob/-/glob-13.0.6.tgz 0ms (cache hit)
3247 http cache npm-bundled@https://registry.npmjs.org/npm-bundled/-/npm-bundled-5.0.0.tgz 0ms (cache hit)
3248 http cache npm-normalize-package-bin@https://registry.npmjs.org/npm-normalize-package-bin/-/npm-normalize-package-bin-5.0.0.tgz 0ms (cache hit)
3249 http cache @gar/promise-retry@https://registry.npmjs.org/@gar/promise-retry/-/promise-retry-1.0.3.tgz 0ms (cache hit)
3250 http cache ssri@https://registry.npmjs.org/ssri/-/ssri-13.0.1.tgz 0ms (cache hit)
3251 http cache tar@https://registry.npmjs.org/tar/-/tar-7.5.15.tgz 0ms (cache hit)
3252 http cache sigstore@https://registry.npmjs.org/sigstore/-/sigstore-4.1.0.tgz 0ms (cache hit)
3253 http cache minipass@https://registry.npmjs.org/minipass/-/minipass-7.1.3.tgz 0ms (cache hit)
3254 http cache promise-retry@https://registry.npmjs.org/promise-retry/-/promise-retry-2.0.1.tgz 0ms (cache hit)
3255 http cache npm-registry-fetch@https://registry.npmjs.org/npm-registry-fetch/-/npm-registry-fetch-19.1.1.tgz 0ms (cache hit)
3256 http cache fs-minipass@https://registry.npmjs.org/fs-minipass/-/fs-minipass-3.0.3.tgz 0ms (cache hit)
3257 http cache npm-pick-manifest@https://registry.npmjs.org/npm-pick-manifest/-/npm-pick-manifest-11.0.3.tgz 0ms (cache hit)
3258 http cache npm-packlist@https://registry.npmjs.org/npm-packlist/-/npm-packlist-10.0.4.tgz 0ms (cache hit)
3259 http cache cacache@https://registry.npmjs.org/cacache/-/cacache-20.0.4.tgz 0ms (cache hit)
3260 http cache @npmcli/promise-spawn@https://registry.npmjs.org/@npmcli/promise-spawn/-/promise-spawn-9.0.1.tgz 0ms (cache hit)
3261 http cache yoctocolors@https://registry.npmjs.org/yoctocolors/-/yoctocolors-2.1.2.tgz 0ms (cache hit)
3262 http cache log-symbols@https://registry.npmjs.org/log-symbols/-/log-symbols-7.0.1.tgz 0ms (cache hit)
3263 http cache @npmcli/git@https://registry.npmjs.org/@npmcli/git/-/git-7.0.2.tgz 0ms (cache hit)
3264 http cache @npmcli/package-json@https://registry.npmjs.org/@npmcli/package-json/-/package-json-7.0.5.tgz 0ms (cache hit)
3265 http cache @npmcli/run-script@https://registry.npmjs.org/@npmcli/run-script/-/run-script-10.0.4.tgz 0ms (cache hit)
3266 http cache @npmcli/installed-package-contents@https://registry.npmjs.org/@npmcli/installed-package-contents/-/installed-package-contents-4.0.0.tgz 0ms (cache hit)
3267 http cache is-unicode-supported@https://registry.npmjs.org/is-unicode-supported/-/is-unicode-supported-2.1.0.tgz 0ms (cache hit)
3268 http cache stdin-discarder@https://registry.npmjs.org/stdin-discarder/-/stdin-discarder-0.3.2.tgz 0ms (cache hit)
3269 http cache is-interactive@https://registry.npmjs.org/is-interactive/-/is-interactive-2.0.0.tgz 0ms (cache hit)
3270 http cache cli-spinners@https://registry.npmjs.org/cli-spinners/-/cli-spinners-3.4.0.tgz 0ms (cache hit)
3271 http cache validate-npm-package-name@https://registry.npmjs.org/validate-npm-package-name/-/validate-npm-package-name-7.0.2.tgz 0ms (cache hit)
3272 http cache chalk@https://registry.npmjs.org/chalk/-/chalk-5.6.2.tgz 0ms (cache hit)
3273 http cache ee-first@https://registry.npmjs.org/ee-first/-/ee-first-1.1.1.tgz 0ms (cache hit)
3274 http cache proc-log@https://registry.npmjs.org/proc-log/-/proc-log-6.1.0.tgz 0ms (cache hit)
3275 http cache detect-libc@https://registry.npmjs.org/detect-libc/-/detect-libc-2.1.2.tgz 0ms (cache hit)
3276 http cache es-toolkit@https://registry.npmjs.org/es-toolkit/-/es-toolkit-1.46.1.tgz 0ms (cache hit)
3277 http cache hosted-git-info@https://registry.npmjs.org/hosted-git-info/-/hosted-git-info-9.0.3.tgz 0ms (cache hit)
3278 http cache @msgpackr-extract/msgpackr-extract-win32-x64@https://registry.npmjs.org/@msgpackr-extract/msgpackr-extract-win32-x64/-/msgpackr-extract-win32-x64-3.0.3.tgz 0ms (cache hit)
3279 http cache mime-db@https://registry.npmjs.org/mime-db/-/mime-db-1.54.0.tgz 0ms (cache hit)
3280 http cache wrappy@https://registry.npmjs.org/wrappy/-/wrappy-1.0.2.tgz 0ms (cache hit)
3281 http cache msgpackr-extract@https://registry.npmjs.org/msgpackr-extract/-/msgpackr-extract-3.0.3.tgz 0ms (cache hit)
3282 http cache restore-cursor@https://registry.npmjs.org/restore-cursor/-/restore-cursor-5.1.0.tgz 0ms (cache hit)
3283 http cache yallist@https://registry.npmjs.org/yallist/-/yallist-3.1.1.tgz 0ms (cache hit)
3284 http cache strip-ansi@https://registry.npmjs.org/strip-ansi/-/strip-ansi-7.2.0.tgz 0ms (cache hit)
3285 http cache cli-cursor@https://registry.npmjs.org/cli-cursor/-/cli-cursor-5.0.0.tgz 0ms (cache hit)
3286 http cache environment@https://registry.npmjs.org/environment/-/environment-1.1.0.tgz 0ms (cache hit)
3287 http cache ordered-binary@https://registry.npmjs.org/ordered-binary/-/ordered-binary-1.6.1.tgz 0ms (cache hit)
3288 http cache ansi-escapes@https://registry.npmjs.org/ansi-escapes/-/ansi-escapes-7.3.0.tgz 0ms (cache hit)
3289 http cache weak-lru-cache@https://registry.npmjs.org/weak-lru-cache/-/weak-lru-cache-1.2.2.tgz 0ms (cache hit)
3290 http cache node-addon-api@https://registry.npmjs.org/node-addon-api/-/node-addon-api-6.1.0.tgz 0ms (cache hit)
3291 http cache node-gyp-build-optional-packages@https://registry.npmjs.org/node-gyp-build-optional-packages/-/node-gyp-build-optional-packages-5.2.2.tgz 0ms (cache hit)
3292 http cache msgpackr@https://registry.npmjs.org/msgpackr/-/msgpackr-1.11.12.tgz 0ms (cache hit)
3293 http cache @harperfast/extended-iterable@https://registry.npmjs.org/@harperfast/extended-iterable/-/extended-iterable-1.0.3.tgz 0ms (cache hit)
3294 http cache slice-ansi@https://registry.npmjs.org/slice-ansi/-/slice-ansi-8.0.0.tgz 0ms (cache hit)
3295 http cache string-width@https://registry.npmjs.org/string-width/-/string-width-8.2.1.tgz 0ms (cache hit)
3296 http cache log-update@https://registry.npmjs.org/log-update/-/log-update-6.1.0.tgz 0ms (cache hit)
3297 http cache @lmdb/lmdb-win32-x64@https://registry.npmjs.org/@lmdb/lmdb-win32-x64/-/lmdb-win32-x64-3.5.1.tgz 0ms (cache hit)
3298 http cache eventemitter3@https://registry.npmjs.org/eventemitter3/-/eventemitter3-5.0.4.tgz 0ms (cache hit)
3299 http cache colorette@https://registry.npmjs.org/colorette/-/colorette-2.0.20.tgz 0ms (cache hit)
3300 http cache rfdc@https://registry.npmjs.org/rfdc/-/rfdc-1.4.1.tgz 1ms (cache hit)
3301 http cache cli-truncate@https://registry.npmjs.org/cli-truncate/-/cli-truncate-5.2.0.tgz 0ms (cache hit)
3302 http cache @csstools/css-color-parser@https://registry.npmjs.org/@csstools/css-color-parser/-/css-color-parser-4.1.1.tgz 0ms (cache hit)
3303 http cache @csstools/color-helpers@https://registry.npmjs.org/@csstools/color-helpers/-/color-helpers-6.0.2.tgz 0ms (cache hit)
3304 http cache @asamuzakjp/generational-cache@https://registry.npmjs.org/@asamuzakjp/generational-cache/-/generational-cache-1.0.1.tgz 0ms (cache hit)
3305 http cache @csstools/css-parser-algorithms@https://registry.npmjs.org/@csstools/css-parser-algorithms/-/css-parser-algorithms-4.0.0.tgz 0ms (cache hit)
3306 http cache @csstools/css-tokenizer@https://registry.npmjs.org/@csstools/css-tokenizer/-/css-tokenizer-4.0.0.tgz 0ms (cache hit)
3307 http cache @csstools/css-calc@https://registry.npmjs.org/@csstools/css-calc/-/css-calc-3.2.1.tgz 0ms (cache hit)
3308 http cache source-map-js@https://registry.npmjs.org/source-map-js/-/source-map-js-1.2.1.tgz 0ms (cache hit)
3309 http cache @csstools/css-syntax-patches-for-csstree@https://registry.npmjs.org/@csstools/css-syntax-patches-for-csstree/-/css-syntax-patches-for-csstree-1.1.4.tgz 0ms (cache hit)
3310 http cache css-tree@https://registry.npmjs.org/css-tree/-/css-tree-3.2.1.tgz 0ms (cache hit)
3311 http cache @asamuzakjp/css-color@https://registry.npmjs.org/@asamuzakjp/css-color/-/css-color-5.1.11.tgz 0ms (cache hit)
3312 http cache @asamuzakjp/nwsapi@https://registry.npmjs.org/@asamuzakjp/nwsapi/-/nwsapi-2.3.9.tgz 0ms (cache hit)
3313 http cache mdn-data@https://registry.npmjs.org/mdn-data/-/mdn-data-2.27.1.tgz 0ms (cache hit)
3314 http cache bidi-js@https://registry.npmjs.org/bidi-js/-/bidi-js-1.0.3.tgz 0ms (cache hit)
3315 http cache webidl-conversions@https://registry.npmjs.org/webidl-conversions/-/webidl-conversions-8.0.1.tgz 0ms (cache hit)
3316 http cache xml-name-validator@https://registry.npmjs.org/xml-name-validator/-/xml-name-validator-5.0.0.tgz 0ms (cache hit)
3317 http cache whatwg-mimetype@https://registry.npmjs.org/whatwg-mimetype/-/whatwg-mimetype-5.0.0.tgz 0ms (cache hit)
3318 http cache w3c-xmlserializer@https://registry.npmjs.org/w3c-xmlserializer/-/w3c-xmlserializer-5.0.0.tgz 0ms (cache hit)
3319 http cache symbol-tree@https://registry.npmjs.org/symbol-tree/-/symbol-tree-3.2.4.tgz 0ms (cache hit)
3320 http cache saxes@https://registry.npmjs.org/saxes/-/saxes-6.0.0.tgz 0ms (cache hit)
3321 http cache tough-cookie@https://registry.npmjs.org/tough-cookie/-/tough-cookie-6.0.1.tgz 0ms (cache hit)
3322 http cache http-proxy-agent@https://registry.npmjs.org/http-proxy-agent/-/http-proxy-agent-7.0.2.tgz 0ms (cache hit)
3323 http cache html-encoding-sniffer@https://registry.npmjs.org/html-encoding-sniffer/-/html-encoding-sniffer-6.0.0.tgz 0ms (cache hit)
3324 http cache is-potential-custom-element-name@https://registry.npmjs.org/is-potential-custom-element-name/-/is-potential-custom-element-name-1.0.1.tgz 0ms (cache hit)
3325 http cache whatwg-url@https://registry.npmjs.org/whatwg-url/-/whatwg-url-16.0.1.tgz 0ms (cache hit)
3326 http cache @asamuzakjp/dom-selector@https://registry.npmjs.org/@asamuzakjp/dom-selector/-/dom-selector-6.8.1.tgz 0ms (cache hit)
3327 http cache @exodus/bytes@https://registry.npmjs.org/@exodus/bytes/-/bytes-1.15.1.tgz 0ms (cache hit)
3328 http cache data-urls@https://registry.npmjs.org/data-urls/-/data-urls-7.0.0.tgz 0ms (cache hit)
3329 http cache cssstyle@https://registry.npmjs.org/cssstyle/-/cssstyle-6.2.0.tgz 0ms (cache hit)
3330 http cache decimal.js@https://registry.npmjs.org/decimal.js/-/decimal.js-10.6.0.tgz 0ms (cache hit)
3331 http cache @bramus/specificity@https://registry.npmjs.org/@bramus/specificity/-/specificity-2.4.2.tgz 0ms (cache hit)
3332 http cache safer-buffer@https://registry.npmjs.org/safer-buffer/-/safer-buffer-2.1.2.tgz 0ms (cache hit)
3333 http cache @acemir/cssom@https://registry.npmjs.org/@acemir/cssom/-/cssom-0.9.31.tgz 0ms (cache hit)
3334 http cache toidentifier@https://registry.npmjs.org/toidentifier/-/toidentifier-1.0.1.tgz 0ms (cache hit)
3335 http cache istanbul-lib-coverage@https://registry.npmjs.org/istanbul-lib-coverage/-/istanbul-lib-coverage-3.2.2.tgz 0ms (cache hit)
3336 http cache @istanbuljs/schema@https://registry.npmjs.org/@istanbuljs/schema/-/schema-0.1.6.tgz 0ms (cache hit)
3337 http cache setprototypeof@https://registry.npmjs.org/setprototypeof/-/setprototypeof-1.2.0.tgz 0ms (cache hit)
3338 http cache inherits@https://registry.npmjs.org/inherits/-/inherits-2.0.4.tgz 1ms (cache hit)
3339 http cache ip-address@https://registry.npmjs.org/ip-address/-/ip-address-10.2.0.tgz 0ms (cache hit)
3340 http cache agent-base@https://registry.npmjs.org/agent-base/-/agent-base-7.1.4.tgz 0ms (cache hit)
3341 http cache type-is@https://registry.npmjs.org/type-is/-/type-is-2.1.0.tgz 0ms (cache hit)
3342 http cache bytes@https://registry.npmjs.org/bytes/-/bytes-3.1.2.tgz 0ms (cache hit)
3343 http cache statuses@https://registry.npmjs.org/statuses/-/statuses-2.0.2.tgz 0ms (cache hit)
3344 http cache negotiator@https://registry.npmjs.org/negotiator/-/negotiator-1.0.0.tgz 0ms (cache hit)
3345 http cache serve-static@https://registry.npmjs.org/serve-static/-/serve-static-2.2.1.tgz 0ms (cache hit)
3346 http cache send@https://registry.npmjs.org/send/-/send-1.2.1.tgz 0ms (cache hit)
3347 http cache range-parser@https://registry.npmjs.org/range-parser/-/range-parser-1.2.1.tgz 0ms (cache hit)
3348 http cache router@https://registry.npmjs.org/router/-/router-2.2.0.tgz 0ms (cache hit)
3349 http cache proxy-addr@https://registry.npmjs.org/proxy-addr/-/proxy-addr-2.0.7.tgz 0ms (cache hit)
3350 http cache qs@https://registry.npmjs.org/qs/-/qs-6.15.2.tgz 0ms (cache hit)
3351 http cache parseurl@https://registry.npmjs.org/parseurl/-/parseurl-1.3.3.tgz 0ms (cache hit)
3352 http cache once@https://registry.npmjs.org/once/-/once-1.4.0.tgz 0ms (cache hit)
3353 http cache on-finished@https://registry.npmjs.org/on-finished/-/on-finished-2.4.1.tgz 0ms (cache hit)
3354 http cache mime-types@https://registry.npmjs.org/mime-types/-/mime-types-3.0.2.tgz 0ms (cache hit)
3355 http cache merge-descriptors@https://registry.npmjs.org/merge-descriptors/-/merge-descriptors-2.0.0.tgz 0ms (cache hit)
3356 http cache finalhandler@https://registry.npmjs.org/finalhandler/-/finalhandler-2.1.1.tgz 0ms (cache hit)
3357 http cache fresh@https://registry.npmjs.org/fresh/-/fresh-2.0.0.tgz 0ms (cache hit)
3358 http cache escape-html@https://registry.npmjs.org/escape-html/-/escape-html-1.0.3.tgz 0ms (cache hit)
3359 http cache etag@https://registry.npmjs.org/etag/-/etag-1.8.1.tgz 0ms (cache hit)
3360 http cache depd@https://registry.npmjs.org/depd/-/depd-2.0.0.tgz 0ms (cache hit)
3361 http cache encodeurl@https://registry.npmjs.org/encodeurl/-/encodeurl-2.0.0.tgz 0ms (cache hit)
3362 http cache cookie@https://registry.npmjs.org/cookie/-/cookie-0.7.2.tgz 0ms (cache hit)
3363 http cache cookie-signature@https://registry.npmjs.org/cookie-signature/-/cookie-signature-1.2.2.tgz 0ms (cache hit)
3364 http cache content-disposition@https://registry.npmjs.org/content-disposition/-/content-disposition-1.1.0.tgz 0ms (cache hit)
3365 http cache body-parser@https://registry.npmjs.org/body-parser/-/body-parser-2.2.2.tgz 0ms (cache hit)
3366 http cache accepts@https://registry.npmjs.org/accepts/-/accepts-2.0.0.tgz 0ms (cache hit)
3367 http cache entities@https://registry.npmjs.org/entities/-/entities-4.5.0.tgz 0ms (cache hit)
3368 http cache @esbuild/win32-x64@https://registry.npmjs.org/@esbuild/win32-x64/-/win32-x64-0.27.3.tgz 0ms (cache hit)
3369 http cache domelementtype@https://registry.npmjs.org/domelementtype/-/domelementtype-2.3.0.tgz 0ms (cache hit)
3370 http cache ms@https://registry.npmjs.org/ms/-/ms-2.1.3.tgz 0ms (cache hit)
3371 http cache nth-check@https://registry.npmjs.org/nth-check/-/nth-check-2.1.1.tgz 0ms (cache hit)
3372 http cache domutils@https://registry.npmjs.org/domutils/-/domutils-3.2.2.tgz 0ms (cache hit)
3373 http cache which@https://registry.npmjs.org/which/-/which-2.0.2.tgz 0ms (cache hit)
3374 http cache boolbase@https://registry.npmjs.org/boolbase/-/boolbase-1.0.0.tgz 0ms (cache hit)
3375 http cache shebang-command@https://registry.npmjs.org/shebang-command/-/shebang-command-2.0.0.tgz 0ms (cache hit)
3376 http cache path-key@https://registry.npmjs.org/path-key/-/path-key-3.1.1.tgz 0ms (cache hit)
3377 http cache vary@https://registry.npmjs.org/vary/-/vary-1.1.2.tgz 0ms (cache hit)
3378 http cache readdirp@https://registry.npmjs.org/readdirp/-/readdirp-5.0.0.tgz 0ms (cache hit)
3379 http cache object-assign@https://registry.npmjs.org/object-assign/-/object-assign-4.1.1.tgz 0ms (cache hit)
3380 http cache update-browserslist-db@https://registry.npmjs.org/update-browserslist-db/-/update-browserslist-db-1.2.3.tgz 0ms (cache hit)
3381 http cache @kurkle/color@https://registry.npmjs.org/@kurkle/color/-/color-0.3.4.tgz 0ms (cache hit)
3382 http cache electron-to-chromium@https://registry.npmjs.org/electron-to-chromium/-/electron-to-chromium-1.5.360.tgz 0ms (cache hit)
3383 http cache node-releases@https://registry.npmjs.org/node-releases/-/node-releases-2.0.44.tgz 0ms (cache hit)
3384 http cache caniuse-lite@https://registry.npmjs.org/caniuse-lite/-/caniuse-lite-1.0.30001793.tgz 0ms (cache hit)
3385 http cache http-errors@https://registry.npmjs.org/http-errors/-/http-errors-2.0.1.tgz 0ms (cache hit)
3386 http cache baseline-browser-mapping@https://registry.npmjs.org/baseline-browser-mapping/-/baseline-browser-mapping-2.10.31.tgz 0ms (cache hit)
3387 http cache postcss@https://registry.npmjs.org/postcss/-/postcss-8.5.15.tgz 0ms (cache hit)
3388 http cache postcss-media-query-parser@https://registry.npmjs.org/postcss-media-query-parser/-/postcss-media-query-parser-0.2.3.tgz 0ms (cache hit)
3389 http cache htmlparser2@https://registry.npmjs.org/htmlparser2/-/htmlparser2-10.1.0.tgz 0ms (cache hit)
3390 http cache domhandler@https://registry.npmjs.org/domhandler/-/domhandler-5.0.3.tgz 0ms (cache hit)
3391 http cache postcss-safe-parser@https://registry.npmjs.org/postcss-safe-parser/-/postcss-safe-parser-7.0.1.tgz 0ms (cache hit)
3392 http cache css-what@https://registry.npmjs.org/css-what/-/css-what-7.0.0.tgz 0ms (cache hit)
3393 http cache css-select@https://registry.npmjs.org/css-select/-/css-select-6.0.0.tgz 0ms (cache hit)
3394 http cache dom-serializer@https://registry.npmjs.org/dom-serializer/-/dom-serializer-2.0.0.tgz 0ms (cache hit)
3395 http cache @algolia/requester-browser-xhr@https://registry.npmjs.org/@algolia/requester-browser-xhr/-/requester-browser-xhr-5.48.1.tgz 0ms (cache hit)
3396 http cache @algolia/requester-node-http@https://registry.npmjs.org/@algolia/requester-node-http/-/requester-node-http-5.48.1.tgz 0ms (cache hit)
3397 http cache @algolia/requester-fetch@https://registry.npmjs.org/@algolia/requester-fetch/-/requester-fetch-5.48.1.tgz 0ms (cache hit)
3398 http cache @algolia/recommend@https://registry.npmjs.org/@algolia/recommend/-/recommend-5.48.1.tgz 0ms (cache hit)
3399 http cache @algolia/ingestion@https://registry.npmjs.org/@algolia/ingestion/-/ingestion-1.48.1.tgz 0ms (cache hit)
3400 http cache @algolia/client-insights@https://registry.npmjs.org/@algolia/client-insights/-/client-insights-5.48.1.tgz 0ms (cache hit)
3401 http cache @algolia/client-personalization@https://registry.npmjs.org/@algolia/client-personalization/-/client-personalization-5.48.1.tgz 0ms (cache hit)
3402 http cache @algolia/client-search@https://registry.npmjs.org/@algolia/client-search/-/client-search-5.48.1.tgz 0ms (cache hit)
3403 http cache @algolia/client-query-suggestions@https://registry.npmjs.org/@algolia/client-query-suggestions/-/client-query-suggestions-5.48.1.tgz 0ms (cache hit)
3404 http cache @algolia/client-analytics@https://registry.npmjs.org/@algolia/client-analytics/-/client-analytics-5.48.1.tgz 0ms (cache hit)
3405 http cache require-from-string@https://registry.npmjs.org/require-from-string/-/require-from-string-2.0.2.tgz 0ms (cache hit)
3406 http cache @algolia/client-abtesting@https://registry.npmjs.org/@algolia/client-abtesting/-/client-abtesting-5.48.1.tgz 0ms (cache hit)
3407 http cache @algolia/client-common@https://registry.npmjs.org/@algolia/client-common/-/client-common-5.48.1.tgz 1ms (cache hit)
3408 http cache @algolia/abtesting@https://registry.npmjs.org/@algolia/abtesting/-/abtesting-1.14.1.tgz 0ms (cache hit)
3409 http cache json-schema-traverse@https://registry.npmjs.org/json-schema-traverse/-/json-schema-traverse-1.0.0.tgz 0ms (cache hit)
3410 http cache @algolia/monitoring@https://registry.npmjs.org/@algolia/monitoring/-/monitoring-1.48.1.tgz 0ms (cache hit)
3411 http cache fast-deep-equal@https://registry.npmjs.org/fast-deep-equal/-/fast-deep-equal-3.1.3.tgz 0ms (cache hit)
3412 http cache fast-uri@https://registry.npmjs.org/fast-uri/-/fast-uri-3.1.2.tgz 0ms (cache hit)
3413 http cache zod-to-json-schema@https://registry.npmjs.org/zod-to-json-schema/-/zod-to-json-schema-3.25.2.tgz 0ms (cache hit)
3414 http cache raw-body@https://registry.npmjs.org/raw-body/-/raw-body-3.0.2.tgz 0ms (cache hit)
3415 http cache json-schema-typed@https://registry.npmjs.org/json-schema-typed/-/json-schema-typed-8.0.2.tgz 0ms (cache hit)
3416 http cache jose@https://registry.npmjs.org/jose/-/jose-6.2.3.tgz 0ms (cache hit)
3417 http cache express@https://registry.npmjs.org/express/-/express-5.2.1.tgz 0ms (cache hit)
3418 http cache express-rate-limit@https://registry.npmjs.org/express-rate-limit/-/express-rate-limit-8.5.2.tgz 0ms (cache hit)
3419 http cache pkce-challenge@https://registry.npmjs.org/pkce-challenge/-/pkce-challenge-5.0.1.tgz 0ms (cache hit)
3420 http cache eventsource@https://registry.npmjs.org/eventsource/-/eventsource-3.0.7.tgz 0ms (cache hit)
3421 http cache cross-spawn@https://registry.npmjs.org/cross-spawn/-/cross-spawn-7.0.6.tgz 0ms (cache hit)
3422 http cache eventsource-parser@https://registry.npmjs.org/eventsource-parser/-/eventsource-parser-3.0.8.tgz 0ms (cache hit)
3423 http cache hono@https://registry.npmjs.org/hono/-/hono-4.12.21.tgz 0ms (cache hit)
3424 http cache @jridgewell/resolve-uri@https://registry.npmjs.org/@jridgewell/resolve-uri/-/resolve-uri-3.1.2.tgz 0ms (cache hit)
3425 http cache cors@https://registry.npmjs.org/cors/-/cors-2.8.6.tgz 0ms (cache hit)
3426 http cache @inquirer/external-editor@https://registry.npmjs.org/@inquirer/external-editor/-/external-editor-1.0.3.tgz 0ms (cache hit)
3427 http cache @hono/node-server@https://registry.npmjs.org/@hono/node-server/-/node-server-1.19.14.tgz 0ms (cache hit)
3428 http cache iconv-lite@https://registry.npmjs.org/iconv-lite/-/iconv-lite-0.7.2.tgz 0ms (cache hit)
3429 http cache content-type@https://registry.npmjs.org/content-type/-/content-type-1.0.5.tgz 0ms (cache hit)
3430 http cache @inquirer/password@https://registry.npmjs.org/@inquirer/password/-/password-4.0.23.tgz 0ms (cache hit)
3431 http cache chardet@https://registry.npmjs.org/chardet/-/chardet-2.1.1.tgz 0ms (cache hit)
3432 http cache @inquirer/search@https://registry.npmjs.org/@inquirer/search/-/search-3.2.2.tgz 0ms (cache hit)
3433 http cache @inquirer/select@https://registry.npmjs.org/@inquirer/select/-/select-4.4.2.tgz 0ms (cache hit)
3434 http cache wrap-ansi@https://registry.npmjs.org/wrap-ansi/-/wrap-ansi-6.2.0.tgz 0ms (cache hit)
3435 http cache @inquirer/rawlist@https://registry.npmjs.org/@inquirer/rawlist/-/rawlist-4.1.11.tgz 0ms (cache hit)
3436 http cache @inquirer/editor@https://registry.npmjs.org/@inquirer/editor/-/editor-4.2.23.tgz 0ms (cache hit)
3437 http cache @inquirer/number@https://registry.npmjs.org/@inquirer/number/-/number-3.0.23.tgz 0ms (cache hit)
3438 http cache @inquirer/input@https://registry.npmjs.org/@inquirer/input/-/input-4.3.1.tgz 0ms (cache hit)
3439 http cache @inquirer/expand@https://registry.npmjs.org/@inquirer/expand/-/expand-4.0.23.tgz 0ms (cache hit)
3440 http cache @inquirer/checkbox@https://registry.npmjs.org/@inquirer/checkbox/-/checkbox-4.3.2.tgz 0ms (cache hit)
3441 http cache mute-stream@https://registry.npmjs.org/mute-stream/-/mute-stream-2.0.0.tgz 0ms (cache hit)
3442 http cache yoctocolors-cjs@https://registry.npmjs.org/yoctocolors-cjs/-/yoctocolors-cjs-2.1.3.tgz 0ms (cache hit)
3443 http cache @inquirer/ansi@https://registry.npmjs.org/@inquirer/ansi/-/ansi-1.0.2.tgz 0ms (cache hit)
3444 http cache signal-exit@https://registry.npmjs.org/signal-exit/-/signal-exit-4.1.0.tgz 0ms (cache hit)
3445 http cache cli-width@https://registry.npmjs.org/cli-width/-/cli-width-4.1.0.tgz 0ms (cache hit)
3446 http cache @inquirer/figures@https://registry.npmjs.org/@inquirer/figures/-/figures-1.0.15.tgz 0ms (cache hit)
3447 http cache @inquirer/core@https://registry.npmjs.org/@inquirer/core/-/core-10.3.2.tgz 0ms (cache hit)
3448 http cache lru-cache@https://registry.npmjs.org/lru-cache/-/lru-cache-5.1.1.tgz 0ms (cache hit)
3449 http cache @babel/helper-globals@https://registry.npmjs.org/@babel/helper-globals/-/helper-globals-7.28.0.tgz 0ms (cache hit)
3450 http cache @babel/helper-module-imports@https://registry.npmjs.org/@babel/helper-module-imports/-/helper-module-imports-7.28.6.tgz 0ms (cache hit)
3451 http cache @babel/helper-validator-option@https://registry.npmjs.org/@babel/helper-validator-option/-/helper-validator-option-7.27.1.tgz 0ms (cache hit)
3452 http cache @babel/helper-string-parser@https://registry.npmjs.org/@babel/helper-string-parser/-/helper-string-parser-7.27.1.tgz 0ms (cache hit)
3453 http cache jsesc@https://registry.npmjs.org/jsesc/-/jsesc-3.1.0.tgz 0ms (cache hit)
3454 http cache picocolors@https://registry.npmjs.org/picocolors/-/picocolors-1.1.1.tgz 0ms (cache hit)
3455 http cache @babel/compat-data@https://registry.npmjs.org/@babel/compat-data/-/compat-data-7.29.3.tgz 0ms (cache hit)
3456 http cache js-tokens@https://registry.npmjs.org/js-tokens/-/js-tokens-4.0.0.tgz 0ms (cache hit)
3457 http cache @jridgewell/remapping@https://registry.npmjs.org/@jridgewell/remapping/-/remapping-2.3.5.tgz 0ms (cache hit)
3458 http cache @babel/helper-validator-identifier@https://registry.npmjs.org/@babel/helper-validator-identifier/-/helper-validator-identifier-7.28.5.tgz 0ms (cache hit)
3459 http cache gensync@https://registry.npmjs.org/gensync/-/gensync-1.0.0-beta.2.tgz 0ms (cache hit)
3460 http cache json5@https://registry.npmjs.org/json5/-/json5-2.2.3.tgz 0ms (cache hit)
3461 http cache @babel/types@https://registry.npmjs.org/@babel/types/-/types-7.29.0.tgz 0ms (cache hit)
3462 http cache debug@https://registry.npmjs.org/debug/-/debug-4.4.3.tgz 0ms (cache hit)
3463 http cache @babel/traverse@https://registry.npmjs.org/@babel/traverse/-/traverse-7.29.0.tgz 0ms (cache hit)
3464 http cache @babel/helpers@https://registry.npmjs.org/@babel/helpers/-/helpers-7.29.2.tgz 0ms (cache hit)
3465 http cache @babel/parser@https://registry.npmjs.org/@babel/parser/-/parser-7.29.3.tgz 0ms (cache hit)
3466 http cache @babel/template@https://registry.npmjs.org/@babel/template/-/template-7.28.6.tgz 0ms (cache hit)
3467 http cache @babel/helper-module-transforms@https://registry.npmjs.org/@babel/helper-module-transforms/-/helper-module-transforms-7.28.6.tgz 0ms (cache hit)
3468 http cache @babel/helper-compilation-targets@https://registry.npmjs.org/@babel/helper-compilation-targets/-/helper-compilation-targets-7.28.6.tgz 0ms (cache hit)
3469 http cache @babel/code-frame@https://registry.npmjs.org/@babel/code-frame/-/code-frame-7.29.0.tgz 0ms (cache hit)
3470 http cache convert-source-map@https://registry.npmjs.org/convert-source-map/-/convert-source-map-1.9.0.tgz 0ms (cache hit)
3471 http cache @babel/generator@https://registry.npmjs.org/@babel/generator/-/generator-7.29.1.tgz 0ms (cache hit)
3472 http cache reflect-metadata@https://registry.npmjs.org/reflect-metadata/-/reflect-metadata-0.2.2.tgz 0ms (cache hit)
3473 http cache @jridgewell/sourcemap-codec@https://registry.npmjs.org/@jridgewell/sourcemap-codec/-/sourcemap-codec-1.5.5.tgz 0ms (cache hit)
3474 http cache ora@https://registry.npmjs.org/ora/-/ora-9.3.0.tgz 0ms (cache hit)
3475 http cache @standard-schema/spec@https://registry.npmjs.org/@standard-schema/spec/-/spec-1.1.0.tgz 0ms (cache hit)
3476 http cache chokidar@https://registry.npmjs.org/chokidar/-/chokidar-5.0.0.tgz 0ms (cache hit)
3477 http cache zod@https://registry.npmjs.org/zod/-/zod-4.3.6.tgz 0ms (cache hit)
3478 http cache npm-package-arg@https://registry.npmjs.org/npm-package-arg/-/npm-package-arg-13.0.2.tgz 0ms (cache hit)
3479 http cache ini@https://registry.npmjs.org/ini/-/ini-6.0.0.tgz 0ms (cache hit)
3480 http cache yargs@https://registry.npmjs.org/yargs/-/yargs-18.0.0.tgz 0ms (cache hit)
3481 http cache pacote@https://registry.npmjs.org/pacote/-/pacote-21.3.1.tgz 0ms (cache hit)
3482 http cache @yarnpkg/lockfile@https://registry.npmjs.org/@yarnpkg/lockfile/-/lockfile-1.1.0.tgz 0ms (cache hit)
3483 http cache @inquirer/prompts@https://registry.npmjs.org/@inquirer/prompts/-/prompts-7.10.1.tgz 0ms (cache hit)
3484 http cache algoliasearch@https://registry.npmjs.org/algoliasearch/-/algoliasearch-5.48.1.tgz 0ms (cache hit)
3485 http cache @inquirer/type@https://registry.npmjs.org/@inquirer/type/-/type-3.0.10.tgz 0ms (cache hit)
3486 http cache @schematics/angular@https://registry.npmjs.org/@schematics/angular/-/angular-21.2.11.tgz 0ms (cache hit)
3487 http cache parse5@https://registry.npmjs.org/parse5/-/parse5-8.0.1.tgz 0ms (cache hit)
3488 http cache @angular-devkit/schematics@https://registry.npmjs.org/@angular-devkit/schematics/-/schematics-21.2.11.tgz 0ms (cache hit)
3489 http cache @jridgewell/trace-mapping@https://registry.npmjs.org/@jridgewell/trace-mapping/-/trace-mapping-0.3.31.tgz 0ms (cache hit)
3490 http cache @listr2/prompt-adapter-inquirer@https://registry.npmjs.org/@listr2/prompt-adapter-inquirer/-/prompt-adapter-inquirer-3.0.5.tgz 0ms (cache hit)
3491 http cache source-map@https://registry.npmjs.org/source-map/-/source-map-0.7.6.tgz 0ms (cache hit)
3492 http cache ajv-formats@https://registry.npmjs.org/ajv-formats/-/ajv-formats-3.0.1.tgz 0ms (cache hit)
3493 http cache @angular-devkit/core@https://registry.npmjs.org/@angular-devkit/core/-/core-21.2.11.tgz 0ms (cache hit)
3494 http cache @modelcontextprotocol/sdk@https://registry.npmjs.org/@modelcontextprotocol/sdk/-/sdk-1.26.0.tgz 0ms (cache hit)
3495 http cache ajv@https://registry.npmjs.org/ajv/-/ajv-8.18.0.tgz 0ms (cache hit)
3496 http cache watchpack@https://registry.npmjs.org/watchpack/-/watchpack-2.5.1.tgz 0ms (cache hit)
3497 http cache tinyglobby@https://registry.npmjs.org/tinyglobby/-/tinyglobby-0.2.15.tgz 0ms (cache hit)
3498 http cache @jridgewell/gen-mapping@https://registry.npmjs.org/@jridgewell/gen-mapping/-/gen-mapping-0.3.13.tgz 0ms (cache hit)
3499 http cache undici@https://registry.npmjs.org/undici/-/undici-7.24.4.tgz 0ms (cache hit)
3500 http cache source-map-support@https://registry.npmjs.org/source-map-support/-/source-map-support-0.5.21.tgz 0ms (cache hit)
3501 http cache semver@https://registry.npmjs.org/semver/-/semver-7.7.4.tgz 0ms (cache hit)
3502 http cache rolldown@https://registry.npmjs.org/rolldown/-/rolldown-1.0.0-rc.4.tgz 0ms (cache hit)
3503 http cache sass@https://registry.npmjs.org/sass/-/sass-1.97.3.tgz 0ms (cache hit)
3504 http cache piscina@https://registry.npmjs.org/piscina/-/piscina-5.1.4.tgz 0ms (cache hit)
3505 http cache picomatch@https://registry.npmjs.org/picomatch/-/picomatch-4.0.4.tgz 0ms (cache hit)
3506 http cache mrmime@https://registry.npmjs.org/mrmime/-/mrmime-2.0.1.tgz 0ms (cache hit)
3507 http cache magic-string@https://registry.npmjs.org/magic-string/-/magic-string-0.30.21.tgz 0ms (cache hit)
3508 http cache parse5-html-rewriting-stream@https://registry.npmjs.org/parse5-html-rewriting-stream/-/parse5-html-rewriting-stream-8.0.0.tgz 0ms (cache hit)
3509 http cache listr2@https://registry.npmjs.org/listr2/-/listr2-9.0.5.tgz 0ms (cache hit)
3510 http cache lmdb@https://registry.npmjs.org/lmdb/-/lmdb-3.5.1.tgz 0ms (cache hit)
3511 http cache jsonc-parser@https://registry.npmjs.org/jsonc-parser/-/jsonc-parser-3.3.1.tgz 0ms (cache hit)
3512 http cache istanbul-lib-instrument@https://registry.npmjs.org/istanbul-lib-instrument/-/istanbul-lib-instrument-6.0.3.tgz 0ms (cache hit)
3513 http cache esbuild@https://registry.npmjs.org/esbuild/-/esbuild-0.27.3.tgz 0ms (cache hit)
3514 http cache https-proxy-agent@https://registry.npmjs.org/https-proxy-agent/-/https-proxy-agent-7.0.6.tgz 0ms (cache hit)
3515 http cache beasties@https://registry.npmjs.org/beasties/-/beasties-0.4.1.tgz 0ms (cache hit)
3516 http cache browserslist@https://registry.npmjs.org/browserslist/-/browserslist-4.28.2.tgz 0ms (cache hit)
3517 http cache @babel/helper-annotate-as-pure@https://registry.npmjs.org/@babel/helper-annotate-as-pure/-/helper-annotate-as-pure-7.27.3.tgz 0ms (cache hit)
3518 http cache vite@https://registry.npmjs.org/vite/-/vite-7.3.2.tgz 0ms (cache hit)
3519 http cache @inquirer/confirm@https://registry.npmjs.org/@inquirer/confirm/-/confirm-5.1.21.tgz 0ms (cache hit)
3520 http cache @angular-devkit/architect@https://registry.npmjs.org/@angular-devkit/architect/-/architect-0.2102.11.tgz 0ms (cache hit)
3521 http cache @babel/core@https://registry.npmjs.org/@babel/core/-/core-7.29.0.tgz 0ms (cache hit)
3522 http cache @babel/helper-split-export-declaration@https://registry.npmjs.org/@babel/helper-split-export-declaration/-/helper-split-export-declaration-7.24.7.tgz 0ms (cache hit)
3523 http cache @vitejs/plugin-basic-ssl@https://registry.npmjs.org/@vitejs/plugin-basic-ssl/-/plugin-basic-ssl-2.1.4.tgz 0ms (cache hit)
3524 http cache @angular/cdk@https://registry.npmjs.org/@angular/cdk/-/cdk-21.2.11.tgz 0ms (cache hit)
3525 http cache @ampproject/remapping@https://registry.npmjs.org/@ampproject/remapping/-/remapping-2.3.0.tgz 0ms (cache hit)
3526 http cache @angular/router@https://registry.npmjs.org/@angular/router/-/router-21.2.13.tgz 0ms (cache hit)
3527 http cache vitest@https://registry.npmjs.org/vitest/-/vitest-4.1.7.tgz 0ms (cache hit)
3528 http cache prettier@https://registry.npmjs.org/prettier/-/prettier-3.8.3.tgz 0ms (cache hit)
3529 http cache jsdom@https://registry.npmjs.org/jsdom/-/jsdom-28.1.0.tgz 0ms (cache hit)
3530 http cache ng2-charts@https://registry.npmjs.org/ng2-charts/-/ng2-charts-10.0.0.tgz 0ms (cache hit)
3531 http cache @angular/core@https://registry.npmjs.org/@angular/core/-/core-21.2.13.tgz 0ms (cache hit)
3532 http cache chart.js@https://registry.npmjs.org/chart.js/-/chart.js-4.5.1.tgz 0ms (cache hit)
3533 http cache @angular/forms@https://registry.npmjs.org/@angular/forms/-/forms-21.2.13.tgz 0ms (cache hit)
3534 http cache @angular/cli@https://registry.npmjs.org/@angular/cli/-/cli-21.2.11.tgz 0ms (cache hit)
3535 http cache @angular/platform-browser@https://registry.npmjs.org/@angular/platform-browser/-/platform-browser-21.2.13.tgz 0ms (cache hit)
3536 http cache rxjs@https://registry.npmjs.org/rxjs/-/rxjs-7.8.2.tgz 0ms (cache hit)
3537 http cache @angular/common@https://registry.npmjs.org/@angular/common/-/common-21.2.13.tgz 0ms (cache hit)
3538 http cache typescript@https://registry.npmjs.org/typescript/-/typescript-5.9.3.tgz 0ms (cache hit)
3539 http cache @angular/compiler-cli@https://registry.npmjs.org/@angular/compiler-cli/-/compiler-cli-21.2.13.tgz 0ms (cache hit)
3540 http cache @angular/compiler@https://registry.npmjs.org/@angular/compiler/-/compiler-21.2.13.tgz 0ms (cache hit)
3541 http cache @angular/build@https://registry.npmjs.org/@angular/build/-/build-21.2.11.tgz 0ms (cache hit)
3542 http cache string-width@https://registry.npmjs.org/string-width/-/string-width-7.2.0.tgz 0ms (cache hit)
3543 http cache wrap-ansi@https://registry.npmjs.org/wrap-ansi/-/wrap-ansi-9.0.2.tgz 0ms (cache hit)
3544 http cache tslib@https://registry.npmjs.org/tslib/-/tslib-2.8.1.tgz 0ms (cache hit)
3545 http cache yallist@https://registry.npmjs.org/yallist/-/yallist-4.0.0.tgz 0ms (cache hit)
3546 http cache node-addon-api@https://registry.npmjs.org/node-addon-api/-/node-addon-api-7.1.1.tgz 0ms (cache hit)
3547 http cache lru-cache@https://registry.npmjs.org/lru-cache/-/lru-cache-11.5.0.tgz 0ms (cache hit)
3548 http cache minipass@https://registry.npmjs.org/minipass/-/minipass-3.3.6.tgz 0ms (cache hit)
3549 http cache convert-source-map@https://registry.npmjs.org/convert-source-map/-/convert-source-map-2.0.0.tgz 0ms (cache hit)
3550 http cache yallist@https://registry.npmjs.org/yallist/-/yallist-4.0.0.tgz 0ms (cache hit)
3551 http cache minipass@https://registry.npmjs.org/minipass/-/minipass-3.3.6.tgz 0ms (cache hit)
3552 http cache which@https://registry.npmjs.org/which/-/which-6.0.1.tgz 0ms (cache hit)
3553 http cache isexe@https://registry.npmjs.org/isexe/-/isexe-4.0.0.tgz 0ms (cache hit)
3554 http cache lru-cache@https://registry.npmjs.org/lru-cache/-/lru-cache-11.5.0.tgz 0ms (cache hit)
3555 http cache undici@https://registry.npmjs.org/undici/-/undici-6.25.0.tgz 0ms (cache hit)
3556 http cache yallist@https://registry.npmjs.org/yallist/-/yallist-5.0.0.tgz 0ms (cache hit)
3557 http cache isexe@https://registry.npmjs.org/isexe/-/isexe-4.0.0.tgz 0ms (cache hit)
3558 http cache which@https://registry.npmjs.org/which/-/which-6.0.1.tgz 0ms (cache hit)
3559 http cache lru-cache@https://registry.npmjs.org/lru-cache/-/lru-cache-11.5.0.tgz 0ms (cache hit)
3560 http cache which@https://registry.npmjs.org/which/-/which-6.0.1.tgz 0ms (cache hit)
3561 http cache string-width@https://registry.npmjs.org/string-width/-/string-width-7.2.0.tgz 0ms (cache hit)
3562 http cache isexe@https://registry.npmjs.org/isexe/-/isexe-4.0.0.tgz 0ms (cache hit)
3563 http cache wrap-ansi@https://registry.npmjs.org/wrap-ansi/-/wrap-ansi-9.0.2.tgz 0ms (cache hit)
3564 http cache slice-ansi@https://registry.npmjs.org/slice-ansi/-/slice-ansi-7.1.2.tgz 0ms (cache hit)
3565 http cache lru-cache@https://registry.npmjs.org/lru-cache/-/lru-cache-11.5.0.tgz 0ms (cache hit)
3566 http cache lru-cache@https://registry.npmjs.org/lru-cache/-/lru-cache-11.5.0.tgz 0ms (cache hit)
3567 http cache lru-cache@https://registry.npmjs.org/lru-cache/-/lru-cache-11.5.0.tgz 0ms (cache hit)
3568 http cache ansi-regex@https://registry.npmjs.org/ansi-regex/-/ansi-regex-5.0.1.tgz 0ms (cache hit)
3569 http cache emoji-regex@https://registry.npmjs.org/emoji-regex/-/emoji-regex-8.0.0.tgz 0ms (cache hit)
3570 http cache entities@https://registry.npmjs.org/entities/-/entities-7.0.1.tgz 0ms (cache hit)
3571 http cache is-fullwidth-code-point@https://registry.npmjs.org/is-fullwidth-code-point/-/is-fullwidth-code-point-3.0.0.tgz 0ms (cache hit)
3572 http cache string-width@https://registry.npmjs.org/string-width/-/string-width-4.2.3.tgz 0ms (cache hit)
3573 http cache strip-ansi@https://registry.npmjs.org/strip-ansi/-/strip-ansi-6.0.1.tgz 0ms (cache hit)
3574 http cache ansi-styles@https://registry.npmjs.org/ansi-styles/-/ansi-styles-4.3.0.tgz 0ms (cache hit)
3575 http cache lru-cache@https://registry.npmjs.org/lru-cache/-/lru-cache-11.5.0.tgz 0ms (cache hit)
3576 http cache content-type@https://registry.npmjs.org/content-type/-/content-type-2.0.0.tgz 0ms (cache hit)
3577 http cache semver@https://registry.npmjs.org/semver/-/semver-6.3.1.tgz 0ms (cache hit)
3578 http cache source-map@https://registry.npmjs.org/source-map/-/source-map-0.6.1.tgz 0ms (cache hit)
3579 http cache entities@https://registry.npmjs.org/entities/-/entities-8.0.0.tgz 0ms (cache hit)
3580 http cache string-width@https://registry.npmjs.org/string-width/-/string-width-7.2.0.tgz 0ms (cache hit)
3581 http cache entities@https://registry.npmjs.org/entities/-/entities-6.0.1.tgz 0ms (cache hit)
3582 http cache chokidar@https://registry.npmjs.org/chokidar/-/chokidar-4.0.3.tgz 0ms (cache hit)
3583 http cache readdirp@https://registry.npmjs.org/readdirp/-/readdirp-4.1.2.tgz 0ms (cache hit)
3584 http cache string-width@https://registry.npmjs.org/string-width/-/string-width-7.2.0.tgz 0ms (cache hit)
3585 http cache wrap-ansi@https://registry.npmjs.org/wrap-ansi/-/wrap-ansi-9.0.2.tgz 0ms (cache hit)
3586 http cache convert-source-map@https://registry.npmjs.org/convert-source-map/-/convert-source-map-2.0.0.tgz 1ms (cache hit)
3587 http cache semver@https://registry.npmjs.org/semver/-/semver-6.3.1.tgz 0ms (cache hit)
3588 silly tarball no local data for @rolldown/binding-win32-x64-msvc@https://registry.npmjs.org/@rolldown/binding-win32-x64-msvc/-/binding-win32-x64-msvc-1.0.0-rc.4.tgz. Extracting by manifest.
3589 silly tarball no local data for @esbuild/win32-x64@https://registry.npmjs.org/@esbuild/win32-x64/-/win32-x64-0.27.3.tgz. Extracting by manifest.
3590 silly tarball no local data for chart.js@https://registry.npmjs.org/chart.js/-/chart.js-4.5.1.tgz. Extracting by manifest.
3591 silly tarball no local data for rxjs@https://registry.npmjs.org/rxjs/-/rxjs-7.8.2.tgz. Extracting by manifest.
3592 silly tarball no local data for @angular/common@https://registry.npmjs.org/@angular/common/-/common-21.2.13.tgz. Extracting by manifest.
3593 silly tarball no local data for typescript@https://registry.npmjs.org/typescript/-/typescript-5.9.3.tgz. Extracting by manifest.
3594 silly tarball no local data for @angular/compiler-cli@https://registry.npmjs.org/@angular/compiler-cli/-/compiler-cli-21.2.13.tgz. Extracting by manifest.
3595 silly tarball no local data for @angular/compiler@https://registry.npmjs.org/@angular/compiler/-/compiler-21.2.13.tgz. Extracting by manifest.
3596 silly tarball no local data for entities@https://registry.npmjs.org/entities/-/entities-7.0.1.tgz. Extracting by manifest.
3597 http fetch POST 200 https://registry.npmjs.org/-/npm/v1/security/advisories/bulk 3192ms
3598 silly audit report {}
3599 http fetch GET 200 https://registry.npmjs.org/@angular/compiler/-/compiler-21.2.13.tgz 7048ms (cache miss)
3600 http fetch GET 200 https://registry.npmjs.org/entities/-/entities-7.0.1.tgz 8099ms (cache miss)
3601 http fetch GET 200 https://registry.npmjs.org/chart.js/-/chart.js-4.5.1.tgz 8709ms (cache miss)
3602 http fetch GET 200 https://registry.npmjs.org/@angular/compiler-cli/-/compiler-cli-21.2.13.tgz 11708ms (cache miss)
3603 http fetch GET 200 https://registry.npmjs.org/typescript/-/typescript-5.9.3.tgz 19306ms (cache miss)
3604 http fetch GET 200 https://registry.npmjs.org/rxjs/-/rxjs-7.8.2.tgz 19429ms (cache miss)
3605 http fetch GET 200 https://registry.npmjs.org/@angular/common/-/common-21.2.13.tgz 24432ms (cache miss)
3606 http fetch GET 200 https://registry.npmjs.org/@esbuild/win32-x64/-/win32-x64-0.27.3.tgz 25963ms (cache miss)
3607 http fetch GET 200 https://registry.npmjs.org/@rolldown/binding-win32-x64-msvc/-/binding-win32-x64-msvc-1.0.0-rc.4.tgz 30293ms (cache miss)
3608 info run @parcel/watcher@2.5.6 install node_modules/@parcel/watcher node scripts/build-from-source.js
3609 info run lmdb@3.5.1 install node_modules/lmdb node-gyp-build-optional-packages
3610 info run msgpackr-extract@3.0.3 install node_modules/msgpackr-extract node-gyp-build-optional-packages
3611 info run @parcel/watcher@2.5.6 install { code: 0, signal: null }
3612 info run lmdb@3.5.1 install { code: 0, signal: null }
3613 info run msgpackr-extract@3.0.3 install { code: 0, signal: null }
3614 info run esbuild@0.27.3 postinstall node_modules/esbuild node install.js
3615 info run esbuild@0.27.3 postinstall { code: 0, signal: null }
3616 silly ADD node_modules/color-name
3617 silly ADD node_modules/color-convert
3618 silly ADD node_modules/emoji-regex
3619 silly ADD node_modules/yargs-parser
3620 silly ADD node_modules/y18n
3621 silly ADD node_modules/get-caller-file
3622 silly ADD node_modules/cliui
3623 silly ADD node_modules/cliui/node_modules/wrap-ansi
3624 silly ADD node_modules/cliui/node_modules/string-width
3625 silly ADD node_modules/stackback
3626 silly ADD node_modules/siginfo
3627 silly ADD node_modules/isexe
3628 silly ADD node_modules/punycode
3629 silly ADD node_modules/tr46
3630 silly ADD node_modules/glob-to-regexp
3631 silly ADD node_modules/estree-walker
3632 silly ADD node_modules/assertion-error
3633 silly ADD node_modules/@types/deep-eql
3634 silly ADD node_modules/chai
3635 silly ADD node_modules/@types/chai
3636 silly ADD node_modules/why-is-node-running
3637 silly ADD node_modules/tinyrainbow
3638 silly ADD node_modules/tinyexec
3639 silly ADD node_modules/tinybench
3640 silly ADD node_modules/std-env
3641 silly ADD node_modules/pathe
3642 silly ADD node_modules/obug
3643 silly ADD node_modules/expect-type
3644 silly ADD node_modules/es-module-lexer
3645 silly ADD node_modules/@vitest/utils
3646 silly ADD node_modules/@vitest/utils/node_modules/convert-source-map
3647 silly ADD node_modules/@vitest/spy
3648 silly ADD node_modules/@vitest/snapshot
3649 silly ADD node_modules/@vitest/runner
3650 silly ADD node_modules/@vitest/pretty-format
3651 silly ADD node_modules/@vitest/mocker
3652 silly ADD node_modules/@vitest/expect
3653 silly ADD node_modules/@types/estree
3654 silly ADD node_modules/@rollup/rollup-win32-x64-msvc
3655 silly ADD node_modules/@rollup/rollup-win32-x64-gnu
3656 silly ADD node_modules/rollup
3657 silly ADD node_modules/escalade
3658 silly ADD node_modules/media-typer
3659 silly ADD node_modules/@tufjs/canonical-json
3660 silly ADD node_modules/@tufjs/models
3661 silly ADD node_modules/tldts-core
3662 silly ADD node_modules/tldts
3663 silly ADD node_modules/fdir
3664 silly ADD node_modules/chownr
3665 silly ADD node_modules/@isaacs/fs-minipass
3666 silly ADD node_modules/ansi-regex
3667 silly ADD node_modules/spdx-license-ids
3668 silly ADD node_modules/spdx-exceptions
3669 silly ADD node_modules/buffer-from
3670 silly ADD node_modules/smart-buffer
3671 silly ADD node_modules/socks
3672 silly ADD node_modules/get-east-asian-width
3673 silly ADD node_modules/is-fullwidth-code-point
3674 silly ADD node_modules/ansi-styles
3675 silly ADD node_modules/tuf-js
3676 silly ADD node_modules/@sigstore/verify
3677 silly ADD node_modules/@sigstore/tuf
3678 silly ADD node_modules/@sigstore/sign
3679 silly ADD node_modules/@sigstore/protobuf-specs
3680 silly ADD node_modules/@sigstore/core
3681 silly ADD node_modules/@sigstore/bundle
3682 silly ADD node_modules/dunder-proto
3683 silly ADD node_modules/math-intrinsics
3684 silly ADD node_modules/hasown
3685 silly ADD node_modules/has-symbols
3686 silly ADD node_modules/gopd
3687 silly ADD node_modules/get-proto
3688 silly ADD node_modules/es-object-atoms
3689 silly ADD node_modules/es-define-property
3690 silly ADD node_modules/function-bind
3691 silly ADD node_modules/call-bind-apply-helpers
3692 silly ADD node_modules/get-intrinsic
3693 silly ADD node_modules/call-bound
3694 silly ADD node_modules/side-channel-weakmap
3695 silly ADD node_modules/side-channel-map
3696 silly ADD node_modules/side-channel-list
3697 silly ADD node_modules/object-inspect
3698 silly ADD node_modules/es-errors
3699 silly ADD node_modules/shebang-regex
3700 silly ADD node_modules/xmlchars
3701 silly ADD node_modules/is-extglob
3702 silly ADD node_modules/is-glob
3703 silly ADD node_modules/@parcel/watcher-win32-x64
3704 silly ADD node_modules/immutable
3705 silly ADD node_modules/@parcel/watcher
3706 silly ADD node_modules/@parcel/watcher/node_modules/node-addon-api
3707 silly ADD node_modules/path-to-regexp
3708 silly ADD node_modules/is-promise
3709 silly ADD node_modules/@rolldown/pluginutils
3710 silly ADD node_modules/@rolldown/binding-win32-x64-msvc
3711 silly ADD node_modules/@oxc-project/types
3712 silly ADD node_modules/mimic-function
3713 silly ADD node_modules/onetime
3714 silly ADD node_modules/unpipe
3715 silly ADD node_modules/side-channel
3716 silly ADD node_modules/ipaddr.js
3717 silly ADD node_modules/forwarded
3718 silly ADD node_modules/retry
3719 silly ADD node_modules/err-code
3720 silly ADD node_modules/nanoid
3721 silly ADD node_modules/@napi-rs/nice-win32-x64-msvc
3722 silly ADD node_modules/@napi-rs/nice
3723 silly ADD node_modules/parse5-sax-parser
3724 silly ADD node_modules/minipass-sized
3725 silly ADD node_modules/socks-proxy-agent
3726 silly ADD node_modules/http-cache-semantics
3727 silly ADD node_modules/@npmcli/agent
3728 silly ADD node_modules/@npmcli/agent/node_modules/lru-cache
3729 silly ADD node_modules/minizlib
3730 silly ADD node_modules/minipass-fetch
3731 silly ADD node_modules/make-fetch-happen
3732 silly ADD node_modules/jsonparse
3733 silly ADD node_modules/@npmcli/redact
3734 silly ADD node_modules/npm-install-checks
3735 silly ADD node_modules/ignore-walk
3736 silly ADD node_modules/abbrev
3737 silly ADD node_modules/nopt
3738 silly ADD node_modules/graceful-fs
3739 silly ADD node_modules/exponential-backoff
3740 silly ADD node_modules/env-paths
3741 silly ADD node_modules/balanced-match
3742 silly ADD node_modules/brace-expansion
3743 silly ADD node_modules/path-scurry
3744 silly ADD node_modules/path-scurry/node_modules/lru-cache
3745 silly ADD node_modules/minimatch
3746 silly ADD node_modules/p-map
3747 silly ADD node_modules/minipass-pipeline
3748 silly ADD node_modules/minipass-pipeline/node_modules/yallist
3749 silly ADD node_modules/minipass-pipeline/node_modules/minipass
3750 silly ADD node_modules/minipass-flush
3751 silly ADD node_modules/minipass-flush/node_modules/yallist
3752 silly ADD node_modules/minipass-flush/node_modules/minipass
3753 silly ADD node_modules/minipass-collect
3754 silly ADD node_modules/@npmcli/fs
3755 silly ADD node_modules/node-gyp
3756 silly ADD node_modules/node-gyp/node_modules/isexe
3757 silly ADD node_modules/node-gyp/node_modules/which
3758 silly ADD node_modules/node-gyp/node_modules/undici
3759 silly ADD node_modules/@npmcli/node-gyp
3760 silly ADD node_modules/spdx-expression-parse
3761 silly ADD node_modules/json-parse-even-better-errors
3762 silly ADD node_modules/glob
3763 silly ADD node_modules/npm-normalize-package-bin
3764 silly ADD node_modules/npm-bundled
3765 silly ADD node_modules/@gar/promise-retry
3766 silly ADD node_modules/tar
3767 silly ADD node_modules/tar/node_modules/yallist
3768 silly ADD node_modules/ssri
3769 silly ADD node_modules/sigstore
3770 silly ADD node_modules/promise-retry
3771 silly ADD node_modules/npm-registry-fetch
3772 silly ADD node_modules/npm-pick-manifest
3773 silly ADD node_modules/npm-packlist
3774 silly ADD node_modules/minipass
3775 silly ADD node_modules/fs-minipass
3776 silly ADD node_modules/cacache
3777 silly ADD node_modules/cacache/node_modules/lru-cache
3778 silly ADD node_modules/@npmcli/run-script
3779 silly ADD node_modules/@npmcli/promise-spawn
3780 silly ADD node_modules/@npmcli/promise-spawn/node_modules/isexe
3781 silly ADD node_modules/@npmcli/promise-spawn/node_modules/which
3782 silly ADD node_modules/@npmcli/package-json
3783 silly ADD node_modules/@npmcli/installed-package-contents
3784 silly ADD node_modules/@npmcli/git
3785 silly ADD node_modules/@npmcli/git/node_modules/isexe
3786 silly ADD node_modules/@npmcli/git/node_modules/which
3787 silly ADD node_modules/@npmcli/git/node_modules/lru-cache
3788 silly ADD node_modules/yoctocolors
3789 silly ADD node_modules/stdin-discarder
3790 silly ADD node_modules/log-symbols
3791 silly ADD node_modules/is-unicode-supported
3792 silly ADD node_modules/is-interactive
3793 silly ADD node_modules/cli-spinners
3794 silly ADD node_modules/chalk
3795 silly ADD node_modules/wrappy
3796 silly ADD node_modules/ee-first
3797 silly ADD node_modules/validate-npm-package-name
3798 silly ADD node_modules/proc-log
3799 silly ADD node_modules/hosted-git-info
3800 silly ADD node_modules/hosted-git-info/node_modules/lru-cache
3801 silly ADD node_modules/detect-libc
3802 silly ADD node_modules/es-toolkit
3803 silly ADD node_modules/@msgpackr-extract/msgpackr-extract-win32-x64
3804 silly ADD node_modules/msgpackr-extract
3805 silly ADD node_modules/mime-db
3806 silly ADD node_modules/yallist
3807 silly ADD node_modules/restore-cursor
3808 silly ADD node_modules/environment
3809 silly ADD node_modules/strip-ansi
3810 silly ADD node_modules/cli-cursor
3811 silly ADD node_modules/ansi-escapes
3812 silly ADD node_modules/weak-lru-cache
3813 silly ADD node_modules/ordered-binary
3814 silly ADD node_modules/node-gyp-build-optional-packages
3815 silly ADD node_modules/node-addon-api
3816 silly ADD node_modules/msgpackr
3817 silly ADD node_modules/@lmdb/lmdb-win32-x64
3818 silly ADD node_modules/@harperfast/extended-iterable
3819 silly ADD node_modules/string-width
3820 silly ADD node_modules/slice-ansi
3821 silly ADD node_modules/rfdc
3822 silly ADD node_modules/log-update
3823 silly ADD node_modules/log-update/node_modules/string-width
3824 silly ADD node_modules/log-update/node_modules/wrap-ansi
3825 silly ADD node_modules/log-update/node_modules/slice-ansi
3826 silly ADD node_modules/eventemitter3
3827 silly ADD node_modules/colorette
3828 silly ADD node_modules/cli-truncate
3829 silly ADD node_modules/@csstools/color-helpers
3830 silly ADD node_modules/@csstools/css-color-parser
3831 silly ADD node_modules/@csstools/css-tokenizer
3832 silly ADD node_modules/@csstools/css-parser-algorithms
3833 silly ADD node_modules/@csstools/css-calc
3834 silly ADD node_modules/@asamuzakjp/generational-cache
3835 silly ADD node_modules/@csstools/css-syntax-patches-for-csstree
3836 silly ADD node_modules/@asamuzakjp/css-color
3837 silly ADD node_modules/source-map-js
3838 silly ADD node_modules/mdn-data
3839 silly ADD node_modules/css-tree
3840 silly ADD node_modules/bidi-js
3841 silly ADD node_modules/@asamuzakjp/nwsapi
3842 silly ADD node_modules/xml-name-validator
3843 silly ADD node_modules/whatwg-url
3844 silly ADD node_modules/whatwg-mimetype
3845 silly ADD node_modules/webidl-conversions
3846 silly ADD node_modules/w3c-xmlserializer
3847 silly ADD node_modules/tough-cookie
3848 silly ADD node_modules/symbol-tree
3849 silly ADD node_modules/saxes
3850 silly ADD node_modules/is-potential-custom-element-name
3851 silly ADD node_modules/http-proxy-agent
3852 silly ADD node_modules/html-encoding-sniffer
3853 silly ADD node_modules/decimal.js
3854 silly ADD node_modules/data-urls
3855 silly ADD node_modules/cssstyle
3856 silly ADD node_modules/cssstyle/node_modules/lru-cache
3857 silly ADD node_modules/@exodus/bytes
3858 silly ADD node_modules/@bramus/specificity
3859 silly ADD node_modules/@asamuzakjp/dom-selector
3860 silly ADD node_modules/@asamuzakjp/dom-selector/node_modules/lru-cache
3861 silly ADD node_modules/@acemir/cssom
3862 silly ADD node_modules/istanbul-lib-coverage
3863 silly ADD node_modules/@istanbuljs/schema
3864 silly ADD node_modules/safer-buffer
3865 silly ADD node_modules/agent-base
3866 silly ADD node_modules/toidentifier
3867 silly ADD node_modules/setprototypeof
3868 silly ADD node_modules/inherits
3869 silly ADD node_modules/ip-address
3870 silly ADD node_modules/bytes
3871 silly ADD node_modules/negotiator
3872 silly ADD node_modules/type-is
3873 silly ADD node_modules/type-is/node_modules/content-type
3874 silly ADD node_modules/statuses
3875 silly ADD node_modules/serve-static
3876 silly ADD node_modules/send
3877 silly ADD node_modules/router
3878 silly ADD node_modules/range-parser
3879 silly ADD node_modules/qs
3880 silly ADD node_modules/proxy-addr
3881 silly ADD node_modules/parseurl
3882 silly ADD node_modules/once
3883 silly ADD node_modules/on-finished
3884 silly ADD node_modules/mime-types
3885 silly ADD node_modules/merge-descriptors
3886 silly ADD node_modules/http-errors
3887 silly ADD node_modules/fresh
3888 silly ADD node_modules/finalhandler
3889 silly ADD node_modules/etag
3890 silly ADD node_modules/escape-html
3891 silly ADD node_modules/encodeurl
3892 silly ADD node_modules/depd
3893 silly ADD node_modules/cookie-signature
3894 silly ADD node_modules/cookie
3895 silly ADD node_modules/content-disposition
3896 silly ADD node_modules/body-parser
3897 silly ADD node_modules/accepts
3898 silly ADD node_modules/@esbuild/win32-x64
3899 silly ADD node_modules/entities
3900 silly ADD node_modules/domelementtype
3901 silly ADD node_modules/ms
3902 silly ADD node_modules/nth-check
3903 silly ADD node_modules/domutils
3904 silly ADD node_modules/boolbase
3905 silly ADD node_modules/which
3906 silly ADD node_modules/shebang-command
3907 silly ADD node_modules/path-key
3908 silly ADD node_modules/vary
3909 silly ADD node_modules/object-assign
3910 silly ADD node_modules/readdirp
3911 silly ADD node_modules/@kurkle/color
3912 silly ADD node_modules/update-browserslist-db
3913 silly ADD node_modules/node-releases
3914 silly ADD node_modules/electron-to-chromium
3915 silly ADD node_modules/caniuse-lite
3916 silly ADD node_modules/baseline-browser-mapping
3917 silly ADD node_modules/postcss-safe-parser
3918 silly ADD node_modules/postcss-media-query-parser
3919 silly ADD node_modules/postcss
3920 silly ADD node_modules/htmlparser2
3921 silly ADD node_modules/htmlparser2/node_modules/entities
3922 silly ADD node_modules/domhandler
3923 silly ADD node_modules/dom-serializer
3924 silly ADD node_modules/css-what
3925 silly ADD node_modules/css-select
3926 silly ADD node_modules/@algolia/requester-node-http
3927 silly ADD node_modules/@algolia/requester-fetch
3928 silly ADD node_modules/@algolia/requester-browser-xhr
3929 silly ADD node_modules/@algolia/recommend
3930 silly ADD node_modules/@algolia/monitoring
3931 silly ADD node_modules/@algolia/ingestion
3932 silly ADD node_modules/@algolia/client-search
3933 silly ADD node_modules/@algolia/client-query-suggestions
3934 silly ADD node_modules/@algolia/client-personalization
3935 silly ADD node_modules/@algolia/client-insights
3936 silly ADD node_modules/@algolia/client-common
3937 silly ADD node_modules/@algolia/client-analytics
3938 silly ADD node_modules/@algolia/client-abtesting
3939 silly ADD node_modules/@algolia/abtesting
3940 silly ADD node_modules/require-from-string
3941 silly ADD node_modules/json-schema-traverse
3942 silly ADD node_modules/fast-uri
3943 silly ADD node_modules/fast-deep-equal
3944 silly ADD node_modules/zod-to-json-schema
3945 silly ADD node_modules/raw-body
3946 silly ADD node_modules/pkce-challenge
3947 silly ADD node_modules/json-schema-typed
3948 silly ADD node_modules/jose
3949 silly ADD node_modules/express-rate-limit
3950 silly ADD node_modules/express
3951 silly ADD node_modules/eventsource-parser
3952 silly ADD node_modules/eventsource
3953 silly ADD node_modules/cross-spawn
3954 silly ADD node_modules/cors
3955 silly ADD node_modules/content-type
3956 silly ADD node_modules/hono
3957 silly ADD node_modules/@hono/node-server
3958 silly ADD node_modules/@jridgewell/resolve-uri
3959 silly ADD node_modules/iconv-lite
3960 silly ADD node_modules/chardet
3961 silly ADD node_modules/@inquirer/external-editor
3962 silly ADD node_modules/@inquirer/select
3963 silly ADD node_modules/@inquirer/search
3964 silly ADD node_modules/@inquirer/rawlist
3965 silly ADD node_modules/@inquirer/password
3966 silly ADD node_modules/@inquirer/number
3967 silly ADD node_modules/@inquirer/input
3968 silly ADD node_modules/@inquirer/expand
3969 silly ADD node_modules/@inquirer/editor
3970 silly ADD node_modules/@inquirer/checkbox
3971 silly ADD node_modules/yoctocolors-cjs
3972 silly ADD node_modules/wrap-ansi
3973 silly ADD node_modules/wrap-ansi/node_modules/ansi-regex
3974 silly ADD node_modules/wrap-ansi/node_modules/is-fullwidth-code-point
3975 silly ADD node_modules/wrap-ansi/node_modules/emoji-regex
3976 silly ADD node_modules/wrap-ansi/node_modules/strip-ansi
3977 silly ADD node_modules/wrap-ansi/node_modules/string-width
3978 silly ADD node_modules/wrap-ansi/node_modules/ansi-styles
3979 silly ADD node_modules/signal-exit
3980 silly ADD node_modules/mute-stream
3981 silly ADD node_modules/cli-width
3982 silly ADD node_modules/@inquirer/figures
3983 silly ADD node_modules/@inquirer/ansi
3984 silly ADD node_modules/@inquirer/type
3985 silly ADD node_modules/@inquirer/core
3986 silly ADD node_modules/@babel/helper-string-parser
3987 silly ADD node_modules/@babel/helper-globals
3988 silly ADD node_modules/@babel/helper-module-imports
3989 silly ADD node_modules/lru-cache
3990 silly ADD node_modules/@babel/helper-validator-option
3991 silly ADD node_modules/@babel/compat-data
3992 silly ADD node_modules/jsesc
3993 silly ADD node_modules/picocolors
3994 silly ADD node_modules/js-tokens
3995 silly ADD node_modules/@babel/helper-validator-identifier
3996 silly ADD node_modules/json5
3997 silly ADD node_modules/gensync
3998 silly ADD node_modules/debug
3999 silly ADD node_modules/@jridgewell/remapping
4000 silly ADD node_modules/@babel/types
4001 silly ADD node_modules/@babel/traverse
4002 silly ADD node_modules/@babel/template
4003 silly ADD node_modules/@babel/parser
4004 silly ADD node_modules/@babel/helpers
4005 silly ADD node_modules/@babel/helper-module-transforms
4006 silly ADD node_modules/@babel/helper-compilation-targets
4007 silly ADD node_modules/@babel/helper-compilation-targets/node_modules/semver
4008 silly ADD node_modules/@babel/generator
4009 silly ADD node_modules/@babel/code-frame
4010 silly ADD node_modules/@standard-schema/spec
4011 silly ADD node_modules/reflect-metadata
4012 silly ADD node_modules/convert-source-map
4013 silly ADD node_modules/chokidar
4014 silly ADD node_modules/@jridgewell/sourcemap-codec
4015 silly ADD node_modules/ora
4016 silly ADD node_modules/zod
4017 silly ADD node_modules/yargs
4018 silly ADD node_modules/yargs/node_modules/string-width
4019 silly ADD node_modules/pacote
4020 silly ADD node_modules/npm-package-arg
4021 silly ADD node_modules/ini
4022 silly ADD node_modules/algoliasearch
4023 silly ADD node_modules/@yarnpkg/lockfile
4024 silly ADD node_modules/@schematics/angular
4025 silly ADD node_modules/@modelcontextprotocol/sdk
4026 silly ADD node_modules/@listr2/prompt-adapter-inquirer
4027 silly ADD node_modules/@inquirer/prompts
4028 silly ADD node_modules/@angular-devkit/schematics
4029 silly ADD node_modules/parse5
4030 silly ADD node_modules/parse5/node_modules/entities
4031 silly ADD node_modules/source-map
4032 silly ADD node_modules/ajv-formats
4033 silly ADD node_modules/ajv
4034 silly ADD node_modules/@angular-devkit/core
4035 silly ADD node_modules/@jridgewell/trace-mapping
4036 silly ADD node_modules/@jridgewell/gen-mapping
4037 silly ADD node_modules/watchpack
4038 silly ADD node_modules/undici
4039 silly ADD node_modules/tinyglobby
4040 silly ADD node_modules/source-map-support
4041 silly ADD node_modules/source-map-support/node_modules/source-map
4042 silly ADD node_modules/semver
4043 silly ADD node_modules/sass
4044 silly ADD node_modules/sass/node_modules/readdirp
4045 silly ADD node_modules/sass/node_modules/chokidar
4046 silly ADD node_modules/rolldown
4047 silly ADD node_modules/piscina
4048 silly ADD node_modules/picomatch
4049 silly ADD node_modules/parse5-html-rewriting-stream
4050 silly ADD node_modules/parse5-html-rewriting-stream/node_modules/entities
4051 silly ADD node_modules/mrmime
4052 silly ADD node_modules/magic-string
4053 silly ADD node_modules/lmdb
4054 silly ADD node_modules/listr2
4055 silly ADD node_modules/listr2/node_modules/string-width
4056 silly ADD node_modules/listr2/node_modules/wrap-ansi
4057 silly ADD node_modules/jsonc-parser
4058 silly ADD node_modules/istanbul-lib-instrument
4059 silly ADD node_modules/https-proxy-agent
4060 silly ADD node_modules/esbuild
4061 silly ADD node_modules/browserslist
4062 silly ADD node_modules/beasties
4063 silly ADD node_modules/vite
4064 silly ADD node_modules/@vitejs/plugin-basic-ssl
4065 silly ADD node_modules/@inquirer/confirm
4066 silly ADD node_modules/@babel/helper-split-export-declaration
4067 silly ADD node_modules/@babel/helper-annotate-as-pure
4068 silly ADD node_modules/@babel/core
4069 silly ADD node_modules/@babel/core/node_modules/semver
4070 silly ADD node_modules/@babel/core/node_modules/convert-source-map
4071 silly ADD node_modules/@angular-devkit/architect
4072 silly ADD node_modules/@ampproject/remapping
4073 silly ADD node_modules/vitest
4074 silly ADD node_modules/prettier
4075 silly ADD node_modules/@angular/cdk
4076 silly ADD node_modules/ng2-charts
4077 silly ADD node_modules/jsdom
4078 silly ADD node_modules/chart.js
4079 silly ADD node_modules/@angular/router
4080 silly ADD node_modules/@angular/platform-browser
4081 silly ADD node_modules/@angular/forms
4082 silly ADD node_modules/@angular/core
4083 silly ADD node_modules/rxjs
4084 silly ADD node_modules/@angular/common
4085 silly ADD node_modules/@angular/cli
4086 silly ADD node_modules/@angular/compiler-cli
4087 silly ADD node_modules/@angular/compiler
4088 silly ADD node_modules/typescript
4089 silly ADD node_modules/tslib
4090 silly ADD node_modules/@angular/build
4091 verbose cwd C:\Users\Joaquin\OneDrive\Desktop\Portfolio\3 InsightBoard\insightboard
4092 verbose os Windows_NT 10.0.26200
4093 verbose node v24.14.1
4094 verbose npm  v11.11.0
4095 verbose exit 0
4096 info ok
